正在用裁判日期切分查詢範圍（民國60年 ~ 115年），繞過500筆上限...
切分完成，共 107 個查詢區間，總筆數約 37253。
區間 (60, 1, 1)-(87, 11, 12)（90筆）已抓過，略過。
區間 (87, 11, 13)-(89, 8, 10)（313筆）已抓過，略過。
=== 開始抓取區間 (89, 8, 11)-(90, 6, 24)，預期 432 筆 ===
--- 正在抓取第 1 頁清單 ---
本頁共找到 20 筆案件，開始讀取內文...
成功解析（無表格，退回摘要）：臺灣高雄地方法院 90 年度 自 字第 203 號刑事裁定
成功解析（無表格，退回摘要）：臺灣高等法院 90 年度 上易 字第 3183 號刑事判決
成功解析（無表格，退回摘要）：臺灣新北地方法院 89 年度 易 字第 3639 號刑事判決
成功解析（無表格，退回摘要）：臺灣高等法院 90 年度 上易 字第 985 號刑事判決
成功解析（無表格，退回摘要）：臺灣高等法院 90 年度 上易 字第 1492 號刑事判決
成功解析（無表格，退回摘要）：臺灣高等法院 90 年度 上易 字第 1608 號刑事判決
成功解析（無表格，退回摘要）：臺灣臺東地方法院 90 年度 自 字第 4 號刑事判決
成功解析（無表格，退回摘要）：臺灣高等法院 90 年度 附民 字第 173 號刑事判決
成功解析（無表格，退回摘要）：臺灣高等法院 90 年度 上易 字第 1083 號刑事判決
成功解析（無表格，退回摘要）：臺灣苗栗地方法院 90 年度 自 字第 34 號刑事判決
成功解析（無表格，退回摘要）：臺灣彰化地方法院 89 年度 易 字第 1720 號刑事判決
成功解析（無表格，退回摘要）：臺灣臺東地方法院 90 年度 自 字第 26 號刑事裁定
成功解析（無表格，退回摘要）：臺灣屏東地方法院 90 年度 易 字第 465 號刑事判決
成功解析（無表格，退回摘要）：臺灣高等法院 90 年度 上易 字第 1476 號刑事判決
成功解析（無表格，退回摘要）：臺灣高雄地方法院 90 年度 附民 字第 259 號刑事裁定
成功解析（無表格，退回摘要）：臺灣高雄地方法院 90 年度 易 字第 1723 號刑事判決
成功解析（無表格，退回摘要）：臺灣高等法院 90 年度 上易 字第 857 號刑事判決
成功解析（無表格，退回摘要）：臺灣屏東地方法院 90 年度 易 字第 539 號刑事判決
成功解析（無表格，退回摘要）：臺灣高等法院 90 年度 上易 字第 1079 號刑事裁定
成功解析（無表格，退回摘要）：臺灣臺南地方法院 89 年度 易 字第 2928 號刑事判決
--- 正在抓取第 2 頁清單 ---
本頁共找到 20 筆案件，開始讀取內文...
成功解析（無表格，退回摘要）：臺灣雲林地方法院 89 年度 易 字第 562 號刑事判決
成功解析（無表格，退回摘要）：臺灣桃園地方法院 90 年度 易 字第 1007 號刑事判決
成功解析（無表格，退回摘要）：臺灣基隆地方法院 90 年度 自 字第 3 號刑事裁定
成功解析（無表格，退回摘要）：臺灣臺中地方法院 90 年度 自 字第 169 號刑事裁定
成功解析（無表格，退回摘要）：臺灣新竹地方法院 89 年度 自 字第 74 號刑事裁定
成功解析（無表格，退回摘要）：臺灣高雄地方法院 90 年度 易 字第 1422 號刑事判決
成功解析（無表格，退回摘要）：臺灣臺中地方法院 90 年度 自 字第 54 號刑事判決
成功解析（無表格，退回摘要）：臺灣高等法院 90 年度 上易 字第 1556 號刑事判決
成功解析（無表格，退回摘要）：臺灣臺中地方法院 90 年度 自 字第 367 號刑事裁定
成功解析（無表格，退回摘要）：臺灣臺中地方法院 89 年度 易 字第 1704 號刑事判決
成功解析（無表格，退回摘要）：臺灣士林地方法院 90 年度 易 字第 296 號刑事判決
成功解析（無表格，退回摘要）：臺灣臺北地方法院 89 年度 簡上 字第 284 號刑事判決
成功解析（無表格，退回摘要）：臺灣高等法院 臺中分院 90 年度 聲再 字第 123 號刑事裁定
成功解析（無表格，退回摘要）：臺灣臺南地方法院 89 年度 自 字第 283 號刑事判決
成功解析（無表格，退回摘要）：臺灣高等法院 90 年度 附民 字第 164 號刑事判決
成功解析（無表格，退回摘要）：臺灣高等法院 90 年度 上易 字第 1090 號刑事判決
成功解析（無表格，退回摘要）：臺灣高等法院 90 年度 附民 字第 169 號刑事判決
成功解析（無表格，退回摘要）：臺灣高等法院 90 年度 上易 字第 1487 號刑事判決
成功解析（無表格，退回摘要）：臺灣高等法院 高雄分院 90 年度 上易 字第 129 號刑事判決
成功解析（無表格，退回摘要）：臺灣苗栗地方法院 88 年度 易 字第 619 號刑事其他文書
--- 正在抓取第 3 頁清單 ---
本頁共找到 20 筆案件，開始讀取內文...
成功解析（無表格，退回摘要）：臺灣新竹地方法院 90 年度 易 字第 251 號刑事判決
成功解析（無表格，退回摘要）：臺灣高等法院 高雄分院 90 年度 上易 字第 776 號刑事判決
成功解析（無表格，退回摘要）：臺灣高等法院 臺南分院 90 年度 附民 字第 121 號刑事判決
成功解析（無表格，退回摘要）：臺灣高等法院 臺南分院 90 年度 上易 字第 478 號刑事判決
成功解析（無表格，退回摘要）：臺灣新北地方法院 89 年度 易 字第 4610 號刑事判決
成功解析（無表格，退回摘要）：臺灣新北地方法院 89 年度 易 字第 4610 號刑事判決
成功解析（無表格，退回摘要）：臺灣臺南地方法院 89 年度 易 字第 2964 號刑事判決
成功解析（無表格，退回摘要）：臺灣高等法院 90 年度 上易 字第 382 號刑事判決
成功解析（無表格，退回摘要）：臺灣臺中地方法院 90 年度 易 字第 1285 號刑事判決
成功解析（無表格，退回摘要）：臺灣高雄地方法院 89 年度 附民 字第 318 號刑事判決
成功解析（無表格，退回摘要）：臺灣高雄地方法院 89 年度 自 字第 255 號刑事判決
成功解析（無表格，退回摘要）：臺灣高等法院 90 年度 上易 字第 1242 號刑事判決
成功解析（無表格，退回摘要）：臺灣基隆地方法院 90 年度 自 字第 14 號刑事裁定
成功解析（無表格，退回摘要）：臺灣臺北地方法院 89 年度 自 字第 147 號刑事判決
成功解析（無表格，退回摘要）：臺灣高等法院 花蓮分院 90 年度 上易 字第 107 號刑事判決
成功解析（無表格，退回摘要）：臺灣高等法院 臺南分院 90 年度 上易 字第 553 號刑事判決
成功解析（無表格，退回摘要）：臺灣高等法院 90 年度 附民 字第 143 號刑事裁定
成功解析（無表格，退回摘要）：臺灣高等法院 90 年度 上易 字第 897 號刑事判決
成功解析（無表格，退回摘要）：最高法院 90 年度 台抗 字第 194 號刑事裁定
成功解析（無表格，退回摘要）：臺灣新北地方法院 90 年度 易 字第 752 號刑事判決
--- 正在抓取第 4 頁清單 ---
本頁共找到 20 筆案件，開始讀取內文...
成功解析（無表格，退回摘要）：臺灣臺南地方法院 90 年度 易 字第 645 號刑事判決
成功解析（無表格，退回摘要）：臺灣高等法院 90 年度 附民 字第 113 號刑事判決
成功解析（無表格，退回摘要）：臺灣高等法院 90 年度 上易 字第 249 號刑事判決
成功解析（無表格，退回摘要）：臺灣高等法院 90 年度 附民 字第 166 號刑事裁定
成功解析（無表格，退回摘要）：臺灣雲林地方法院 89 年度 易 字第 562 號刑事裁定
成功解析（無表格，退回摘要）：臺灣嘉義地方法院 90 年度 簡 字第 395 號刑事判決
成功解析（無表格，退回摘要）：臺灣新北地方法院 90 年度 易 字第 1372 號刑事判決
成功解析（無表格，退回摘要）：臺灣臺中地方法院 89 年度 易 字第 4246 號刑事判決
成功解析（無表格，退回摘要）：臺灣高等法院 89 年度 抗 字第 533 號刑事裁定
成功解析（無表格，退回摘要）：臺灣高等法院 臺中分院 90 年度 聲再 字第 61 號刑事裁定
成功解析（無表格，退回摘要）：臺灣高雄地方法院 90 年度 易 字第 1270 號刑事判決
成功解析（無表格，退回摘要）：臺灣高雄地方法院 90 年度 易 字第 1175 號刑事判決
成功解析（無表格，退回摘要）：臺灣高等法院 89 年度 上易 字第 4790 號刑事判決
成功解析（無表格，退回摘要）：臺灣臺中地方法院 89 年度 易 字第 3801 號刑事判決
成功解析（無表格，退回摘要）：臺灣高等法院 高雄分院 90 年度 上易 字第 554 號刑事判決
成功解析（無表格，退回摘要）：臺灣嘉義地方法院 90 年度 易 字第 209 號刑事判決
成功解析（無表格，退回摘要）：臺灣高等法院 高雄分院 90 年度 上易 字第 581 號刑事判決
成功解析（無表格，退回摘要）：臺灣高等法院 90 年度 上易 字第 865 號刑事判決
成功解析（無表格，退回摘要）：臺灣高等法院 90 年度 上易 字第 562 號刑事判決
成功解析（無表格，退回摘要）：臺灣臺中地方法院 90 年度 易 字第 326 號刑事判決
--- 正在抓取第 5 頁清單 ---
本頁共找到 20 筆案件，開始讀取內文...
成功解析（無表格，退回摘要）：臺灣高等法院 臺中分院 89 年度 附民 字第 527 號刑事判決
成功解析（無表格，退回摘要）：臺灣高等法院 89 年度 上易 字第 4238 號刑事判決
成功解析（無表格，退回摘要）：臺灣新竹地方法院 89 年度 自 字第 74 號刑事判決
成功解析（無表格，退回摘要）：臺灣宜蘭地方法院 90 年度 易 字第 100 號刑事判決
成功解析（無表格，退回摘要）：臺灣士林地方法院 89 年度 易 字第 1042 號刑事其他文書
成功解析（無表格，退回摘要）：臺灣新竹地方法院 90 年度 易 字第 384 號刑事判決
成功解析（無表格，退回摘要）：臺灣高等法院 臺南分院 90 年度 上易 字第 478 號刑事裁定
成功解析（無表格，退回摘要）：臺灣新北地方法院 90 年度 自 字第 122 號刑事判決
成功解析（無表格，退回摘要）：臺灣臺北地方法院 89 年度 附民 字第 138 號刑事判決
成功解析（無表格，退回摘要）：臺灣臺北地方法院 89 年度 易 字第 430 號刑事判決
成功解析（無表格，退回摘要）：最高法院 90 年度 台抗 字第 151 號刑事裁定
成功解析（無表格，退回摘要）：最高法院 90 年度 台抗 字第 150 號刑事裁定
成功解析（無表格，退回摘要）：臺灣高等法院 90 年度 上易 字第 3235 號刑事判決
成功解析（無表格，退回摘要）：臺灣高等法院 90 年度 重附民 字第 42 號刑事裁定
成功解析（無表格，退回摘要）：臺灣高等法院 90 年度 上易 字第 841 號刑事判決
成功解析（無表格，退回摘要）：臺灣高等法院 90 年度 上易 字第 263 號刑事判決
成功解析（無表格，退回摘要）：臺灣苗栗地方法院 88 年度 易 字第 619 號刑事裁定
成功解析（無表格，退回摘要）：臺灣高等法院 臺中分院 90 年度 附民 字第 132 號刑事裁定
成功解析（無表格，退回摘要）：臺灣高等法院 臺中分院 90 年度 附民 字第 131 號刑事裁定
成功解析（無表格，退回摘要）：臺灣高等法院 臺中分院 90 年度 上易 字第 340 號刑事判決
--- 正在抓取第 6 頁清單 ---
本頁共找到 20 筆案件，開始讀取內文...
成功解析（無表格，退回摘要）：臺灣高雄地方法院 90 年度 附民 字第 10 號刑事判決
成功解析（無表格，退回摘要）：臺灣基隆地方法院 90 年度 易 字第 173 號刑事判決
成功解析（無表格，退回摘要）：臺灣高雄地方法院 89 年度 自 字第 584 號刑事判決
成功解析（無表格，退回摘要）：臺灣臺中地方法院 90 年度 易 字第 164 號刑事判決
成功解析（無表格，退回摘要）：臺灣基隆地方法院 89 年度 易 字第 590 號刑事判決
成功解析（無表格，退回摘要）：臺灣基隆地方法院 89 年度 自 字第 71 號刑事裁定
成功解析（無表格，退回摘要）：臺灣高雄地方法院 90 年度 易 字第 216 號刑事判決
成功解析（無表格，退回摘要）：臺灣高等法院 90 年度 上易 字第 40 號刑事判決
成功解析（無表格，退回摘要）：臺灣臺中地方法院 90 年度 易 字第 164 號刑事裁定
成功解析（無表格，退回摘要）：臺灣新北地方法院 90 年度 易 字第 748 號刑事判決
成功解析（無表格，退回摘要）：臺灣高等法院 90 年度 上易 字第 268 號刑事判決
成功解析（無表格，退回摘要）：臺灣嘉義地方法院 89 年度 易 字第 1197 號刑事判決
成功解析（無表格，退回摘要）：臺灣新北地方法院 90 年度 易 字第 787 號刑事判決
成功解析（無表格，退回摘要）：臺灣高等法院 臺南分院 90 年度 附民上 字第 39 號刑事裁定
成功解析（無表格，退回摘要）：臺灣高等法院 臺中分院 90 年度 附民 字第 101 號刑事判決
成功解析（無表格，退回摘要）：臺灣高等法院 90 年度 上易 字第 1079 號刑事判決
成功解析（無表格，退回摘要）：臺灣高等法院 臺中分院 90 年度 上易 字第 403 號刑事判決
成功解析（無表格，退回摘要）：臺灣高等法院 臺南分院 90 年度 上易 字第 314 號刑事判決
成功解析（無表格，退回摘要）：臺灣高等法院 90 年度 附民 字第 118 號刑事判決
成功解析（無表格，退回摘要）：臺灣高等法院 90 年度 上易 字第 406 號刑事判決
--- 正在抓取第 7 頁清單 ---
本頁共找到 20 筆案件，開始讀取內文...
成功解析（無表格，退回摘要）：臺灣高雄地方法院 89 年度 附民 字第 616 號刑事裁定
成功解析（無表格，退回摘要）：臺灣高雄地方法院 89 年度 易 字第 4021 號刑事判決
成功解析（無表格，退回摘要）：臺灣屏東地方法院 90 年度 易 字第 106 號刑事判決
成功解析（無表格，退回摘要）：臺灣高等法院 90 年度 重附民上 字第 23 號刑事判決
成功解析（無表格，退回摘要）：臺灣高等法院 89 年度 上易 字第 3628 號刑事判決
成功解析（無表格，退回摘要）：臺灣臺中地方法院 89 年度 易 字第 3801 號刑事裁定
成功解析（無表格，退回摘要）：臺灣高等法院 89 年度 附民上 字第 147 號刑事判決
成功解析（無表格，退回摘要）：臺灣高等法院 89 年度 附民上 字第 120 號刑事判決
成功解析（無表格，退回摘要）：臺灣高等法院 90 年度 上易 字第 1720 號刑事判決
成功解析（無表格，退回摘要）：臺灣新竹地方法院 89 年度 易 字第 460 號刑事判決
成功解析（無表格，退回摘要）：臺灣高等法院 臺南分院 90 年度 上易 字第 288 號刑事判決
成功解析（無表格，退回摘要）：臺灣臺東地方法院 90 年度 自 字第 4 號刑事裁定
成功解析（無表格，退回摘要）：臺灣新北地方法院 89 年度 附民 字第 330 號刑事判決
成功解析（無表格，退回摘要）：臺灣新北地方法院 89 年度 附民 字第 330 號刑事裁定
成功解析（無表格，退回摘要）：臺灣彰化地方法院 90 年度 易 字第 206 號刑事判決
成功解析（無表格，退回摘要）：臺灣新北地方法院 89 年度 易 字第 864 號刑事判決
成功解析（無表格，退回摘要）：臺灣高等法院 90 年度 上易 字第 899 號刑事裁定
成功解析（無表格，退回摘要）：臺灣基隆地方法院 89 年度 自 字第 87 號刑事判決
成功解析（無表格，退回摘要）：臺灣高雄地方法院 90 年度 自 字第 8 號刑事判決
成功解析（無表格，退回摘要）：臺灣臺南地方法院 90 年度 易 字第 52 號刑事裁定
--- 正在抓取第 8 頁清單 ---
本頁共找到 20 筆案件，開始讀取內文...
成功解析（無表格，退回摘要）：臺灣高雄地方法院 89 年度 自 字第 606 號刑事裁定
成功解析（無表格，退回摘要）：臺灣新北地方法院 90 年度 自 字第 82 號刑事判決
成功解析（無表格，退回摘要）：臺灣高等法院 89 年度 附民上 字第 117 號刑事裁定
成功解析（無表格，退回摘要）：臺灣高等法院 高雄分院 90 年度 附民 字第 27 號刑事判決
成功解析（無表格，退回摘要）：臺灣高等法院 89 年度 上易 字第 3595 號刑事判決
成功解析（無表格，退回摘要）：臺灣高等法院 90 年度 附民 字第 72 號刑事判決
成功解析（無表格，退回摘要）：臺灣高等法院 90 年度 附民 字第 70 號刑事裁定
成功解析（無表格，退回摘要）：臺灣高等法院 臺中分院 90 年度 附民 字第 76 號刑事判決
成功解析（無表格，退回摘要）：臺灣高等法院 臺中分院 90 年度 上易 字第 50 號刑事判決
成功解析（無表格，退回摘要）：臺灣高等法院 高雄分院 90 年度 上易 字第 222 號刑事判決
成功解析（無表格，退回摘要）：臺灣高等法院 臺南分院 90 年度 上易 字第 145 號刑事判決
成功解析（無表格，退回摘要）：臺灣臺東地方法院 90 年度 易 字第 62 號刑事判決
成功解析（無表格，退回摘要）：臺灣嘉義地方法院 90 年度 易 字第 64 號刑事判決
成功解析（無表格，退回摘要）：臺灣南投地方法院 90 年度 自 字第 13 號刑事裁定
成功解析（無表格，退回摘要）：臺灣嘉義地方法院 90 年度 易 字第 41 號刑事判決
成功解析（無表格，退回摘要）：臺灣高等法院 90 年度 抗 字第 3 號刑事裁定
成功解析（無表格，退回摘要）：臺灣嘉義地方法院 90 年度 易 字第 42 號刑事判決
成功解析（無表格，退回摘要）：臺灣臺南地方法院 89 年度 南簡上 字第 180 號刑事判決
成功解析（無表格，退回摘要）：臺灣士林地方法院 89 年度 自 字第 219 號刑事判決
成功解析（無表格，退回摘要）：臺灣高雄地方法院 89 年度 自 字第 617 號刑事判決
--- 正在抓取第 9 頁清單 ---
本頁共找到 20 筆案件，開始讀取內文...
成功解析（無表格，退回摘要）：臺灣高雄地方法院 89 年度 自 字第 620 號刑事判決
成功解析（無表格，退回摘要）：臺灣高等法院 91 年度 上易 字第 424 號刑事判決
成功解析（無表格，退回摘要）：臺灣新北地方法院 90 年度 易 字第 344 號刑事判決
成功解析（無表格，退回摘要）：臺灣高等法院 臺中分院 89 年度 上易 字第 2609 號刑事裁定
成功解析（無表格，退回摘要）：臺灣高等法院 90 年度 上易 字第 1565 號刑事判決
成功解析（無表格，退回摘要）：臺灣基隆地方法院 89 年度 基簡 字第 946 號刑事判決
成功解析（無表格，退回摘要）：臺灣基隆地方法院 89 年度 易 字第 338 號刑事判決
成功解析（無表格，退回摘要）：臺灣臺東地方法院 90 年度 易 字第 36 號刑事判決
成功解析（無表格，退回摘要）：臺灣臺北地方法院 89 年度 自 字第 871 號刑事判決
成功解析（無表格，退回摘要）：臺灣基隆地方法院 88 年度 自 字第 83 號刑事裁定
成功解析（無表格，退回摘要）：臺灣新北地方法院 89 年度 易 字第 4564 號刑事判決
成功解析（無表格，退回摘要）：臺灣新北地方法院 90 年度 易 字第 456 號刑事判決
成功解析（無表格，退回摘要）：臺灣雲林地方法院 89 年度 易 字第 671 號刑事判決
成功解析（無表格，退回摘要）：臺灣臺南地方法院 89 年度 自 字第 496 號刑事判決
成功解析（無表格，退回摘要）：臺灣高雄地方法院 90 年度 附民 字第 27 號刑事判決
成功解析（無表格，退回摘要）：臺灣屏東地方法院 89 年度 易 字第 1267 號刑事判決
成功解析（無表格，退回摘要）：臺灣高等法院 90 年度 上易 字第 844 號刑事判決
成功解析（無表格，退回摘要）：臺灣臺北地方法院 89 年度 自 字第 1101 號刑事判決
成功解析（無表格，退回摘要）：臺灣屏東地方法院 89 年度 易 字第 934 號刑事判決
成功解析（無表格，退回摘要）：臺灣高等法院 91 年度 上易 字第 2392 號刑事裁定
--- 正在抓取第 10 頁清單 ---
本頁共找到 20 筆案件，開始讀取內文...
成功解析（無表格，退回摘要）：臺灣高等法院 高雄分院 90 年度 附民 字第 8 號刑事裁定
成功解析（無表格，退回摘要）：臺灣高等法院 高雄分院 89 年度 上易 字第 2164 號刑事判決
成功解析（無表格，退回摘要）：臺灣基隆地方法院 90 年度 基簡 字第 4 號刑事判決
成功解析（無表格，退回摘要）：臺灣桃園地方法院 89 年度 簡上 字第 95 號刑事判決
成功解析（無表格，退回摘要）：臺灣花蓮地方法院 89 年度 易 字第 682 號刑事判決
成功解析（無表格，退回摘要）：臺灣高雄地方法院 89 年度 易 字第 4401 號刑事判決
成功解析（無表格，退回摘要）：臺灣臺北地方法院 89 年度 附民 字第 241 號刑事判決
成功解析（無表格，退回摘要）：臺灣臺北地方法院 89 年度 易 字第 50 號刑事判決
成功解析（無表格，退回摘要）：臺灣屏東地方法院 89 年度 易 字第 1651 號刑事判決
成功解析（無表格，退回摘要）：臺灣臺南地方法院 89 年度 易 字第 2693 號刑事判決
成功解析（無表格，退回摘要）：臺灣新竹地方法院 89 年度 易 字第 1383 號刑事判決
成功解析（無表格，退回摘要）：臺灣臺中地方法院 89 年度 易 字第 3922 號刑事判決
成功解析（無表格，退回摘要）：臺灣臺中地方法院 89 年度 易 字第 3578 號刑事判決
成功解析（無表格，退回摘要）：臺灣臺中地方法院 89 年度 自 字第 810 號刑事判決
成功解析（無表格，退回摘要）：臺灣高等法院 89 年度 上易 字第 2869 號刑事判決
成功解析（無表格，退回摘要）：最高法院 90 年度 台附 字第 1 號刑事判決
成功解析（無表格，退回摘要）：臺灣高雄地方法院 90 年度 自 字第 510 號刑事判決
成功解析（無表格，退回摘要）：臺灣臺北地方法院 88 年度 易 字第 2365 號刑事判決
成功解析（無表格，退回摘要）：臺灣桃園地方法院 89 年度 易 字第 352 號刑事判決
成功解析（無表格，退回摘要）：臺灣臺北地方法院 89 年度 附民 字第 483 號刑事判決
--- 正在抓取第 11 頁清單 ---
本頁共找到 20 筆案件，開始讀取內文...
成功解析（無表格，退回摘要）：臺灣雲林地方法院 89 年度 易 字第 986 號刑事判決
成功解析（無表格，退回摘要）：臺灣新竹地方法院 89 年度 易 字第 1141 號刑事判決
成功解析（無表格，退回摘要）：臺灣臺北地方法院 88 年度 易 字第 1531 號刑事判決
成功解析（無表格，退回摘要）：臺灣臺南地方法院 89 年度 易 字第 1640 號刑事判決
成功解析（無表格，退回摘要）：臺灣臺北地方法院 89 年度 附民 字第 473 號刑事判決
成功解析（無表格，退回摘要）：臺灣臺北地方法院 89 年度 自 字第 900 號刑事判決
成功解析（無表格，退回摘要）：臺灣高等法院 89 年度 上易 字第 3980 號刑事判決
成功解析（無表格，退回摘要）：臺灣高等法院 90 年度 上易 字第 493 號刑事判決
成功解析（無表格，退回摘要）：臺灣屏東地方法院 89 年度 易 字第 1668 號刑事判決
成功解析（無表格，退回摘要）：臺灣新北地方法院 89 年度 易 字第 4019 號刑事判決
成功解析（無表格，退回摘要）：臺灣苗栗地方法院 89 年度 易 字第 571 號刑事判決
成功解析（無表格，退回摘要）：臺灣高等法院 臺中分院 89 年度 上易 字第 2861 號刑事判決
成功解析（無表格，退回摘要）：臺灣高等法院 臺中分院 90 年度 上易 字第 259 號刑事判決
成功解析（無表格，退回摘要）：臺灣高等法院 臺南分院 89 年度 上易 字第 1984 號刑事判決
成功解析（無表格，退回摘要）：臺灣高等法院 臺中分院 89 年度 附民上 字第 469 號刑事判決
成功解析（無表格，退回摘要）：臺灣高等法院 90 年度 上易 字第 266 號刑事判決
成功解析（無表格，退回摘要）：臺灣臺中地方法院 89 年度 易 字第 3763 號刑事判決
成功解析（無表格，退回摘要）：臺灣高等法院 89 年度 重附民 字第 155 號刑事判決
成功解析（無表格，退回摘要）：臺灣高等法院 高雄分院 89 年度 上易 字第 1515 號刑事判決
成功解析（無表格，退回摘要）：臺灣高雄地方法院 89 年度 易 字第 3640 號刑事判決
--- 正在抓取第 12 頁清單 ---
本頁共找到 20 筆案件，開始讀取內文...
成功解析（無表格，退回摘要）：臺灣高等法院 90 年度 上易 字第 597 號刑事判決
成功解析（無表格，退回摘要）：臺灣高雄地方法院 89 年度 易 字第 4956 號刑事判決
成功解析（無表格，退回摘要）：臺灣高等法院 臺中分院 89 年度 附民 字第 473 號刑事判決
成功解析（無表格，退回摘要）：臺灣高等法院 90 年度 上易 字第 332 號刑事判決
成功解析（無表格，退回摘要）：臺灣高等法院 臺中分院 89 年度 上易 字第 2269 號刑事判決
成功解析（無表格，退回摘要）：臺灣高雄地方法院 89 年度 易 字第 5001 號刑事判決
成功解析（無表格，退回摘要）：臺灣臺南地方法院 89 年度 易 字第 2869 號刑事判決
成功解析（無表格，退回摘要）：臺灣臺南地方法院 89 年度 易 字第 1309 號刑事判決
成功解析（無表格，退回摘要）：臺灣高等法院 90 年度 上易 字第 199 號刑事判決
成功解析（無表格，退回摘要）：臺灣嘉義地方法院 89 年度 易 字第 1036 號刑事判決
成功解析（無表格，退回摘要）：臺灣高等法院 90 年度 附民上 字第 10 號刑事判決
成功解析（無表格，退回摘要）：臺灣高等法院 90 年度 上易 字第 450 號刑事判決
成功解析（無表格，退回摘要）：臺灣高等法院 89 年度 上易 字第 3647 號刑事判決
成功解析（無表格，退回摘要）：臺灣新北地方法院 89 年度 附民 字第 466 號刑事判決
成功解析（無表格，退回摘要）：臺灣新北地方法院 89 年度 易 字第 3567 號刑事判決
成功解析（無表格，退回摘要）：臺灣臺北地方法院 89 年度 自 字第 627 號刑事判決
成功解析（無表格，退回摘要）：臺灣臺北地方法院 89 年度 自 字第 627 號刑事判決
成功解析（無表格，退回摘要）：臺灣高等法院 臺南分院 89 年度 上易 字第 1796 號刑事判決
成功解析（無表格，退回摘要）：臺灣雲林地方法院 89 年度 易 字第 905 號刑事判決
成功解析（無表格，退回摘要）：臺灣高等法院 90 年度 上易 字第 710 號刑事判決
--- 正在抓取第 13 頁清單 ---
本頁共找到 20 筆案件，開始讀取內文...
成功解析（無表格，退回摘要）：臺灣高等法院 臺南分院 89 年度 附民上 字第 271 號刑事判決
成功解析（無表格，退回摘要）：臺灣高等法院 89 年度 上易 字第 3875 號刑事判決
成功解析（無表格，退回摘要）：臺灣高等法院 臺南分院 89 年度 上易 字第 1417 號刑事判決
成功解析（無表格，退回摘要）：臺灣嘉義地方法院 89 年度 簡 字第 683 號刑事判決
成功解析（無表格，退回摘要）：臺灣臺南地方法院 88 年度 易 字第 1097 號刑事判決
成功解析（無表格，退回摘要）：臺灣臺北地方法院 89 年度 自 字第 789 號刑事裁定
成功解析（無表格，退回摘要）：臺灣花蓮地方法院 89 年度 易 字第 682 號刑事裁定
成功解析（無表格，退回摘要）：臺灣高雄地方法院 89 年度 易 字第 4416 號刑事判決
成功解析（無表格，退回摘要）：臺灣新北地方法院 89 年度 易 字第 2320 號刑事判決
成功解析（無表格，退回摘要）：臺灣嘉義地方法院 89 年度 簡 字第 620 號刑事判決
成功解析（無表格，退回摘要）：臺灣高等法院 90 年度 上易 字第 1 號刑事判決
成功解析（無表格，退回摘要）：臺灣臺北地方法院 89 年度 自 字第 670 號刑事判決
成功解析（無表格，退回摘要）：臺灣臺北地方法院 89 年度 自 字第 670 號刑事判決
成功解析（無表格，退回摘要）：臺灣高等法院 高雄分院 89 年度 上易 字第 2199 號刑事判決
成功解析（無表格，退回摘要）：臺灣臺南地方法院 89 年度 易 字第 1640 號刑事裁定
成功解析（無表格，退回摘要）：臺灣彰化地方法院 89 年度 易 字第 1191 號刑事判決
成功解析（無表格，退回摘要）：臺灣屏東地方法院 89 年度 易 字第 1443 號刑事判決
成功解析（無表格，退回摘要）：臺灣高雄地方法院 89 年度 自 字第 247 號刑事判決
成功解析（無表格，退回摘要）：臺灣高等法院 高雄分院 89 年度 附民上 字第 68 號刑事裁定
成功解析（無表格，退回摘要）：臺灣高等法院 高雄分院 89 年度 附民 字第 214 號刑事裁定
--- 正在抓取第 14 頁清單 ---
本頁共找到 20 筆案件，開始讀取內文...
成功解析（無表格，退回摘要）：臺灣高等法院 高雄分院 89 年度 上易 字第 1714 號刑事判決
成功解析（無表格，退回摘要）：臺灣雲林地方法院 89 年度 易 字第 671 號刑事裁定
成功解析（無表格，退回摘要）：臺灣臺南地方法院 89 年度 易 字第 2321 號刑事判決
成功解析（無表格，退回摘要）：臺灣宜蘭地方法院 90 年度 簡上 字第 3 號刑事判決
成功解析（無表格，退回摘要）：臺灣高等法院 89 年度 上易 字第 4754 號刑事判決
成功解析（無表格，退回摘要）：臺灣臺中地方法院 89 年度 自 字第 719 號刑事判決
成功解析（無表格，退回摘要）：臺灣高雄地方法院 89 年度 自 字第 447 號刑事裁定
成功解析（無表格，退回摘要）：臺灣新竹地方法院 89 年度 簡上 字第 6 號刑事判決
成功解析（無表格，退回摘要）：臺灣高雄地方法院 89 年度 自 字第 478 號刑事判決
成功解析（無表格，退回摘要）：臺灣高等法院 臺南分院 89 年度 附民 字第 347 號刑事裁定
成功解析（無表格，退回摘要）：臺灣高等法院 臺南分院 89 年度 附民 字第 344 號刑事裁定
成功解析（無表格，退回摘要）：臺灣高等法院 89 年度 上易 字第 3579 號刑事判決
成功解析（無表格，退回摘要）：臺灣屏東地方法院 89 年度 易 字第 1188 號刑事判決
成功解析（無表格，退回摘要）：臺灣高等法院 89 年度 上易 字第 4670 號刑事判決
成功解析（無表格，退回摘要）：臺灣高等法院 89 年度 上易 字第 4670 號刑事判決
成功解析（無表格，退回摘要）：臺灣高等法院 高雄分院 89 年度 上易 字第 2178 號刑事判決
成功解析（無表格，退回摘要）：臺灣高雄地方法院 88 年度 自 字第 462 號刑事判決
成功解析（無表格，退回摘要）：臺灣高等法院 高雄分院 89 年度 上易 字第 1593 號刑事判決
成功解析（無表格，退回摘要）：臺灣桃園地方法院 89 年度 自 字第 163 號刑事判決
成功解析（無表格，退回摘要）：臺灣高等法院 89 年度 上易 字第 4767 號刑事判決
--- 正在抓取第 15 頁清單 ---
本頁共找到 20 筆案件，開始讀取內文...
成功解析（無表格，退回摘要）：臺灣高雄地方法院 89 年度 易 字第 2511 號刑事判決
成功解析（無表格，退回摘要）：臺灣高等法院 花蓮分院 90 年度 上易 字第 12 號刑事判決
成功解析（無表格，退回摘要）：臺灣花蓮地方法院 89 年度 易 字第 723 號刑事判決
成功解析（無表格，退回摘要）：臺灣高等法院 89 年度 上易 字第 3459 號刑事判決
成功解析（無表格，退回摘要）：臺灣高等法院 高雄分院 89 年度 上易 字第 1498 號刑事判決
成功解析（無表格，退回摘要）：臺灣高雄地方法院 89 年度 附民 字第 659 號刑事裁定
成功解析（無表格，退回摘要）：臺灣高雄地方法院 89 年度 易 字第 1807 號刑事判決
成功解析（無表格，退回摘要）：臺灣高雄地方法院 89 年度 自 字第 166 號刑事其他文書
成功解析（無表格，退回摘要）：臺灣桃園地方法院 89 年度 自 字第 155 號刑事判決
成功解析（無表格，退回摘要）：臺灣高等法院 89 年度 上易 字第 3299 號刑事判決
成功解析（無表格，退回摘要）：臺灣高等法院 89 年度 附民 字第 456 號刑事判決
成功解析（無表格，退回摘要）：臺灣高等法院 89 年度 上易 字第 3187 號刑事判決
成功解析（無表格，退回摘要）：臺灣臺南地方法院 89 年度 易 字第 2677 號刑事判決
成功解析（無表格，退回摘要）：臺灣高雄地方法院 89 年度 易 字第 4444 號刑事判決
成功解析（無表格，退回摘要）：臺灣臺中地方法院 89 年度 自 字第 363 號刑事判決
成功解析（無表格，退回摘要）：臺灣高等法院 89 年度 上易 字第 4700 號刑事判決
成功解析（無表格，退回摘要）：臺灣雲林地方法院 89 年度 易 字第 774 號刑事判決
成功解析（無表格，退回摘要）：臺灣新北地方法院 89 年度 易 字第 3407 號刑事判決
成功解析（無表格，退回摘要）：臺灣高等法院 89 年度 上易 字第 4579 號刑事判決
成功解析（無表格，退回摘要）：臺灣高等法院 89 年度 上易 字第 4469 號刑事判決
--- 正在抓取第 16 頁清單 ---
本頁共找到 20 筆案件，開始讀取內文...
成功解析（無表格，退回摘要）：臺灣高等法院 高雄分院 90 年度 上易 字第 55 號刑事判決
成功解析（無表格，退回摘要）：臺灣臺北地方法院 89 年度 附民 字第 460 號刑事裁定
成功解析（無表格，退回摘要）：臺灣臺北地方法院 89 年度 附民 字第 460 號刑事裁定
成功解析（無表格，退回摘要）：臺灣臺北地方法院 89 年度 附民 字第 418 號刑事判決
成功解析（無表格，退回摘要）：臺灣臺北地方法院 89 年度 附民 字第 418 號刑事判決
成功解析（無表格，退回摘要）：臺灣臺北地方法院 89 年度 自 字第 440 號刑事判決
成功解析（無表格，退回摘要）：臺灣高雄地方法院 89 年度 自 字第 447 號刑事判決
成功解析（無表格，退回摘要）：臺灣高等法院 89 年度 上易 字第 4499 號刑事判決
成功解析（無表格，退回摘要）：臺灣新北地方法院 89 年度 易 字第 2626 號刑事判決
成功解析（無表格，退回摘要）：臺灣高等法院 89 年度 重附民 字第 127 號刑事判決
成功解析（無表格，退回摘要）：臺灣臺北地方法院 89 年度 自 字第 627 號刑事裁定
成功解析（無表格，退回摘要）：臺灣臺北地方法院 89 年度 自 字第 627 號刑事裁定
成功解析（無表格，退回摘要）：臺灣臺中地方法院 89 年度 自 字第 296 號刑事判決
成功解析（無表格，退回摘要）：臺灣高等法院 90 年度 上易 字第 63 號刑事判決
成功解析（無表格，退回摘要）：臺灣高等法院 高雄分院 89 年度 上易 字第 1551 號刑事判決
成功解析（無表格，退回摘要）：臺灣臺南地方法院 89 年度 易 字第 1693 號刑事判決
成功解析（無表格，退回摘要）：臺灣桃園地方法院 88 年度 易 字第 1822 號刑事判決
成功解析（無表格，退回摘要）：臺灣高等法院 高雄分院 89 年度 附民 字第 189 號刑事裁定
成功解析（無表格，退回摘要）：臺灣高等法院 89 年度 抗 字第 409 號刑事裁定
成功解析（無表格，退回摘要）：臺灣高等法院 臺南分院 89 年度 聲再 字第 226 號刑事裁定
--- 正在抓取第 17 頁清單 ---
本頁共找到 20 筆案件，開始讀取內文...
成功解析（無表格，退回摘要）：臺灣高等法院 90 年度 上易 字第 470 號刑事判決
成功解析（無表格，退回摘要）：臺灣高等法院 89 年度 上易 字第 4475 號刑事判決
成功解析（無表格，退回摘要）：臺灣高雄地方法院 89 年度 易 字第 4145 號刑事判決
成功解析（無表格，退回摘要）：臺灣臺南地方法院 88 年度 自 字第 454 號刑事判決
成功解析（無表格，退回摘要）：臺灣高等法院 89 年度 上易 字第 4359 號刑事判決
成功解析（無表格，退回摘要）：臺灣新北地方法院 89 年度 易 字第 1919 號刑事判決
成功解析（無表格，退回摘要）：臺灣臺北地方法院 89 年度 自 字第 327 號刑事判決
成功解析（無表格，退回摘要）：臺灣臺北地方法院 89 年度 自 字第 327 號刑事判決
成功解析（無表格，退回摘要）：臺灣高等法院 89 年度 上易 字第 4182 號刑事判決
成功解析（無表格，退回摘要）：臺灣高等法院 88 年度 上易 字第 4651 號刑事判決
成功解析（無表格，退回摘要）：臺灣臺中地方法院 89 年度 自 字第 665 號刑事判決
成功解析（無表格，退回摘要）：臺灣桃園地方法院 89 年度 易 字第 1789 號刑事判決
成功解析（無表格，退回摘要）：臺灣桃園地方法院 87 年度 易 字第 1886 號刑事判決
成功解析（無表格，退回摘要）：臺灣高等法院 88 年度 上易 字第 4736 號刑事裁定
成功解析（無表格，退回摘要）：臺灣臺北地方法院 89 年度 附民 字第 464 號刑事判決
成功解析（無表格，退回摘要）：臺灣臺北地方法院 89 年度 附民 字第 464 號刑事判決
成功解析（無表格，退回摘要）：臺灣嘉義地方法院 89 年度 易 字第 867 號刑事判決
成功解析（無表格，退回摘要）：臺灣臺北地方法院 89 年度 自 字第 558 號刑事判決
成功解析（無表格，退回摘要）：臺灣臺中地方法院 89 年度 易 字第 2485 號刑事判決
成功解析（無表格，退回摘要）：臺灣高等法院 臺中分院 89 年度 附民 字第 364 號刑事判決
--- 正在抓取第 18 頁清單 ---
本頁共找到 20 筆案件，開始讀取內文...
成功解析（無表格，退回摘要）：臺灣高等法院 89 年度 上易 字第 2910 號刑事判決
成功解析（無表格，退回摘要）：臺灣基隆地方法院 89 年度 基簡 字第 821 號刑事判決
成功解析（無表格，退回摘要）：臺灣雲林地方法院 89 年度 簡上 字第 41 號刑事判決
成功解析（無表格，退回摘要）：臺灣基隆地方法院 89 年度 易 字第 445 號刑事判決
成功解析（無表格，退回摘要）：臺灣高等法院 89 年度 上易 字第 4017 號刑事判決
成功解析（無表格，退回摘要）：臺灣高雄地方法院 89 年度 易 字第 3680 號刑事判決
成功解析（無表格，退回摘要）：臺灣臺南地方法院 89 年度 易 字第 2295 號刑事判決
成功解析（無表格，退回摘要）：臺灣臺南地方法院 89 年度 易 字第 2364 號刑事判決
成功解析（無表格，退回摘要）：臺灣臺南地方法院 89 年度 易 字第 1536 號刑事判決
成功解析（無表格，退回摘要）：臺灣臺中地方法院 89 年度 自更 字第 36 號刑事裁定
成功解析（無表格，退回摘要）：臺灣高等法院 臺中分院 89 年度 上易 字第 2609 號刑事裁定
成功解析（無表格，退回摘要）：臺灣高等法院 臺中分院 89 年度 上易 字第 2609 號刑事判決
成功解析（無表格，退回摘要）：臺灣高等法院 89 年度 上易 字第 4016 號刑事判決
成功解析（無表格，退回摘要）：臺灣高等法院 高雄分院 89 年度 上易 字第 1893 號刑事判決
成功解析（無表格，退回摘要）：臺灣高等法院 臺中分院 89 年度 上易 字第 237 號刑事判決
成功解析（無表格，退回摘要）：臺灣新北地方法院 89 年度 附民 字第 389 號刑事裁定
成功解析（無表格，退回摘要）：臺灣高雄地方法院 89 年度 易 字第 3673 號刑事判決
成功解析（無表格，退回摘要）：臺灣新北地方法院 89 年度 易 字第 3307 號刑事判決
成功解析（無表格，退回摘要）：臺灣屏東地方法院 89 年度 易 字第 1031 號刑事判決
成功解析（無表格，退回摘要）：臺灣臺中地方法院 88 年度 中簡上 字第 129 號刑事判決
--- 正在抓取第 19 頁清單 ---
本頁共找到 20 筆案件，開始讀取內文...
成功解析（無表格，退回摘要）：臺灣高等法院 89 年度 上易 字第 3933 號刑事判決
成功解析（無表格，退回摘要）：臺灣高雄地方法院 89 年度 自 字第 335 號刑事判決
成功解析（無表格，退回摘要）：臺灣高雄地方法院 89 年度 附民 字第 426 號刑事判決
成功解析（無表格，退回摘要）：臺灣高等法院 89 年度 上易 字第 3074 號刑事判決
成功解析（無表格，退回摘要）：臺灣高等法院 臺中分院 89 年度 上易 字第 2587 號刑事判決
成功解析（無表格，退回摘要）：臺灣臺中地方法院 89 年度 易 字第 2332 號刑事判決
成功解析（無表格，退回摘要）：臺灣花蓮地方法院 89 年度 易 字第 640 號刑事判決
成功解析（無表格，退回摘要）：臺灣宜蘭地方法院 89 年度 易 字第 320 號刑事判決
成功解析（無表格，退回摘要）：臺灣高等法院 89 年度 上易 字第 2266 號刑事判決
成功解析（無表格，退回摘要）：臺灣臺北地方法院 89 年度 易 字第 50 號刑事判決
成功解析（無表格，退回摘要）：臺灣臺北地方法院 89 年度 附民 字第 236 號刑事判決
成功解析（無表格，退回摘要）：臺灣新竹地方法院 89 年度 竹簡 字第 517 號刑事判決
成功解析（無表格，退回摘要）：臺灣臺北地方法院 89 年度 易 字第 729 號刑事判決
成功解析（無表格，退回摘要）：臺灣臺北地方法院 89 年度 易 字第 729 號刑事判決
成功解析（無表格，退回摘要）：臺灣嘉義地方法院 89 年度 簡 字第 398 號刑事判決
成功解析（無表格，退回摘要）：臺灣屏東地方法院 89 年度 易 字第 1054 號刑事判決
成功解析（無表格，退回摘要）：臺灣高等法院 臺中分院 89 年度 附民 字第 326 號刑事判決
成功解析（無表格，退回摘要）：臺灣高等法院 89 年度 上易 字第 2470 號刑事判決
成功解析（無表格，退回摘要）：臺灣高等法院 89 年度 上易 字第 3728 號刑事判決
成功解析（無表格，退回摘要）：福建金門地方法院 89 年度 簡上 字第 6 號刑事判決
--- 正在抓取第 20 頁清單 ---
本頁共找到 20 筆案件，開始讀取內文...
成功解析（無表格，退回摘要）：臺灣屏東地方法院 89 年度 易 字第 933 號刑事判決
成功解析（無表格，退回摘要）：福建金門地方法院 89 年度 易 字第 31 號刑事判決
成功解析（無表格，退回摘要）：臺灣高等法院 89 年度 上易 字第 2644 號刑事判決
成功解析（無表格，退回摘要）：臺灣臺北地方法院 89 年度 簡 字第 740 號刑事判決
成功解析（無表格，退回摘要）：臺灣臺北地方法院 89 年度 簡 字第 740 號刑事判決
成功解析（無表格，退回摘要）：臺灣臺北地方法院 88 年度 附民 字第 630 號刑事裁定
成功解析（無表格，退回摘要）：臺灣臺南地方法院 89 年度 南簡上 字第 157 號刑事判決
成功解析（無表格，退回摘要）：臺灣臺北地方法院 88 年度 易 字第 1949 號刑事判決
成功解析（無表格，退回摘要）：臺灣高等法院 89 年度 上易 字第 3699 號刑事裁定
成功解析（無表格，退回摘要）：臺灣高等法院 89 年度 上易 字第 3699 號刑事判決
成功解析（無表格，退回摘要）：臺灣高等法院 花蓮分院 89 年度 上易 字第 207 號刑事判決
成功解析（無表格，退回摘要）：臺灣臺北地方法院 89 年度 簡 字第 469 號刑事判決
成功解析（無表格，退回摘要）：臺灣臺北地方法院 89 年度 簡 字第 469 號刑事判決
成功解析（無表格，退回摘要）：臺灣高雄地方法院 89 年度 易 字第 3538 號刑事判決
成功解析（無表格，退回摘要）：臺灣臺中地方法院 89 年度 易 字第 2480 號刑事判決
成功解析（無表格，退回摘要）：臺灣高等法院 臺中分院 89 年度 上易 字第 2177 號刑事判決
成功解析（無表格，退回摘要）：臺灣高等法院 臺中分院 89 年度 上易 字第 2602 號刑事判決
成功解析（無表格，退回摘要）：臺灣臺中地方法院 89 年度 自 字第 23 號刑事判決
成功解析（無表格，退回摘要）：臺灣臺中地方法院 89 年度 自 字第 514 號刑事判決
成功解析（無表格，退回摘要）：臺灣高等法院 臺中分院 89 年度 抗 字第 754 號刑事裁定
--- 正在抓取第 21 頁清單 ---
本頁共找到 20 筆案件，開始讀取內文...
成功解析（無表格，退回摘要）：臺灣臺南地方法院 89 年度 自 字第 323 號刑事判決
成功解析（無表格，退回摘要）：臺灣臺中地方法院 88 年度 自 字第 1327 號刑事裁定
成功解析（無表格，退回摘要）：臺灣高等法院 89 年度 重附民 字第 110 號刑事判決
成功解析（無表格，退回摘要）：臺灣高等法院 89 年度 上更(一) 字第 599 號刑事判決
成功解析（無表格，退回摘要）：臺灣高等法院 89 年度 上易 字第 2673 號刑事判決
成功解析（無表格，退回摘要）：臺灣臺南地方法院 88 年度 易 字第 1097 號刑事裁定
成功解析（無表格，退回摘要）：臺灣高雄地方法院 89 年度 附民 字第 482 號刑事裁定
成功解析（無表格，退回摘要）：臺灣高雄地方法院 89 年度 易 字第 3088 號刑事判決
成功解析（無表格，退回摘要）：臺灣花蓮地方法院 89 年度 易 字第 594 號刑事判決
成功解析（無表格，退回摘要）：臺灣臺北地方法院 88 年度 附民 字第 151 號刑事判決
成功解析（無表格，退回摘要）：臺灣嘉義地方法院 89 年度 易 字第 355 號刑事判決
成功解析（無表格，退回摘要）：臺灣臺北地方法院 88 年度 自 字第 161 號刑事判決
成功解析（無表格，退回摘要）：臺灣高等法院 高雄分院 89 年度 上易 字第 1000 號刑事判決
成功解析（無表格，退回摘要）：臺灣高雄地方法院 89 年度 易 字第 2920 號刑事判決
成功解析（無表格，退回摘要）：臺灣臺北地方法院 89 年度 易 字第 253 號刑事判決
成功解析（無表格，退回摘要）：臺灣臺北地方法院 89 年度 易 字第 253 號刑事判決
成功解析（無表格，退回摘要）：臺灣臺北地方法院 88 年度 自 字第 506 號刑事判決
成功解析（無表格，退回摘要）：臺灣高等法院 89 年度 上易 字第 3684 號刑事判決
成功解析（無表格，退回摘要）：臺灣新北地方法院 89 年度 易 字第 1805 號刑事判決
成功解析（無表格，退回摘要）：臺灣高等法院 89 年度 附民 字第 290 號刑事判決
--- 正在抓取第 22 頁清單 ---
本頁共找到 12 筆案件，開始讀取內文...
成功解析（無表格，退回摘要）：臺灣高等法院 89 年度 上易 字第 126 號刑事判決
成功解析（無表格，退回摘要）：臺灣臺南地方法院 89 年度 自 字第 301 號刑事判決
成功解析（無表格，退回摘要）：臺灣高等法院 高雄分院 89 年度 上易 字第 2171 號刑事判決
成功解析（無表格，退回摘要）：臺灣高等法院 臺南分院 89 年度 抗 字第 421 號刑事裁定
成功解析（無表格，退回摘要）：臺灣苗栗地方法院 89 年度 苗簡 字第 375 號刑事判決
成功解析（無表格，退回摘要）：臺灣屏東地方法院 89 年度 易 字第 954 號刑事判決
成功解析（無表格，退回摘要）：臺灣臺南地方法院 88 年度 自 字第 472 號刑事裁定
成功解析（無表格，退回摘要）：臺灣高雄地方法院 89 年度 易 字第 694 號刑事判決
成功解析（無表格，退回摘要）：臺灣高雄地方法院 89 年度 自 字第 302 號刑事判決
成功解析（無表格，退回摘要）：臺灣臺中地方法院 89 年度 易 字第 1516 號刑事判決
成功解析（無表格，退回摘要）：臺灣高雄地方法院 89 年度 易 字第 2816 號刑事判決
成功解析（無表格，退回摘要）：臺灣基隆地方法院 89 年度 易 字第 343 號刑事判決
--- 正在抓取第 23 頁清單 ---
本頁沒有任何案件，這個範圍抓取完畢。
=== 開始抓取區間 (90, 6, 25)-(91, 5, 8)，預期 452 筆 ===
--- 正在抓取第 1 頁清單 ---
本頁共找到 20 筆案件，開始讀取內文...
成功解析（無表格，退回摘要）：臺灣高等法院 91 年度 附民 字第 47 號刑事裁定
成功解析（無表格，退回摘要）：臺灣高等法院 臺中分院 91 年度 上易 字第 701 號刑事判決
成功解析（無表格，退回摘要）：臺灣高等法院 90 年度 上易 字第 3583 號刑事判決
成功解析（無表格，退回摘要）：臺灣高雄地方法院 91 年度 自 字第 168 號刑事裁定
成功解析（無表格，退回摘要）：臺灣宜蘭地方法院 91 年度 易 字第 54 號刑事判決
成功解析（無表格，退回摘要）：臺灣新北地方法院 91 年度 易 字第 958 號刑事判決
成功解析（無表格，退回摘要）：臺灣臺中地方法院 91 年度 易 字第 557 號刑事判決
成功解析（無表格，退回摘要）：臺灣基隆地方法院 90 年度 易 字第 324 號刑事判決
成功解析（無表格，退回摘要）：臺灣嘉義地方法院 91 年度 易 字第 24 號刑事判決
成功解析（無表格，退回摘要）：臺灣新北地方法院 90 年度 自 字第 389 號刑事裁定
成功解析（無表格，退回摘要）：臺灣新北地方法院 91 年度 附民 字第 175 號刑事裁定
成功解析（無表格，退回摘要）：臺灣新北地方法院 90 年度 自 字第 406 號刑事判決
成功解析（無表格，退回摘要）：臺灣高等法院 90 年度 上易 字第 4200 號刑事判決
成功解析（無表格，退回摘要）：臺灣高等法院 90 年度 上易 字第 2785 號刑事判決
成功解析（無表格，退回摘要）：臺灣臺北地方法院 89 年度 簡上 字第 195 號刑事判決
成功解析（無表格，退回摘要）：臺灣新北地方法院 87 年度 重附民 字第 71 號刑事判決
成功解析（無表格，退回摘要）：臺灣新北地方法院 91 年度 易 字第 766 號刑事判決
成功解析（無表格，退回摘要）：臺灣新北地方法院 87 年度 易 字第 721 號刑事判決
成功解析（無表格，退回摘要）：臺灣士林地方法院 90 年度 簡上 字第 165 號刑事判決
成功解析（無表格，退回摘要）：臺灣高等法院 90 年度 上易 字第 4095 號刑事判決
--- 正在抓取第 2 頁清單 ---
本頁共找到 20 筆案件，開始讀取內文...
成功解析（無表格，退回摘要）：臺灣臺中地方法院 91 年度 易 字第 322 號刑事裁定
成功解析（無表格，退回摘要）：臺灣士林地方法院 91 年度 易 字第 114 號刑事判決
成功解析（無表格，退回摘要）：臺灣臺南地方法院 90 年度 自 字第 37 號刑事裁定
成功解析（無表格，退回摘要）：臺灣高等法院 91 年度 重附民 字第 25 號刑事裁定
成功解析（無表格，退回摘要）：臺灣高等法院 臺中分院 91 年度 抗 字第 104 號刑事裁定
成功解析（無表格，退回摘要）：臺灣高等法院 90 年度 上易 字第 4189 號刑事判決
成功解析（無表格，退回摘要）：臺灣彰化地方法院 91 年度 簡上 字第 30 號刑事判決
成功解析（無表格，退回摘要）：臺灣臺南地方法院 90 年度 易 字第 1023 號刑事判決
成功解析（無表格，退回摘要）：臺灣高等法院 91 年度 上易 字第 789 號刑事判決
成功解析（無表格，退回摘要）：臺灣宜蘭地方法院 91 年度 易 字第 177 號刑事判決
成功解析（無表格，退回摘要）：臺灣新北地方法院 91 年度 自 字第 61 號刑事判決
成功解析（無表格，退回摘要）：臺灣高等法院 臺南分院 91 年度 抗 字第 104 號刑事裁定
成功解析（無表格，退回摘要）：臺灣高等法院 臺南分院 91 年度 上易 字第 54 號刑事判決
成功解析（無表格，退回摘要）：臺灣高等法院 高雄分院 91 年度 上易 字第 424 號刑事判決
成功解析（無表格，退回摘要）：臺灣新北地方法院 90 年度 自 字第 386 號刑事判決
成功解析（無表格，退回摘要）：臺灣高等法院 91 年度 上易 字第 477 號刑事判決
成功解析（無表格，退回摘要）：臺灣臺中地方法院 91 年度 中簡上 字第 83 號刑事判決
成功解析（無表格，退回摘要）：臺灣高雄地方法院 91 年度 附民 字第 72 號刑事裁定
成功解析（無表格，退回摘要）：臺灣臺北地方法院 91 年度 簡附民 字第 21 號刑事裁定
成功解析（無表格，退回摘要）：臺灣臺北地方法院 91 年度 簡 字第 990 號刑事判決
--- 正在抓取第 3 頁清單 ---
本頁共找到 20 筆案件，開始讀取內文...
成功解析（無表格，退回摘要）：臺灣高雄地方法院 91 年度 自 字第 15 號刑事判決
成功解析（無表格，退回摘要）：臺灣高等法院 91 年度 上易 字第 587 號刑事判決
成功解析（無表格，退回摘要）：臺灣高等法院 91 年度 上易 字第 372 號刑事判決
成功解析（無表格，退回摘要）：臺灣臺北地方法院 91 年度 自 字第 234 號刑事裁定
成功解析（無表格，退回摘要）：臺灣南投地方法院 91 年度 埔刑簡 字第 50 號刑事判決
成功解析（無表格，退回摘要）：臺灣高等法院 90 年度 附民 字第 461 號刑事判決
成功解析（無表格，退回摘要）：臺灣高等法院 91 年度 上易 字第 6 號刑事判決
成功解析（無表格，退回摘要）：臺灣桃園地方法院 90 年度 易 字第 2453 號刑事判決
成功解析（無表格，退回摘要）：臺灣高等法院 91 年度 抗 字第 130 號刑事裁定
成功解析（無表格，退回摘要）：臺灣基隆地方法院 91 年度 基簡 字第 232 號刑事判決
成功解析（無表格，退回摘要）：臺灣臺北地方法院 89 年度 附民 字第 372 號刑事裁定
成功解析（無表格，退回摘要）：臺灣臺北地方法院 89 年度 易 字第 519 號刑事判決
成功解析（無表格，退回摘要）：臺灣高等法院 臺中分院 91 年度 上易 字第 304 號刑事判決
成功解析（無表格，退回摘要）：臺灣臺北地方法院 91 年度 附民 字第 67 號刑事裁定
成功解析（無表格，退回摘要）：臺灣臺北地方法院 90 年度 自 字第 777 號刑事裁定
成功解析（無表格，退回摘要）：臺灣臺南地方法院 90 年度 自 字第 265 號刑事判決
成功解析（無表格，退回摘要）：臺灣彰化地方法院 91 年度 易 字第 246 號刑事判決
成功解析（無表格，退回摘要）：臺灣高等法院 91 年度 上易 字第 417 號刑事裁定
成功解析（無表格，退回摘要）：臺灣高等法院 91 年度 上易 字第 503 號刑事判決
成功解析（無表格，退回摘要）：臺灣高等法院 91 年度 上易 字第 105 號刑事判決
--- 正在抓取第 4 頁清單 ---
本頁共找到 20 筆案件，開始讀取內文...
成功解析（無表格，退回摘要）：臺灣高等法院 91 年度 上易 字第 609 號刑事判決
成功解析（無表格，退回摘要）：臺灣新竹地方法院 90 年度 自 字第 83 號刑事判決
成功解析（無表格，退回摘要）：臺灣臺南地方法院 90 年度 易 字第 2565 號刑事判決
成功解析（無表格，退回摘要）：臺灣臺北地方法院 90 年度 自 字第 920 號刑事判決
成功解析（無表格，退回摘要）：臺灣桃園地方法院 89 年度 易 字第 3117 號刑事判決
成功解析（無表格，退回摘要）：臺灣高等法院 臺中分院 91 年度 聲再 字第 44 號刑事裁定
成功解析（無表格，退回摘要）：臺灣高等法院 90 年度 上易 字第 4318 號刑事判決
成功解析（無表格，退回摘要）：臺灣高等法院 臺中分院 91 年度 附民 字第 73 號刑事裁定
成功解析（無表格，退回摘要）：臺灣高等法院 臺中分院 91 年度 上易 字第 174 號刑事判決
成功解析（無表格，退回摘要）：臺灣新北地方法院 91 年度 易 字第 706 號刑事裁定
成功解析（無表格，退回摘要）：臺灣臺北地方法院 91 年度 簡 字第 904 號刑事判決
成功解析（無表格，退回摘要）：臺灣宜蘭地方法院 90 年度 易 字第 646 號刑事判決
成功解析（無表格，退回摘要）：臺灣高雄地方法院 91 年度 附民 字第 88 號刑事裁定
成功解析（無表格，退回摘要）：臺灣高雄地方法院 91 年度 易 字第 652 號刑事判決
成功解析（無表格，退回摘要）：臺灣士林地方法院 90 年度 簡上 字第 165 號刑事裁定
成功解析（無表格，退回摘要）：臺灣高雄地方法院 90 年度 易 字第 1995 號刑事判決
成功解析（無表格，退回摘要）：臺灣高等法院 臺中分院 91 年度 上易 字第 448 號刑事判決
成功解析（無表格，退回摘要）：臺灣高等法院 高雄分院 91 年度 上易 字第 204 號刑事判決
成功解析（無表格，退回摘要）：臺灣高等法院 臺中分院 90 年度 上易 字第 2624 號刑事判決
成功解析（無表格，退回摘要）：臺灣高等法院 臺南分院 90 年度 上易 字第 1508 號刑事判決
--- 正在抓取第 5 頁清單 ---
本頁共找到 20 筆案件，開始讀取內文...
成功解析（無表格，退回摘要）：臺灣高等法院 91 年度 上易 字第 295 號刑事判決
成功解析（無表格，退回摘要）：臺灣新北地方法院 90 年度 附民 字第 469 號刑事判決
成功解析（無表格，退回摘要）：臺灣新北地方法院 90 年度 易 字第 2936 號刑事判決
成功解析（無表格，退回摘要）：臺灣高等法院 91 年度 附民 字第 55 號刑事判決
成功解析（無表格，退回摘要）：臺灣高等法院 91 年度 上易 字第 233 號刑事判決
成功解析（無表格，退回摘要）：臺灣士林地方法院 90 年度 自 字第 221 號刑事判決
成功解析（無表格，退回摘要）：臺灣高等法院 91 年度 上易 字第 417 號刑事判決
成功解析（無表格，退回摘要）：臺灣嘉義地方法院 91 年度 簡 字第 337 號刑事判決
成功解析（無表格，退回摘要）：臺灣南投地方法院 90 年度 埔刑簡 字第 215 號刑事判決
成功解析（無表格，退回摘要）：臺灣高等法院 90 年度 重附民上 字第 69 號刑事判決
成功解析（無表格，退回摘要）：臺灣高等法院 90 年度 上易 字第 3682 號刑事判決
成功解析（無表格，退回摘要）：臺灣臺南地方法院 90 年度 自 字第 388 號刑事裁定
成功解析（無表格，退回摘要）：臺灣臺北地方法院 91 年度 自 字第 112 號刑事裁定
成功解析（無表格，退回摘要）：臺灣澎湖地方法院 90 年度 易 字第 63 號刑事判決
成功解析（無表格，退回摘要）：臺灣高等法院 91 年度 上易 字第 219 號刑事判決
成功解析（無表格，退回摘要）：臺灣臺北地方法院 91 年度 易 字第 347 號刑事判決
成功解析（無表格，退回摘要）：臺灣高雄地方法院 91 年度 易 字第 231 號刑事判決
成功解析（無表格，退回摘要）：臺灣臺南地方法院 90 年度 自 字第 383 號刑事判決
成功解析（無表格，退回摘要）：臺灣雲林地方法院 90 年度 易 字第 800 號刑事判決
成功解析（無表格，退回摘要）：臺灣新北地方法院 91 年度 附民 字第 54 號刑事裁定
--- 正在抓取第 6 頁清單 ---
本頁共找到 20 筆案件，開始讀取內文...
成功解析（無表格，退回摘要）：臺灣新北地方法院 91 年度 自 字第 112 號刑事裁定
成功解析（無表格，退回摘要）：臺灣臺南地方法院 90 年度 易 字第 2181 號刑事判決
成功解析（無表格，退回摘要）：臺灣新北地方法院 91 年度 自更 字第 4 號刑事判決
成功解析（無表格，退回摘要）：臺灣高雄地方法院 91 年度 易 字第 231 號刑事判決
成功解析（無表格，退回摘要）：臺灣高等法院 90 年度 抗 字第 485 號刑事裁定
成功解析（無表格，退回摘要）：臺灣新北地方法院 91 年度 附民 字第 41 號刑事判決
成功解析（無表格，退回摘要）：臺灣臺南地方法院 91 年度 南簡上 字第 16 號刑事判決
成功解析（無表格，退回摘要）：臺灣花蓮地方法院 90 年度 自 字第 39 號刑事判決
成功解析（無表格，退回摘要）：臺灣新北地方法院 90 年度 易 字第 3916 號刑事判決
成功解析（無表格，退回摘要）：臺灣南投地方法院 90 年度 易 字第 500 號刑事判決
成功解析（無表格，退回摘要）：臺灣高等法院 90 年度 上易 字第 3592 號刑事判決
成功解析（無表格，退回摘要）：臺灣高等法院 90 年度 附民上 字第 99 號刑事判決
成功解析（無表格，退回摘要）：臺灣高等法院 91 年度 上易 字第 204 號刑事判決
成功解析（無表格，退回摘要）：臺灣南投地方法院 90 年度 易 字第 799 號刑事判決
成功解析（無表格，退回摘要）：臺灣桃園地方法院 91 年度 易 字第 1438 號刑事判決
成功解析（無表格，退回摘要）：臺灣臺北地方法院 91 年度 簡 字第 604 號刑事判決
成功解析（無表格，退回摘要）：臺灣高等法院 90 年度 上易 字第 4055 號刑事判決
成功解析（無表格，退回摘要）：臺灣新北地方法院 91 年度 易 字第 264 號刑事判決
成功解析（無表格，退回摘要）：臺灣臺中地方法院 91 年度 易 字第 144 號刑事判決
成功解析（無表格，退回摘要）：臺灣屏東地方法院 91 年度 易 字第 91 號刑事判決
--- 正在抓取第 7 頁清單 ---
本頁共找到 20 筆案件，開始讀取內文...
成功解析（無表格，退回摘要）：臺灣高等法院 臺南分院 91 年度 附民 字第 39 號刑事裁定
成功解析（無表格，退回摘要）：臺灣高等法院 臺南分院 90 年度 上易 字第 1771 號刑事判決
成功解析（無表格，退回摘要）：臺灣高等法院 高雄分院 91 年度 上易 字第 52 號刑事判決
成功解析（無表格，退回摘要）：臺灣高等法院 90 年度 上易 字第 4316 號刑事判決
成功解析（無表格，退回摘要）：臺灣高雄地方法院 91 年度 易 字第 340 號刑事判決
成功解析（無表格，退回摘要）：臺灣花蓮地方法院 90 年度 附民 字第 87 號刑事裁定
成功解析（無表格，退回摘要）：臺灣花蓮地方法院 90 年度 易 字第 406 號刑事判決
成功解析（無表格，退回摘要）：臺灣高等法院 91 年度 上易 字第 58 號刑事判決
成功解析（無表格，退回摘要）：臺灣高等法院 高雄分院 91 年度 附民 字第 13 號刑事判決
成功解析（無表格，退回摘要）：臺灣高等法院 高雄分院 91 年度 上易 字第 51 號刑事判決
成功解析（無表格，退回摘要）：臺灣新竹地方法院 90 年度 自 字第 66 號刑事判決
成功解析（無表格，退回摘要）：臺灣高等法院 臺中分院 91 年度 聲再 字第 12 號刑事裁定
成功解析（無表格，退回摘要）：臺灣新北地方法院 89 年度 附民 字第 569 號刑事判決
成功解析（無表格，退回摘要）：臺灣桃園地方法院 91 年度 易 字第 226 號刑事判決
成功解析（無表格，退回摘要）：臺灣高等法院 臺中分院 91 年度 聲再 字第 24 號刑事裁定
成功解析（無表格，退回摘要）：臺灣高等法院 90 年度 上更(一) 字第 533 號刑事判決
成功解析（無表格，退回摘要）：臺灣臺中地方法院 90 年度 易 字第 2695 號刑事判決
成功解析（無表格，退回摘要）：臺灣高雄地方法院 90 年度 易 字第 798 號刑事判決
成功解析（無表格，退回摘要）：臺灣南投地方法院 91 年度 埔刑簡 字第 11 號刑事判決
成功解析（無表格，退回摘要）：臺灣高等法院 90 年度 抗 字第 523 號刑事裁定
--- 正在抓取第 8 頁清單 ---
本頁共找到 20 筆案件，開始讀取內文...
成功解析（無表格，退回摘要）：臺灣高等法院 90 年度 上易 字第 4086 號刑事判決
成功解析（無表格，退回摘要）：臺灣雲林地方法院 90 年度 易 字第 800 號刑事裁定
成功解析（無表格，退回摘要）：臺灣高等法院 90 年度 上易 字第 4334 號刑事判決
成功解析（無表格，退回摘要）：臺灣新北地方法院 90 年度 附民 字第 451 號刑事裁定
成功解析（無表格，退回摘要）：臺灣新北地方法院 90 年度 易 字第 3454 號刑事判決
成功解析（無表格，退回摘要）：臺灣高雄地方法院 90 年度 附民 字第 671 號刑事裁定
成功解析（無表格，退回摘要）：臺灣高雄地方法院 90 年度 易 字第 4498 號刑事判決
成功解析（無表格，退回摘要）：臺灣高等法院 91 年度 重附民 字第 2 號刑事裁定
成功解析（無表格，退回摘要）：臺灣高等法院 91 年度 上易 字第 176 號刑事判決
成功解析（無表格，退回摘要）：臺灣高等法院 90 年度 上易 字第 3286 號刑事判決
成功解析（無表格，退回摘要）：臺灣南投地方法院 91 年度 易 字第 38 號刑事判決
成功解析（無表格，退回摘要）：臺灣基隆地方法院 90 年度 簡上 字第 77 號刑事判決
成功解析（無表格，退回摘要）：臺灣基隆地方法院 90 年度 自更(一) 字第 2 號刑事判決
成功解析（無表格，退回摘要）：臺灣高等法院 臺中分院 90 年度 聲再 字第 308 號刑事裁定
成功解析（無表格，退回摘要）：臺灣新竹地方法院 90 年度 易 字第 1063 號刑事判決
成功解析（無表格，退回摘要）：臺灣高等法院 臺中分院 90 年度 附民 字第 514 號刑事裁定
成功解析（無表格，退回摘要）：臺灣高等法院 臺中分院 90 年度 上易 字第 2565 號刑事判決
成功解析（無表格，退回摘要）：臺灣新北地方法院 91 年度 附民 字第 1 號刑事判決
成功解析（無表格，退回摘要）：臺灣臺中地方法院 90 年度 易 字第 1491 號刑事判決
成功解析（無表格，退回摘要）：臺灣基隆地方法院 90 年度 自 字第 33 號刑事判決
--- 正在抓取第 9 頁清單 ---
本頁共找到 20 筆案件，開始讀取內文...
成功解析（無表格，退回摘要）：臺灣高等法院 90 年度 重附民 字第 59 號刑事判決
成功解析（無表格，退回摘要）：臺灣高等法院 90 年度 上易 字第 1390 號刑事判決
成功解析（無表格，退回摘要）：臺灣高雄地方法院 91 年度 附民 字第 9 號刑事裁定
成功解析（無表格，退回摘要）：臺灣高雄地方法院 90 年度 附民 字第 683 號刑事判決
成功解析（無表格，退回摘要）：臺灣高等法院 90 年度 上易 字第 4036 號刑事判決
成功解析（無表格，退回摘要）：臺灣苗栗地方法院 89 年度 易 字第 682 號刑事判決
成功解析（無表格，退回摘要）：臺灣高等法院 90 年度 重附民上 字第 79 號刑事判決
成功解析（無表格，退回摘要）：臺灣高等法院 90 年度 上易 字第 4070 號刑事判決
成功解析（無表格，退回摘要）：臺灣高等法院 90 年度 重附民上 字第 84 號刑事判決
成功解析（無表格，退回摘要）：臺灣高等法院 90 年度 上易 字第 4286 號刑事判決
成功解析（無表格，退回摘要）：臺灣高等法院 90 年度 上易 字第 4061 號刑事判決
成功解析（無表格，退回摘要）：臺灣新北地方法院 90 年度 易 字第 2280 號刑事判決
成功解析（無表格，退回摘要）：臺灣高雄地方法院 89 年度 附民 字第 473 號刑事判決
成功解析（無表格，退回摘要）：臺灣士林地方法院 90 年度 簡上 字第 146 號刑事判決
成功解析（無表格，退回摘要）：臺灣新竹地方法院 90 年度 竹簡 字第 426 號刑事判決
成功解析（無表格，退回摘要）：臺灣高雄地方法院 90 年度 附民上 字第 1 號刑事判決
成功解析（無表格，退回摘要）：臺灣新北地方法院 90 年度 易 字第 3918 號刑事判決
成功解析（無表格，退回摘要）：臺灣臺東地方法院 90 年度 易 字第 373 號刑事判決
成功解析（無表格，退回摘要）：臺灣花蓮地方法院 90 年度 簡上 字第 26 號刑事判決
成功解析（無表格，退回摘要）：臺灣高雄地方法院 90 年度 易 字第 2995 號刑事判決
--- 正在抓取第 10 頁清單 ---
本頁共找到 20 筆案件，開始讀取內文...
成功解析（無表格，退回摘要）：臺灣雲林地方法院 89 年度 自 字第 73 號刑事判決
成功解析（無表格，退回摘要）：臺灣高雄地方法院 89 年度 自 字第 292 號刑事判決
成功解析（無表格，退回摘要）：臺灣高等法院 90 年度 附民上 字第 57 號刑事判決
成功解析（無表格，退回摘要）：臺灣高等法院 90 年度 上易 字第 1904 號刑事判決
成功解析（無表格，退回摘要）：臺灣新北地方法院 89 年度 重附民 字第 112 號刑事裁定
成功解析（無表格，退回摘要）：臺灣新竹地方法院 90 年度 易 字第 825 號刑事判決
成功解析（無表格，退回摘要）：臺灣雲林地方法院 90 年度 易 字第 751 號刑事判決
成功解析（無表格，退回摘要）：臺灣高等法院 臺中分院 90 年度 上易 字第 2076 號刑事判決
成功解析（無表格，退回摘要）：臺灣臺中地方法院 90 年度 易 字第 2916 號刑事判決
成功解析（無表格，退回摘要）：臺灣高等法院 90 年度 上易 字第 961 號刑事判決
成功解析（無表格，退回摘要）：臺灣新北地方法院 90 年度 易 字第 3554 號刑事判決
成功解析（無表格，退回摘要）：臺灣新北地方法院 88 年度 易 字第 669 號刑事裁定
成功解析（無表格，退回摘要）：臺灣桃園地方法院 90 年度 易 字第 2673 號刑事判決
成功解析（無表格，退回摘要）：臺灣高等法院 90 年度 上易 字第 3636 號刑事判決
成功解析（無表格，退回摘要）：臺灣臺中地方法院 90 年度 自更 字第 6 號刑事裁定
成功解析（無表格，退回摘要）：臺灣高等法院 90 年度 上易 字第 3870 號刑事判決
成功解析（無表格，退回摘要）：臺灣臺北地方法院 90 年度 自 字第 412 號刑事判決
成功解析（無表格，退回摘要）：臺灣高等法院 90 年度 附民上 字第 113 號刑事判決
成功解析（無表格，退回摘要）：臺灣高等法院 90 年度 附民上 字第 92 號刑事判決
成功解析（無表格，退回摘要）：臺灣高等法院 90 年度 上易 字第 3926 號刑事判決
--- 正在抓取第 11 頁清單 ---
本頁共找到 20 筆案件，開始讀取內文...
成功解析（無表格，退回摘要）：臺灣高等法院 90 年度 上易 字第 3305 號刑事判決
成功解析（無表格，退回摘要）：臺灣新竹地方法院 90 年度 自 字第 83 號刑事裁定
成功解析（無表格，退回摘要）：臺灣臺中地方法院 90 年度 中簡上 字第 273 號刑事判決
成功解析（無表格，退回摘要）：臺灣高等法院 90 年度 附民上 字第 84 號刑事判決
成功解析（無表格，退回摘要）：臺灣高等法院 臺南分院 90 年度 上易 字第 1710 號刑事判決
成功解析（無表格，退回摘要）：臺灣高等法院 90 年度 上易 字第 3062 號刑事判決
成功解析（無表格，退回摘要）：臺灣高等法院 90 年度 抗 字第 582 號刑事裁定
成功解析（無表格，退回摘要）：臺灣高等法院 90 年度 抗 字第 583 號刑事裁定
成功解析（無表格，退回摘要）：臺灣高等法院 90 年度 上易 字第 2220 號刑事判決
成功解析（無表格，退回摘要）：臺灣高等法院 90 年度 上易 字第 2053 號刑事判決
成功解析（無表格，退回摘要）：臺灣新北地方法院 90 年度 自 字第 458 號刑事判決
成功解析（無表格，退回摘要）：臺灣臺中地方法院 90 年度 中簡上 字第 329 號刑事判決
成功解析（無表格，退回摘要）：臺灣彰化地方法院 90 年度 易 字第 580 號刑事判決
成功解析（無表格，退回摘要）：臺灣新北地方法院 90 年度 易 字第 2531 號刑事判決
成功解析（無表格，退回摘要）：臺灣新竹地方法院 90 年度 易 字第 1005 號刑事判決
成功解析（無表格，退回摘要）：臺灣高等法院 90 年度 上易 字第 3583 號刑事裁定
成功解析（無表格，退回摘要）：臺灣高等法院 90 年度 附民 字第 396 號刑事裁定
成功解析（無表格，退回摘要）：臺灣高等法院 90 年度 上易 字第 3385 號刑事判決
成功解析（無表格，退回摘要）：臺灣高雄地方法院 90 年度 附民 字第 598 號刑事判決
成功解析（無表格，退回摘要）：臺灣嘉義地方法院 90 年度 簡上 字第 54 號刑事判決
--- 正在抓取第 12 頁清單 ---
本頁共找到 20 筆案件，開始讀取內文...
成功解析（無表格，退回摘要）：臺灣嘉義地方法院 90 年度 簡上 字第 13 號刑事判決
成功解析（無表格，退回摘要）：臺灣高等法院 91 年度 上易 字第 89 號刑事判決
成功解析（無表格，退回摘要）：臺灣基隆地方法院 90 年度 基簡 字第 820 號刑事判決
成功解析（無表格，退回摘要）：臺灣高等法院 90 年度 附民 字第 415 號刑事裁定
成功解析（無表格，退回摘要）：臺灣高等法院 90 年度 上易 字第 3603 號刑事判決
成功解析（無表格，退回摘要）：臺灣高等法院 90 年度 上易 字第 3767 號刑事判決
成功解析（無表格，退回摘要）：臺灣新北地方法院 90 年度 附民 字第 466 號刑事裁定
成功解析（無表格，退回摘要）：臺灣新北地方法院 90 年度 易 字第 3564 號刑事判決
成功解析（無表格，退回摘要）：臺灣高雄地方法院 90 年度 易 字第 3683 號刑事判決
成功解析（無表格，退回摘要）：臺灣新北地方法院 90 年度 易 字第 2239 號刑事判決
成功解析（無表格，退回摘要）：臺灣高等法院 臺南分院 90 年度 上易 字第 1566 號刑事判決
成功解析（無表格，退回摘要）：臺灣高等法院 臺中分院 90 年度 上易 字第 1689 號刑事判決
成功解析（無表格，退回摘要）：臺灣高雄地方法院 90 年度 易 字第 1428 號刑事判決
成功解析（無表格，退回摘要）：臺灣基隆地方法院 90 年度 易 字第 565 號刑事判決
成功解析（無表格，退回摘要）：臺灣高等法院 90 年度 上更(一) 字第 872 號刑事判決
成功解析（無表格，退回摘要）：臺灣高等法院 90 年度 上易 字第 1356 號刑事判決
成功解析（無表格，退回摘要）：臺灣高等法院 90 年度 上易 字第 3547 號刑事判決
成功解析（無表格，退回摘要）：臺灣新北地方法院 89 年度 重附民 字第 49 號刑事裁定
成功解析（無表格，退回摘要）：臺灣新北地方法院 89 年度 易 字第 842 號刑事判決
成功解析（無表格，退回摘要）：臺灣高等法院 90 年度 上易 字第 3597 號刑事判決
--- 正在抓取第 13 頁清單 ---
本頁共找到 20 筆案件，開始讀取內文...
成功解析（無表格，退回摘要）：臺灣士林地方法院 90 年度 自更 字第 8 號刑事判決
成功解析（無表格，退回摘要）：臺灣嘉義地方法院 90 年度 簡 字第 1016 號刑事判決
成功解析（無表格，退回摘要）：臺灣彰化地方法院 90 年度 易 字第 1145 號刑事判決
成功解析（無表格，退回摘要）：臺灣桃園地方法院 90 年度 易 字第 2286 號刑事判決
成功解析（無表格，退回摘要）：臺灣臺中地方法院 90 年度 自 字第 731 號刑事判決
成功解析（無表格，退回摘要）：臺灣高等法院 90 年度 上易 字第 2418 號刑事判決
成功解析（無表格，退回摘要）：臺灣高雄地方法院 90 年度 附民 字第 602 號刑事裁定
成功解析（無表格，退回摘要）：臺灣高雄地方法院 90 年度 易 字第 3641 號刑事判決
成功解析（無表格，退回摘要）：臺灣臺北地方法院 90 年度 重附民 字第 147 號刑事判決
成功解析（無表格，退回摘要）：臺灣新北地方法院 90 年度 易 字第 3372 號刑事判決
成功解析（無表格，退回摘要）：臺灣臺北地方法院 90 年度 自 字第 607 號刑事判決
成功解析（無表格，退回摘要）：臺灣嘉義地方法院 90 年度 易 字第 604 號刑事判決
成功解析（無表格，退回摘要）：臺灣高等法院 90 年度 上易 字第 3482 號刑事判決
成功解析（無表格，退回摘要）：臺灣新竹地方法院 90 年度 自 字第 55 號刑事判決
成功解析（無表格，退回摘要）：臺灣臺南地方法院 89 年度 易 字第 3141 號刑事判決
成功解析（無表格，退回摘要）：臺灣高雄地方法院 90 年度 附民 字第 598 號刑事裁定
成功解析（無表格，退回摘要）：臺灣高雄地方法院 90 年度 易 字第 3842 號刑事裁定
成功解析（無表格，退回摘要）：臺灣臺中地方法院 90 年度 中簡上 字第 337 號刑事判決
成功解析（無表格，退回摘要）：臺灣高等法院 90 年度 重附民上 字第 47 號刑事裁定
成功解析（無表格，退回摘要）：臺灣高等法院 90 年度 重附民上 字第 47 號刑事判決
--- 正在抓取第 14 頁清單 ---
本頁共找到 20 筆案件，開始讀取內文...
成功解析（無表格，退回摘要）：臺灣高等法院 臺南分院 90 年度 聲再 字第 192 號刑事裁定
成功解析（無表格，退回摘要）：臺灣高等法院 90 年度 上易 字第 2673 號刑事判決
成功解析（無表格，退回摘要）：臺灣高雄地方法院 90 年度 自 字第 273 號刑事判決
成功解析（無表格，退回摘要）：臺灣基隆地方法院 90 年度 易 字第 372 號刑事判決
成功解析（無表格，退回摘要）：臺灣桃園地方法院 90 年度 易 字第 1491 號刑事判決
成功解析（無表格，退回摘要）：臺灣基隆地方法院 90 年度 瑞簡 字第 68 號刑事判決
成功解析（無表格，退回摘要）：臺灣高等法院 90 年度 上易 字第 3560 號刑事判決
成功解析（無表格，退回摘要）：臺灣高等法院 90 年度 上易 字第 3289 號刑事判決
成功解析（無表格，退回摘要）：臺灣高等法院 89 年度 上易 字第 3021 號刑事判決
成功解析（無表格，退回摘要）：臺灣高雄地方法院 90 年度 易 字第 3683 號刑事裁定
成功解析（無表格，退回摘要）：臺灣臺中地方法院 90 年度 中簡上 字第 238 號刑事裁定
成功解析（無表格，退回摘要）：臺灣高等法院 高雄分院 90 年度 上易 字第 1686 號刑事判決
成功解析（無表格，退回摘要）：臺灣高等法院 高雄分院 90 年度 上易 字第 1545 號刑事判決
成功解析（無表格，退回摘要）：臺灣高等法院 臺南分院 90 年度 上易 字第 1419 號刑事判決
成功解析（無表格，退回摘要）：臺灣新北地方法院 90 年度 附民 字第 355 號刑事判決
成功解析（無表格，退回摘要）：臺灣新北地方法院 90 年度 自 字第 315 號刑事判決
成功解析（無表格，退回摘要）：臺灣新竹地方法院 89 年度 易 字第 1135 號刑事判決
成功解析（無表格，退回摘要）：臺灣高等法院 高雄分院 90 年度 上易 字第 1532 號刑事判決
成功解析（無表格，退回摘要）：臺灣臺北地方法院 90 年度 簡 字第 1734 號刑事判決
成功解析（無表格，退回摘要）：臺灣高等法院 90 年度 上易 字第 2735 號刑事判決
--- 正在抓取第 15 頁清單 ---
本頁共找到 20 筆案件，開始讀取內文...
成功解析（無表格，退回摘要）：臺灣嘉義地方法院 90 年度 易 字第 752 號刑事判決
成功解析（無表格，退回摘要）：臺灣臺中地方法院 90 年度 易 字第 2704 號刑事判決
成功解析（無表格，退回摘要）：臺灣基隆地方法院 90 年度 自更(一) 字第 2 號刑事裁定
成功解析（無表格，退回摘要）：臺灣基隆地方法院 90 年度 自 字第 33 號刑事裁定
成功解析（無表格，退回摘要）：臺灣屏東地方法院 90 年度 易 字第 694 號刑事判決
成功解析（無表格，退回摘要）：臺灣臺東地方法院 90 年度 自更 字第 3 號刑事判決
成功解析（無表格，退回摘要）：臺灣臺北地方法院 89 年度 簡上 字第 327 號刑事判決
成功解析（無表格，退回摘要）：臺灣士林地方法院 90 年度 易 字第 436 號刑事判決
成功解析（無表格，退回摘要）：臺灣嘉義地方法院 89 年度 易 字第 999 號刑事判決
成功解析（無表格，退回摘要）：臺灣高等法院 90 年度 上易 字第 3390 號刑事判決
成功解析（無表格，退回摘要）：臺灣臺中地方法院 90 年度 自 字第 693 號刑事判決
成功解析（無表格，退回摘要）：臺灣臺北地方法院 90 年度 附民 字第 358 號刑事判決
成功解析（無表格，退回摘要）：臺灣臺中地方法院 90 年度 自 字第 647 號刑事裁定
成功解析（無表格，退回摘要）：臺灣臺北地方法院 90 年度 易 字第 1484 號刑事判決
成功解析（無表格，退回摘要）：臺灣高等法院 90 年度 上易 字第 2980 號刑事判決
成功解析（無表格，退回摘要）：臺灣高等法院 90 年度 上易 字第 1867 號刑事判決
成功解析（無表格，退回摘要）：臺灣高等法院 90 年度 上易 字第 67 號刑事判決
成功解析（無表格，退回摘要）：臺灣新北地方法院 90 年度 易 字第 2991 號刑事判決
成功解析（無表格，退回摘要）：臺灣高等法院 90 年度 上易 字第 2691 號刑事判決
成功解析（無表格，退回摘要）：臺灣新北地方法院 90 年度 簡 字第 364 號刑事判決
--- 正在抓取第 16 頁清單 ---
本頁共找到 20 筆案件，開始讀取內文...
成功解析（無表格，退回摘要）：臺灣高等法院 高雄分院 90 年度 上易 字第 1507 號刑事裁定
成功解析（無表格，退回摘要）：臺灣高等法院 90 年度 抗 字第 261 號刑事裁定
成功解析（無表格，退回摘要）：臺灣新北地方法院 90 年度 自 字第 287 號刑事判決
成功解析（無表格，退回摘要）：臺灣高等法院 高雄分院 90 年度 上易 字第 1623 號刑事判決
成功解析（無表格，退回摘要）：臺灣高等法院 90 年度 抗 字第 373 號刑事裁定
成功解析（無表格，退回摘要）：臺灣新北地方法院 90 年度 易 字第 3020 號刑事判決
成功解析（無表格，退回摘要）：臺灣臺中地方法院 90 年度 易 字第 2862 號刑事判決
成功解析（無表格，退回摘要）：臺灣臺南地方法院 90 年度 易 字第 1490 號刑事判決
成功解析（無表格，退回摘要）：臺灣高等法院 高雄分院 90 年度 附民 字第 233 號刑事裁定
成功解析（無表格，退回摘要）：臺灣高等法院 90 年度 抗 字第 469 號刑事裁定
成功解析（無表格，退回摘要）：臺灣高等法院 高雄分院 90 年度 上易 字第 1610 號刑事判決
成功解析（無表格，退回摘要）：臺灣新北地方法院 90 年度 附民 字第 357 號刑事判決
成功解析（無表格，退回摘要）：臺灣南投地方法院 90 年度 埔刑簡 字第 137 號刑事判決
成功解析（無表格，退回摘要）：臺灣新北地方法院 90 年度 自 字第 308 號刑事判決
成功解析（無表格，退回摘要）：臺灣新竹地方法院 90 年度 易 字第 735 號刑事判決
成功解析（無表格，退回摘要）：臺灣高等法院 90 年度 上易 字第 1095 號刑事判決
成功解析（無表格，退回摘要）：臺灣高等法院 臺中分院 90 年度 上易 字第 2020 號刑事判決
成功解析（無表格，退回摘要）：臺灣臺中地方法院 90 年度 自 字第 361 號刑事裁定
成功解析（無表格，退回摘要）：臺灣基隆地方法院 90 年度 基簡 字第 371 號刑事判決
成功解析（無表格，退回摘要）：臺灣高等法院 高雄分院 90 年度 附民 字第 217 號刑事判決
--- 正在抓取第 17 頁清單 ---
本頁共找到 20 筆案件，開始讀取內文...
成功解析（無表格，退回摘要）：臺灣高等法院 臺中分院 90 年度 上易 字第 1823 號刑事判決
成功解析（無表格，退回摘要）：臺灣高等法院 高雄分院 90 年度 上易 字第 1507 號刑事判決
成功解析（無表格，退回摘要）：臺灣臺中地方法院 90 年度 易 字第 2704 號刑事裁定
成功解析（無表格，退回摘要）：臺灣高雄地方法院 90 年度 易 字第 3103 號刑事判決
成功解析（無表格，退回摘要）：臺灣新北地方法院 90 年度 自 字第 179 號刑事判決
成功解析（無表格，退回摘要）：臺灣高等法院 90 年度 上易 字第 2659 號刑事判決
成功解析（無表格，退回摘要）：最高法院 90 年度 台抗 字第 413 號刑事裁定
成功解析（無表格，退回摘要）：臺灣高等法院 臺南分院 90 年度 上易 字第 1034 號刑事判決
成功解析（無表格，退回摘要）：臺灣臺北地方法院 90 年度 附民 字第 319 號刑事裁定
成功解析（無表格，退回摘要）：臺灣臺中地方法院 90 年度 易 字第 2467 號刑事判決
成功解析（無表格，退回摘要）：臺灣苗栗地方法院 90 年度 自 字第 22 號刑事判決
成功解析（無表格，退回摘要）：臺灣苗栗地方法院 90 年度 自 字第 17 號刑事判決
成功解析（無表格，退回摘要）：臺灣臺北地方法院 90 年度 易 字第 950 號刑事判決
成功解析（無表格，退回摘要）：臺灣高等法院 90 年度 上易 字第 2578 號刑事判決
成功解析（無表格，退回摘要）：臺灣高等法院 90 年度 上易 字第 1518 號刑事判決
成功解析（無表格，退回摘要）：臺灣士林地方法院 90 年度 易 字第 19 號刑事判決
成功解析（無表格，退回摘要）：臺灣高等法院 臺南分院 90 年度 上易 字第 956 號刑事裁定
成功解析（無表格，退回摘要）：臺灣高等法院 臺南分院 89 年度 上易 字第 2088 號刑事判決
成功解析（無表格，退回摘要）：臺灣高雄地方法院 90 年度 自 字第 271 號刑事判決
成功解析（無表格，退回摘要）：臺灣高等法院 臺南分院 90 年度 上易 字第 1180 號刑事判決
--- 正在抓取第 18 頁清單 ---
本頁共找到 20 筆案件，開始讀取內文...
成功解析（無表格，退回摘要）：臺灣臺北地方法院 90 年度 附民 字第 341 號刑事裁定
成功解析（無表格，退回摘要）：臺灣臺南地方法院 90 年度 易 字第 1269 號刑事判決
成功解析（無表格，退回摘要）：臺灣臺北地方法院 90 年度 自 字第 380 號刑事判決
成功解析（無表格，退回摘要）：臺灣臺南地方法院 90 年度 易 字第 1783 號刑事判決
成功解析（無表格，退回摘要）：臺灣臺南地方法院 90 年度 易 字第 519 號刑事判決
成功解析（無表格，退回摘要）：臺灣高等法院 臺南分院 90 年度 上易 字第 1238 號刑事判決
成功解析（無表格，退回摘要）：臺灣新北地方法院 90 年度 附民 字第 346 號刑事裁定
成功解析（無表格，退回摘要）：臺灣高等法院 90 年度 抗 字第 388 號刑事裁定
成功解析（無表格，退回摘要）：臺灣高等法院 90 年度 上易 字第 2052 號刑事判決
成功解析（無表格，退回摘要）：臺灣高等法院 90 年度 上易 字第 2572 號刑事判決
成功解析（無表格，退回摘要）：臺灣苗栗地方法院 90 年度 苗簡 字第 584 號刑事判決
成功解析（無表格，退回摘要）：臺灣臺北地方法院 89 年度 易 字第 519 號刑事裁定
成功解析（無表格，退回摘要）：臺灣屏東地方法院 90 年度 易 字第 873 號刑事判決
成功解析（無表格，退回摘要）：臺灣桃園地方法院 89 年度 易 字第 1759 號刑事判決
成功解析（無表格，退回摘要）：臺灣高等法院 臺南分院 90 年度 上易 字第 1174 號刑事判決
成功解析（無表格，退回摘要）：臺灣高等法院 臺南分院 90 年度 上易 字第 1106 號刑事判決
成功解析（無表格，退回摘要）：臺灣臺東地方法院 90 年度 自 字第 33 號刑事判決
成功解析（無表格，退回摘要）：臺灣臺中地方法院 90 年度 易 字第 2447 號刑事判決
成功解析（無表格，退回摘要）：臺灣高等法院 臺中分院 90 年度 聲再 字第 203 號刑事裁定
成功解析（無表格，退回摘要）：臺灣高等法院 臺中分院 90 年度 上易 字第 1499 號刑事判決
--- 正在抓取第 19 頁清單 ---
本頁共找到 20 筆案件，開始讀取內文...
成功解析（無表格，退回摘要）：臺灣高等法院 90 年度 抗 字第 369 號刑事裁定
成功解析（無表格，退回摘要）：臺灣高雄地方法院 90 年度 易 字第 3015 號刑事判決
成功解析（無表格，退回摘要）：臺灣高等法院 臺南分院 90 年度 上易 字第 956 號刑事判決
成功解析（無表格，退回摘要）：臺灣高等法院 90 年度 附民 字第 297 號刑事判決
成功解析（無表格，退回摘要）：臺灣高等法院 90 年度 上易 字第 2293 號刑事判決
成功解析（無表格，退回摘要）：臺灣臺北地方法院 90 年度 自 字第 527 號刑事判決
成功解析（無表格，退回摘要）：臺灣彰化地方法院 88 年度 自 字第 154 號刑事判決
成功解析（無表格，退回摘要）：臺灣基隆地方法院 90 年度 自 字第 26 號刑事裁定
成功解析（無表格，退回摘要）：臺灣高等法院 90 年度 上易 字第 2875 號刑事判決
成功解析（無表格，退回摘要）：臺灣高等法院 花蓮分院 90 年度 抗 字第 45 號刑事裁定
成功解析（無表格，退回摘要）：臺灣高等法院 91 年度 重附民 字第 81 號刑事判決
成功解析（無表格，退回摘要）：臺灣高等法院 花蓮分院 90 年度 上訴 字第 202 號刑事判決
成功解析（無表格，退回摘要）：臺灣高等法院 90 年度 上易 字第 2207 號刑事判決
成功解析（無表格，退回摘要）：臺灣高等法院 高雄分院 90 年度 上易 字第 1033 號刑事判決
成功解析（無表格，退回摘要）：臺灣高等法院 90 年度 上易 字第 2062 號刑事判決
成功解析（無表格，退回摘要）：臺灣臺北地方法院 89 年度 附民 字第 389 號刑事裁定
成功解析（無表格，退回摘要）：臺灣臺北地方法院 89 年度 自 字第 349 號刑事判決
成功解析（無表格，退回摘要）：臺灣臺南地方法院 90 年度 易 字第 251 號刑事判決
成功解析（無表格，退回摘要）：臺灣高雄地方法院 90 年度 附民 字第 435 號刑事裁定
成功解析（無表格，退回摘要）：臺灣高雄地方法院 90 年度 易 字第 2539 號刑事判決
--- 正在抓取第 20 頁清單 ---
本頁共找到 20 筆案件，開始讀取內文...
成功解析（無表格，退回摘要）：臺灣高等法院 臺中分院 90 年度 附民 字第 292 號刑事裁定
成功解析（無表格，退回摘要）：臺灣高等法院 臺中分院 90 年度 上易 字第 1458 號刑事判決
成功解析（無表格，退回摘要）：臺灣彰化地方法院 90 年度 自 字第 87 號刑事判決
成功解析（無表格，退回摘要）：臺灣屏東地方法院 90 年度 易 字第 793 號刑事判決
成功解析（無表格，退回摘要）：臺灣桃園地方法院 90 年度 易 字第 975 號刑事判決
成功解析（無表格，退回摘要）：臺灣高雄地方法院 90 年度 附民 字第 399 號刑事裁定
成功解析（無表格，退回摘要）：臺灣臺中地方法院 90 年度 自 字第 365 號刑事裁定
成功解析（無表格，退回摘要）：臺灣高雄地方法院 90 年度 易 字第 2505 號刑事判決
成功解析（無表格，退回摘要）：臺灣高等法院 90 年度 附民 字第 207 號刑事判決
成功解析（無表格，退回摘要）：臺灣高等法院 90 年度 上易 字第 1671 號刑事判決
成功解析（無表格，退回摘要）：臺灣高等法院 臺中分院 89 年度 上易 字第 2560 號刑事判決
成功解析（無表格，退回摘要）：臺灣苗栗地方法院 90 年度 易 字第 326 號刑事判決
成功解析（無表格，退回摘要）：臺灣高等法院 高雄分院 90 年度 附民 字第 166 號刑事裁定
成功解析（無表格，退回摘要）：臺灣高等法院 90 年度 附民上 字第 43 號刑事判決
成功解析（無表格，退回摘要）：臺灣高等法院 90 年度 附民上 字第 42 號刑事判決
成功解析（無表格，退回摘要）：臺灣高等法院 高雄分院 90 年度 附民上 字第 36 號刑事判決
成功解析（無表格，退回摘要）：臺灣高等法院 90 年度 上易 字第 2108 號刑事判決
成功解析（無表格，退回摘要）：臺灣高等法院 高雄分院 90 年度 上易 字第 866 號刑事判決
成功解析（無表格，退回摘要）：臺灣高等法院 高雄分院 90 年度 上易 字第 1152 號刑事判決
成功解析（無表格，退回摘要）：臺灣高等法院 90 年度 上易 字第 1422 號刑事判決
--- 正在抓取第 21 頁清單 ---
本頁共找到 20 筆案件，開始讀取內文...
成功解析（無表格，退回摘要）：臺灣嘉義地方法院 90 年度 簡 字第 657 號刑事判決
成功解析（無表格，退回摘要）：臺灣新北地方法院 90 年度 自 字第 179 號刑事裁定
成功解析（無表格，退回摘要）：臺灣高等法院 90 年度 抗 字第 363 號刑事裁定
成功解析（無表格，退回摘要）：臺灣高等法院 90 年度 抗 字第 360 號刑事裁定
成功解析（無表格，退回摘要）：臺灣高等法院 90 年度 附民 字第 259 號刑事判決
成功解析（無表格，退回摘要）：臺灣高等法院 90 年度 上易 字第 2283 號刑事判決
成功解析（無表格，退回摘要）：臺灣士林地方法院 90 年度 簡 字第 865 號刑事判決
成功解析（無表格，退回摘要）：臺灣高等法院 90 年度 上易 字第 2159 號刑事判決
成功解析（無表格，退回摘要）：臺灣高等法院 臺南分院 90 年度 上易 字第 936 號刑事判決
成功解析（無表格，退回摘要）：臺灣苗栗地方法院 90 年度 苗簡 字第 471 號刑事判決
成功解析（無表格，退回摘要）：臺灣高等法院 臺中分院 90 年度 上易 字第 1253 號刑事判決
成功解析（無表格，退回摘要）：臺灣高等法院 臺中分院 90 年度 附民上 字第 231 號刑事判決
成功解析（無表格，退回摘要）：臺灣高等法院 臺中分院 90 年度 聲再 字第 161 號刑事裁定
成功解析（無表格，退回摘要）：臺灣高雄地方法院 90 年度 附民 字第 378 號刑事判決
成功解析（無表格，退回摘要）：臺灣高雄地方法院 90 年度 自 字第 27 號刑事判決
成功解析（無表格，退回摘要）：臺灣臺南地方法院 90 年度 易 字第 1113 號刑事判決
成功解析（無表格，退回摘要）：臺灣苗栗地方法院 90 年度 自 字第 22 號刑事裁定
成功解析（無表格，退回摘要）：臺灣基隆地方法院 90 年度 簡上 字第 15 號刑事判決
成功解析（無表格，退回摘要）：臺灣高等法院 90 年度 重附民 字第 40 號刑事判決
成功解析（無表格，退回摘要）：臺灣高等法院 89 年度 上易 字第 4640 號刑事判決
--- 正在抓取第 22 頁清單 ---
本頁共找到 20 筆案件，開始讀取內文...
成功解析（無表格，退回摘要）：臺灣高等法院 90 年度 附民 字第 198 號刑事判決
成功解析（無表格，退回摘要）：臺灣高等法院 90 年度 上易 字第 1519 號刑事判決
成功解析（無表格，退回摘要）：臺灣高雄地方法院 90 年度 附民 字第 272 號刑事裁定
成功解析（無表格，退回摘要）：臺灣高雄地方法院 90 年度 易 字第 1663 號刑事判決
成功解析（無表格，退回摘要）：臺灣臺東地方法院 90 年度 自 字第 26 號刑事判決
成功解析（無表格，退回摘要）：臺灣高等法院 90 年度 上易 字第 2054 號刑事判決
成功解析（無表格，退回摘要）：臺灣新北地方法院 90 年度 附民 字第 276 號刑事裁定
成功解析（無表格，退回摘要）：臺灣新北地方法院 90 年度 簡 字第 258 號刑事判決
成功解析（無表格，退回摘要）：臺灣高等法院 90 年度 抗 字第 315 號刑事裁定
成功解析（無表格，退回摘要）：臺灣高等法院 臺中分院 90 年度 抗 字第 475 號刑事裁定
成功解析（無表格，退回摘要）：臺灣新竹地方法院 90 年度 易 字第 528 號刑事判決
成功解析（無表格，退回摘要）：臺灣臺中地方法院 90 年度 沙簡上 字第 112 號刑事判決
成功解析（無表格，退回摘要）：臺灣新北地方法院 90 年度 易 字第 1689 號刑事判決
成功解析（無表格，退回摘要）：臺灣高等法院 高雄分院 90 年度 上易 字第 1472 號刑事判決
成功解析（無表格，退回摘要）：臺灣高雄地方法院 90 年度 附民 字第 301 號刑事裁定
成功解析（無表格，退回摘要）：臺灣高雄地方法院 90 年度 自 字第 191 號刑事判決
成功解析（無表格，退回摘要）：臺灣高等法院 90 年度 抗 字第 300 號刑事裁定
成功解析（無表格，退回摘要）：臺灣高等法院 90 年度 抗 字第 299 號刑事裁定
成功解析（無表格，退回摘要）：臺灣高等法院 90 年度 上易 字第 1954 號刑事判決
成功解析（無表格，退回摘要）：臺灣臺南地方法院 90 年度 易 字第 1197 號刑事判決
--- 正在抓取第 23 頁清單 ---
本頁共找到 12 筆案件，開始讀取內文...
成功解析（無表格，退回摘要）：臺灣高雄地方法院 90 年度 自更 字第 7 號刑事裁定
成功解析（無表格，退回摘要）：臺灣臺南地方法院 90 年度 自 字第 3 號刑事判決
成功解析（無表格，退回摘要）：臺灣新北地方法院 90 年度 自 字第 224 號刑事裁定
成功解析（無表格，退回摘要）：福建高等法院金門分院 89 年度 上易 字第 19 號刑事判決
成功解析（無表格，退回摘要）：福建高等法院金門分院 90 年度 上易 字第 14 號刑事判決
成功解析（無表格，退回摘要）：臺灣高等法院 臺南分院 90 年度 聲再 字第 85 號刑事裁定
成功解析（無表格，退回摘要）：臺灣臺中地方法院 89 年度 易 字第 1874 號刑事判決
成功解析（無表格，退回摘要）：臺灣高等法院 90 年度 抗 字第 261 號刑事裁定
成功解析（無表格，退回摘要）：臺灣高等法院 90 年度 上易 字第 859 號刑事判決
成功解析（無表格，退回摘要）：臺灣高等法院 90 年度 上易 字第 923 號刑事判決
成功解析（無表格，退回摘要）：臺灣嘉義地方法院 90 年度 易 字第 480 號刑事判決
成功解析（無表格，退回摘要）：臺灣新北地方法院 89 年度 易 字第 4244 號刑事判決
--- 正在抓取第 24 頁清單 ---
本頁沒有任何案件，這個範圍抓取完畢。
=== 開始抓取區間 (91, 5, 9)-(92, 3, 22)，預期 422 筆 ===
--- 正在抓取第 1 頁清單 ---
本頁共找到 20 筆案件，開始讀取內文...
成功解析（無表格，退回摘要）：臺灣高等法院 92 年度 上易 字第 710 號刑事判決
成功解析（無表格，退回摘要）：臺灣高等法院 92 年度 上易 字第 71 號刑事判決
成功解析（無表格，退回摘要）：臺灣基隆地方法院 92 年度 訴 字第 67 號刑事判決
成功解析（無表格，退回摘要）：臺灣高等法院 花蓮分院 92 年度 上易 字第 34 號刑事判決
成功解析（無表格，退回摘要）：臺灣雲林地方法院 92 年度 易 字第 23 號刑事判決
成功解析（無表格，退回摘要）：臺灣高雄地方法院 92 年度 易 字第 624 號刑事判決
成功解析（無表格，退回摘要）：臺灣高等法院 92 年度 上易 字第 681 號刑事判決
成功解析（無表格，退回摘要）：臺灣高等法院 臺中分院 92 年度 上易 字第 173 號刑事判決
成功解析（無表格，退回摘要）：臺灣臺北地方法院 92 年度 附民 字第 97 號刑事裁定
成功解析（無表格，退回摘要）：臺灣臺北地方法院 91 年度 自 字第 749 號刑事判決
成功解析（無表格，退回摘要）：臺灣高等法院 臺中分院 92 年度 附民 字第 99 號刑事判決
成功解析（無表格，退回摘要）：臺灣高等法院 臺中分院 92 年度 上易 字第 210 號刑事判決
成功解析（無表格，退回摘要）：臺灣新北地方法院 91 年度 自 字第 329 號刑事判決
成功解析（無表格，退回摘要）：臺灣新北地方法院 91 年度 易 字第 1407 號刑事判決
成功解析（無表格，退回摘要）：臺灣高等法院 臺中分院 91 年度 聲再 字第 282 號刑事裁定
成功解析（無表格，退回摘要）：臺灣新北地方法院 92 年度 附民 字第 40 號刑事裁定
成功解析（無表格，退回摘要）：臺灣新北地方法院 92 年度 自 字第 4 號刑事判決
成功解析（無表格，退回摘要）：臺灣臺北地方法院 91 年度 自更(一) 字第 42 號刑事裁定
成功解析（無表格，退回摘要）：臺灣臺南地方法院 92 年度 易 字第 177 號刑事判決
成功解析（無表格，退回摘要）：臺灣基隆地方法院 92 年度 易 字第 60 號刑事判決
--- 正在抓取第 2 頁清單 ---
本頁共找到 20 筆案件，開始讀取內文...
成功解析（無表格，退回摘要）：臺灣新北地方法院 92 年度 易 字第 144 號刑事判決
成功解析（無表格，退回摘要）：臺灣臺北地方法院 92 年度 自 字第 201 號刑事裁定
成功解析（無表格，退回摘要）：臺灣高等法院 臺中分院 92 年度 上易 字第 71 號刑事判決
成功解析（無表格，退回摘要）：臺灣高雄地方法院 91 年度 自 字第 470 號刑事判決
成功解析（無表格，退回摘要）：臺灣臺北地方法院 91 年度 簡上 字第 272 號刑事判決
成功解析（無表格，退回摘要）：臺灣臺北地方法院 91 年度 附民更(一) 字第 4 號刑事判決
成功解析（無表格，退回摘要）：臺灣臺北地方法院 91 年度 自更(一) 字第 31 號刑事判決
成功解析（無表格，退回摘要）：臺灣高等法院 91 年度 抗 字第 723 號刑事裁定
成功解析（無表格，退回摘要）：臺灣高等法院 高雄分院 91 年度 上易 字第 1772 號刑事裁定
成功解析（無表格，退回摘要）：臺灣高等法院 91 年度 上易 字第 3278 號刑事判決
成功解析（無表格，退回摘要）：臺灣新北地方法院 92 年度 附民 字第 74 號刑事裁定
成功解析（無表格，退回摘要）：臺灣高雄地方法院 92 年度 自 字第 91 號刑事裁定
成功解析（無表格，退回摘要）：臺灣新北地方法院 92 年度 易 字第 236 號刑事判決
成功解析（無表格，退回摘要）：臺灣高等法院 花蓮分院 92 年度 上易 字第 33 號刑事判決
成功解析（無表格，退回摘要）：臺灣高等法院 高雄分院 91 年度 上易 字第 1826 號刑事判決
成功解析（無表格，退回摘要）：最高法院 92 年度 台上 字第 956 號刑事判決
成功解析（無表格，退回摘要）：臺灣高等法院 92 年度 抗 字第 96 號刑事裁定
成功解析（無表格，退回摘要）：臺灣高等法院 91 年度 上易 字第 3247 號刑事判決
成功解析（無表格，退回摘要）：臺灣高等法院 91 年度 上易 字第 3148 號刑事判決
成功解析（無表格，退回摘要）：臺灣高等法院 92 年度 抗 字第 95 號刑事裁定
--- 正在抓取第 3 頁清單 ---
本頁共找到 20 筆案件，開始讀取內文...
成功解析（無表格，退回摘要）：臺灣高等法院 高雄分院 92 年度 上易 字第 67 號刑事判決
成功解析（無表格，退回摘要）：臺灣高等法院 91 年度 上易 字第 3266 號刑事判決
成功解析（無表格，退回摘要）：臺灣新竹地方法院 92 年度 易 字第 154 號刑事判決
成功解析（無表格，退回摘要）：臺灣新北地方法院 91 年度 易 字第 3576 號刑事判決
成功解析（無表格，退回摘要）：臺灣臺北地方法院 91 年度 自 字第 791 號刑事判決
成功解析（無表格，退回摘要）：臺灣臺中地方法院 92 年度 易 字第 472 號刑事判決
成功解析（無表格，退回摘要）：臺灣高等法院 91 年度 上易 字第 3474 號刑事判決
成功解析（無表格，退回摘要）：臺灣宜蘭地方法院 92 年度 易 字第 91 號刑事判決
成功解析（無表格，退回摘要）：臺灣臺北地方法院 92 年度 自 字第 100 號刑事裁定
成功解析（無表格，退回摘要）：臺灣高等法院 臺中分院 92 年度 上易 字第 58 號刑事判決
成功解析（無表格，退回摘要）：臺灣新北地方法院 92 年度 易 字第 159 號刑事判決
成功解析（無表格，退回摘要）：臺灣高等法院 92 年度 上易 字第 329 號刑事判決
成功解析（無表格，退回摘要）：臺灣高等法院 92 年度 上易 字第 328 號刑事判決
成功解析（無表格，退回摘要）：臺灣高等法院 92 年度 抗 字第 100 號刑事裁定
成功解析（無表格，退回摘要）：臺灣高等法院 92 年度 上易 字第 169 號刑事判決
成功解析（無表格，退回摘要）：臺灣桃園地方法院 92 年度 自 字第 51 號刑事裁定
成功解析（無表格，退回摘要）：臺灣新北地方法院 92 年度 自 字第 42 號刑事判決
成功解析（無表格，退回摘要）：臺灣高等法院 92 年度 附民 字第 259 號刑事裁定
成功解析（無表格，退回摘要）：臺灣高雄地方法院 93 年度 易 字第 176 號刑事判決
成功解析（無表格，退回摘要）：臺灣高等法院 92 年度 附民上 字第 5 號刑事判決
--- 正在抓取第 4 頁清單 ---
本頁共找到 20 筆案件，開始讀取內文...
成功解析（無表格，退回摘要）：臺灣高等法院 花蓮分院 91 年度 抗 字第 63 號刑事裁定
成功解析（無表格，退回摘要）：臺灣高等法院 92 年度 上易 字第 110 號刑事判決
成功解析（無表格，退回摘要）：臺灣高等法院 91 年度 上易 字第 3283 號刑事判決
成功解析（無表格，退回摘要）：臺灣高等法院 92 年度 上易 字第 30 號刑事判決
成功解析（無表格，退回摘要）：臺灣高等法院 臺中分院 91 年度 附民 字第 130 號刑事裁定
成功解析（無表格，退回摘要）：臺灣高等法院 臺中分院 91 年度 上易 字第 660 號刑事判決
成功解析（無表格，退回摘要）：臺灣高等法院 高雄分院 91 年度 上易 字第 1801 號刑事判決
成功解析（無表格，退回摘要）：臺灣臺北地方法院 91 年度 附民 字第 407 號刑事裁定
成功解析（無表格，退回摘要）：臺灣臺北地方法院 91 年度 自 字第 942 號刑事裁定
成功解析（無表格，退回摘要）：臺灣花蓮地方法院 90 年度 自 字第 30 號刑事判決
成功解析（無表格，退回摘要）：臺灣花蓮地方法院 90 年度 自 字第 30 號刑事判決
成功解析（無表格，退回摘要）：臺灣臺北地方法院 92 年度 易 字第 199 號刑事判決
成功解析（無表格，退回摘要）：臺灣高等法院 92 年度 上易 字第 3 號刑事判決
成功解析（無表格，退回摘要）：臺灣高等法院 92 年度 上易 字第 63 號刑事判決
成功解析（無表格，退回摘要）：臺灣高雄地方法院 92 年度 簡附民上 字第 3 號刑事裁定
成功解析（無表格，退回摘要）：臺灣基隆地方法院 92 年度 基簡 字第 90 號刑事判決
成功解析（無表格，退回摘要）：臺灣高雄地方法院 91 年度 簡上 字第 274 號刑事判決
成功解析（無表格，退回摘要）：臺灣高雄地方法院 92 年度 易 字第 95 號刑事判決
成功解析（無表格，退回摘要）：臺灣臺中地方法院 91 年度 易 字第 1248 號刑事判決
成功解析（無表格，退回摘要）：臺灣屏東地方法院 91 年度 易 字第 1141 號刑事判決
--- 正在抓取第 5 頁清單 ---
本頁共找到 20 筆案件，開始讀取內文...
成功解析（無表格，退回摘要）：臺灣新竹地方法院 91 年度 易 字第 801 號刑事判決
成功解析（無表格，退回摘要）：臺灣新北地方法院 91 年度 自 字第 412 號刑事判決
成功解析（無表格，退回摘要）：臺灣臺南地方法院 91 年度 易 字第 1723 號刑事判決
成功解析（無表格，退回摘要）：臺灣高等法院 91 年度 重附民上 字第 41 號刑事判決
成功解析（無表格，退回摘要）：臺灣高等法院 91 年度 上易 字第 2284 號刑事判決
成功解析（無表格，退回摘要）：臺灣桃園地方法院 91 年度 易 字第 918 號刑事判決
成功解析（無表格，退回摘要）：臺灣臺中地方法院 91 年度 自 字第 788 號刑事判決
成功解析（無表格，退回摘要）：臺灣高等法院 92 年度 上易 字第 148 號刑事判決
成功解析（無表格，退回摘要）：臺灣高等法院 高雄分院 91 年度 上易 字第 1772 號刑事判決
成功解析（無表格，退回摘要）：臺灣高等法院 91 年度 上易 字第 2732 號刑事判決
成功解析（無表格，退回摘要）：臺灣桃園地方法院 91 年度 易 字第 2334 號刑事判決
成功解析（無表格，退回摘要）：臺灣高等法院 92 年度 附民 字第 2 號刑事判決
成功解析（無表格，退回摘要）：臺灣屏東地方法院 91 年度 易 字第 1050 號刑事判決
成功解析（無表格，退回摘要）：臺灣臺東地方法院 91 年度 易 字第 48 號刑事判決
成功解析（無表格，退回摘要）：臺灣高等法院 91 年度 上易 字第 3355 號刑事判決
成功解析（無表格，退回摘要）：臺灣新北地方法院 91 年度 易 字第 2214 號刑事判決
成功解析（無表格，退回摘要）：臺灣高等法院 91 年度 上易 字第 2296 號刑事判決
成功解析（無表格，退回摘要）：臺灣嘉義地方法院 91 年度 易 字第 646 號刑事判決
成功解析（無表格，退回摘要）：臺灣新竹地方法院 86 年度 自 字第 53 號刑事判決
成功解析（無表格，退回摘要）：臺灣高等法院 91 年度 上易 字第 3039 號刑事判決
--- 正在抓取第 6 頁清單 ---
本頁共找到 20 筆案件，開始讀取內文...
成功解析（無表格，退回摘要）：臺灣高等法院 臺中分院 91 年度 上易 字第 2195 號刑事判決
成功解析（無表格，退回摘要）：臺灣高雄地方法院 92 年度 簡 字第 86 號刑事判決
成功解析（無表格，退回摘要）：臺灣屏東地方法院 92 年度 聲判 字第 2 號刑事裁定
成功解析（無表格，退回摘要）：臺灣花蓮地方法院 91 年度 易 字第 194 號刑事判決
成功解析（無表格，退回摘要）：臺灣新北地方法院 91 年度 易 字第 3211 號刑事判決
成功解析（無表格，退回摘要）：臺灣高等法院 91 年度 重附民上 字第 60 號刑事裁定
成功解析（無表格，退回摘要）：臺灣高等法院 91 年度 上易 字第 3202 號刑事判決
成功解析（無表格，退回摘要）：臺灣高等法院 91 年度 上易 字第 3031 號刑事判決
成功解析（無表格，退回摘要）：臺灣高等法院 高雄分院 91 年度 上易 字第 1362 號刑事判決
成功解析（無表格，退回摘要）：臺灣高等法院 91 年度 上易 字第 3044 號刑事判決
成功解析（無表格，退回摘要）：臺灣臺北地方法院 91 年度 自 字第 923 號刑事裁定
成功解析（無表格，退回摘要）：臺灣臺北地方法院 91 年度 簡 字第 4350 號刑事判決
成功解析（無表格，退回摘要）：臺灣新北地方法院 91 年度 簡 字第 399 號刑事判決
成功解析（無表格，退回摘要）：臺灣臺中地方法院 91 年度 易 字第 2687 號刑事判決
成功解析（無表格，退回摘要）：臺灣新北地方法院 91 年度 易 字第 3479 號刑事判決
成功解析（無表格，退回摘要）：臺灣臺中地方法院 91 年度 自 字第 543 號刑事判決
成功解析（無表格，退回摘要）：臺灣桃園地方法院 89 年度 自 字第 236 號刑事判決
成功解析（無表格，退回摘要）：臺灣臺北地方法院 91 年度 自 字第 754 號刑事判決
成功解析（無表格，退回摘要）：臺灣嘉義地方法院 91 年度 易 字第 213 號刑事判決
成功解析（無表格，退回摘要）：臺灣高等法院 91 年度 上易 字第 3473 號刑事判決
--- 正在抓取第 7 頁清單 ---
本頁共找到 20 筆案件，開始讀取內文...
成功解析（無表格，退回摘要）：臺灣高等法院 91 年度 上易 字第 3468 號刑事判決
成功解析（無表格，退回摘要）：臺灣高等法院 91 年度 抗 字第 697 號刑事裁定
成功解析（無表格，退回摘要）：臺灣臺北地方法院 91 年度 簡 字第 4052 號刑事判決
成功解析（無表格，退回摘要）：臺灣基隆地方法院 91 年度 簡上 字第 121 號刑事判決
成功解析（無表格，退回摘要）：臺灣嘉義地方法院 91 年度 簡 字第 1275 號刑事判決
成功解析（無表格，退回摘要）：臺灣士林地方法院 91 年度 易 字第 503 號刑事判決
成功解析（無表格，退回摘要）：臺灣高雄地方法院 91 年度 易 字第 3407 號刑事判決
成功解析（無表格，退回摘要）：臺灣高等法院 91 年度 抗 字第 723 號刑事裁定
成功解析（無表格，退回摘要）：臺灣高等法院 臺南分院 91 年度 重附民上 字第 329 號刑事判決
成功解析（無表格，退回摘要）：臺灣高等法院 臺南分院 91 年度 上易 字第 1234 號刑事判決
成功解析（無表格，退回摘要）：臺灣高等法院 高雄分院 91 年度 上易 字第 1643 號刑事判決
成功解析（無表格，退回摘要）：臺灣高等法院 91 年度 上易 字第 2900 號刑事判決
成功解析（無表格，退回摘要）：臺灣臺北地方法院 91 年度 附民 字第 384 號刑事判決
成功解析（無表格，退回摘要）：臺灣臺北地方法院 91 年度 自 字第 447 號刑事判決
成功解析（無表格，退回摘要）：臺灣高雄地方法院 91 年度 易 字第 4181 號刑事判決
成功解析（無表格，退回摘要）：臺灣高雄地方法院 91 年度 附民 字第 644 號刑事裁定
成功解析（無表格，退回摘要）：臺灣高雄地方法院 91 年度 簡 字第 1620 號刑事判決
成功解析（無表格，退回摘要）：臺灣高雄地方法院 91 年度 易 字第 4073 號刑事判決
成功解析（無表格，退回摘要）：臺灣高雄地方法院 91 年度 易 字第 4074 號刑事判決
成功解析（無表格，退回摘要）：臺灣高雄地方法院 91 年度 易 字第 3505 號刑事判決
--- 正在抓取第 8 頁清單 ---
本頁共找到 20 筆案件，開始讀取內文...
成功解析（無表格，退回摘要）：臺灣高等法院 91 年度 上易 字第 2935 號刑事判決
成功解析（無表格，退回摘要）：臺灣高等法院 91 年度 上易 字第 3300 號刑事判決
成功解析（無表格，退回摘要）：臺灣高等法院 91 年度 上易 字第 3016 號刑事判決
成功解析（無表格，退回摘要）：臺灣新北地方法院 91 年度 易 字第 2747 號刑事判決
成功解析（無表格，退回摘要）：臺灣臺中地方法院 91 年度 自 字第 957 號刑事判決
成功解析（無表格，退回摘要）：臺灣高等法院 臺南分院 91 年度 上易 字第 1257 號刑事判決
成功解析（無表格，退回摘要）：臺灣新北地方法院 91 年度 易 字第 3301 號刑事判決
成功解析（無表格，退回摘要）：臺灣臺中地方法院 91 年度 中簡上 字第 367 號刑事判決
成功解析（無表格，退回摘要）：臺灣高等法院 91 年度 抗 字第 756 號刑事裁定
成功解析（無表格，退回摘要）：臺灣新北地方法院 91 年度 附民 字第 400 號刑事裁定
成功解析（無表格，退回摘要）：臺灣臺北地方法院 91 年度 重附民 字第 102 號刑事裁定
成功解析（無表格，退回摘要）：臺灣臺北地方法院 91 年度 簡 字第 4123 號刑事判決
成功解析（無表格，退回摘要）：臺灣新北地方法院 91 年度 易 字第 2144 號刑事判決
成功解析（無表格，退回摘要）：臺灣南投地方法院 91 年度 附民 字第 84 號刑事裁定
成功解析（無表格，退回摘要）：臺灣南投地方法院 91 年度 易 字第 638 號刑事判決
成功解析（無表格，退回摘要）：臺灣高等法院 91 年度 抗 字第 741 號刑事裁定
成功解析（無表格，退回摘要）：臺灣臺北地方法院 91 年度 易 字第 1329 號刑事判決
成功解析（無表格，退回摘要）：臺灣高等法院 91 年度 上易 字第 2350 號刑事判決
成功解析（無表格，退回摘要）：臺灣彰化地方法院 91 年度 簡上 字第 78 號刑事判決
成功解析（無表格，退回摘要）：臺灣高等法院 臺南分院 91 年度 重附民上 字第 154 號刑事裁定
--- 正在抓取第 9 頁清單 ---
本頁共找到 20 筆案件，開始讀取內文...
成功解析（無表格，退回摘要）：臺灣高等法院 91 年度 抗 字第 707 號刑事裁定
成功解析（無表格，退回摘要）：臺灣高雄地方法院 91 年度 附民 字第 507 號刑事裁定
成功解析（無表格，退回摘要）：臺灣高雄地方法院 91 年度 簡 字第 1365 號刑事判決
成功解析（無表格，退回摘要）：臺灣臺南地方法院 91 年度 易 字第 176 號刑事判決
成功解析（無表格，退回摘要）：臺灣高雄地方法院 91 年度 易 字第 2525 號刑事判決
成功解析（無表格，退回摘要）：臺灣高等法院 91 年度 上易 字第 2975 號刑事判決
成功解析（無表格，退回摘要）：臺灣高等法院 91 年度 抗 字第 557 號刑事裁定
成功解析（無表格，退回摘要）：臺灣臺中地方法院 91 年度 自 字第 788 號刑事裁定
成功解析（無表格，退回摘要）：臺灣高等法院 91 年度 上易 字第 2271 號刑事判決
成功解析（無表格，退回摘要）：臺灣新北地方法院 91 年度 附民 字第 438 號刑事裁定
成功解析（無表格，退回摘要）：臺灣臺北地方法院 91 年度 簡上 字第 118 號刑事判決
成功解析（無表格，退回摘要）：臺灣新北地方法院 91 年度 易 字第 2424 號刑事判決
成功解析（無表格，退回摘要）：臺灣高等法院 高雄分院 91 年度 上易 字第 1096 號刑事判決
成功解析（無表格，退回摘要）：臺灣嘉義地方法院 91 年度 簡 字第 1189 號刑事判決
成功解析（無表格，退回摘要）：臺灣臺北地方法院 90 年度 自 字第 599 號刑事判決
成功解析（無表格，退回摘要）：臺灣高等法院 91 年度 上易 字第 3423 號刑事判決
成功解析（無表格，退回摘要）：臺灣高等法院 91 年度 上易 字第 2823 號刑事判決
成功解析（無表格，退回摘要）：臺灣高雄地方法院 91 年度 附民 字第 437 號刑事裁定
成功解析（無表格，退回摘要）：臺灣南投地方法院 91 年度 易 字第 702 號刑事判決
成功解析（無表格，退回摘要）：臺灣新北地方法院 91 年度 易 字第 2373 號刑事判決
--- 正在抓取第 10 頁清單 ---
本頁共找到 20 筆案件，開始讀取內文...
成功解析（無表格，退回摘要）：臺灣臺北地方法院 91 年度 簡 字第 3586 號刑事判決
成功解析（無表格，退回摘要）：臺灣臺北地方法院 91 年度 自 字第 842 號刑事判決
成功解析（無表格，退回摘要）：臺灣屏東地方法院 91 年度 自 字第 53 號刑事判決
成功解析（無表格，退回摘要）：臺灣臺南地方法院 91 年度 自 字第 214 號刑事判決
成功解析（無表格，退回摘要）：臺灣嘉義地方法院 91 年度 易 字第 111 號刑事判決
成功解析（無表格，退回摘要）：臺灣高等法院 91 年度 上易 字第 2718 號刑事判決
成功解析（無表格，退回摘要）：臺灣新北地方法院 91 年度 自 字第 412 號刑事裁定
成功解析（無表格，退回摘要）：臺灣臺中地方法院 91 年度 易 字第 2404 號刑事判決
成功解析（無表格，退回摘要）：臺灣高等法院 花蓮分院 91 年度 抗 字第 63 號刑事裁定
成功解析（無表格，退回摘要）：臺灣高雄地方法院 91 年度 附民 字第 532 號刑事裁定
成功解析（無表格，退回摘要）：臺灣臺北地方法院 91 年度 自 字第 447 號刑事裁定
成功解析（無表格，退回摘要）：臺灣高雄地方法院 91 年度 自 字第 188 號刑事判決
成功解析（無表格，退回摘要）：臺灣臺東地方法院 91 年度 易 字第 48 號刑事裁定
成功解析（無表格，退回摘要）：臺灣臺北地方法院 91 年度 自 字第 731 號刑事判決
成功解析（無表格，退回摘要）：臺灣高等法院 臺中分院 91 年度 附民 字第 388 號刑事裁定
成功解析（無表格，退回摘要）：臺灣高等法院 臺中分院 91 年度 上易 字第 1882 號刑事判決
成功解析（無表格，退回摘要）：臺灣高等法院 臺中分院 91 年度 上易 字第 1249 號刑事判決
成功解析（無表格，退回摘要）：臺灣屏東地方法院 91 年度 易 字第 810 號刑事判決
成功解析（無表格，退回摘要）：臺灣高等法院 91 年度 上易 字第 2520 號刑事判決
成功解析（無表格，退回摘要）：臺灣臺東地方法院 91 年度 易 字第 205 號刑事判決
--- 正在抓取第 11 頁清單 ---
本頁共找到 20 筆案件，開始讀取內文...
成功解析（無表格，退回摘要）：臺灣澎湖地方法院 91 年度 簡上 字第 3 號刑事判決
成功解析（無表格，退回摘要）：臺灣臺北地方法院 89 年度 自 字第 679 號刑事裁定
成功解析（無表格，退回摘要）：臺灣高等法院 91 年度 上易 字第 2939 號刑事判決
成功解析（無表格，退回摘要）：臺灣高等法院 高雄分院 91 年度 上易 字第 1363 號刑事判決
成功解析（無表格，退回摘要）：臺灣高雄地方法院 91 年度 簡 字第 664 號刑事判決
成功解析（無表格，退回摘要）：臺灣臺北地方法院 90 年度 自 字第 691 號刑事判決
成功解析（無表格，退回摘要）：臺灣臺北地方法院 90 年度 自 字第 691 號刑事判決
成功解析（無表格，退回摘要）：臺灣臺北地方法院 90 年度 自 字第 691 號刑事判決
成功解析（無表格，退回摘要）：臺灣高等法院 臺南分院 91 年度 附民 字第 307 號刑事判決
成功解析（無表格，退回摘要）：臺灣高等法院 臺南分院 91 年度 上易 字第 1118 號刑事判決
成功解析（無表格，退回摘要）：臺灣高等法院 91 年度 上易 字第 2506 號刑事判決
成功解析（無表格，退回摘要）：臺灣高雄地方法院 91 年度 易 字第 3416 號刑事判決
成功解析（無表格，退回摘要）：臺灣高等法院 臺中分院 91 年度 上易 字第 1195 號刑事判決
成功解析（無表格，退回摘要）：臺灣高雄地方法院 91 年度 自 字第 90 號刑事裁定
成功解析（無表格，退回摘要）：臺灣臺中地方法院 91 年度 易 字第 361 號刑事判決
成功解析（無表格，退回摘要）：臺灣高等法院 臺南分院 91 年度 上易 字第 961 號刑事判決
成功解析（無表格，退回摘要）：臺灣高雄地方法院 91 年度 簡 字第 737 號刑事判決
成功解析（無表格，退回摘要）：臺灣高等法院 91 年度 上易 字第 2682 號刑事判決
成功解析（無表格，退回摘要）：臺灣臺中地方法院 91 年度 易 字第 1496 號刑事判決
成功解析（無表格，退回摘要）：臺灣高等法院 89 年度 重附民 字第 137 號刑事判決
--- 正在抓取第 12 頁清單 ---
本頁共找到 20 筆案件，開始讀取內文...
成功解析（無表格，退回摘要）：臺灣高等法院 91 年度 附民 字第 253 號刑事判決
成功解析（無表格，退回摘要）：臺灣高等法院 91 年度 上易 字第 2451 號刑事判決
成功解析（無表格，退回摘要）：臺灣高等法院 88 年度 上易 字第 4736 號刑事判決
成功解析（無表格，退回摘要）：臺灣彰化地方法院 91 年度 簡上 字第 85 號刑事判決
成功解析（無表格，退回摘要）：臺灣臺北地方法院 91 年度 簡 字第 3361 號刑事判決
成功解析（無表格，退回摘要）：臺灣高雄地方法院 91 年度 簡 字第 267 號刑事判決
成功解析（無表格，退回摘要）：臺灣屏東地方法院 91 年度 易 字第 843 號刑事判決
成功解析（無表格，退回摘要）：臺灣臺北地方法院 91 年度 簡附民 字第 75 號刑事裁定
成功解析（無表格，退回摘要）：臺灣臺北地方法院 91 年度 簡 字第 3154 號刑事判決
成功解析（無表格，退回摘要）：臺灣高等法院 90 年度 附民上 字第 80 號刑事判決
成功解析（無表格，退回摘要）：臺灣高等法院 90 年度 上易 字第 2840 號刑事判決
成功解析（無表格，退回摘要）：臺灣高雄地方法院 91 年度 附民 字第 414 號刑事裁定
成功解析（無表格，退回摘要）：臺灣高雄地方法院 91 年度 易 字第 2337 號刑事判決
成功解析（無表格，退回摘要）：臺灣高等法院 高雄分院 91 年度 上易 字第 1154 號刑事判決
成功解析（無表格，退回摘要）：臺灣臺北地方法院 91 年度 附民 字第 299 號刑事判決
成功解析（無表格，退回摘要）：臺灣臺北地方法院 91 年度 自 字第 595 號刑事判決
成功解析（無表格，退回摘要）：臺灣高等法院 91 年度 重附民上 字第 42 號刑事裁定
成功解析（無表格，退回摘要）：臺灣高等法院 91 年度 上易 字第 2314 號刑事判決
成功解析（無表格，退回摘要）：臺灣彰化地方法院 91 年度 易 字第 706 號刑事判決
成功解析（無表格，退回摘要）：臺灣士林地方法院 91 年度 易 字第 507 號刑事判決
--- 正在抓取第 13 頁清單 ---
本頁共找到 20 筆案件，開始讀取內文...
成功解析（無表格，退回摘要）：臺灣高等法院 91 年度 上易 字第 2429 號刑事判決
成功解析（無表格，退回摘要）：臺灣臺北地方法院 90 年度 自 字第 599 號刑事裁定
成功解析（無表格，退回摘要）：臺灣高等法院 91 年度 抗 字第 578 號刑事裁定
成功解析（無表格，退回摘要）：臺灣高等法院 91 年度 上易 字第 2158 號刑事判決
成功解析（無表格，退回摘要）：臺灣高等法院 91 年度 上易 字第 2307 號刑事判決
成功解析（無表格，退回摘要）：臺灣彰化地方法院 91 年度 簡上 字第 71 號刑事判決
成功解析（無表格，退回摘要）：臺灣苗栗地方法院 91 年度 苗簡 字第 495 號刑事判決
成功解析（無表格，退回摘要）：臺灣臺南地方法院 91 年度 易 字第 901 號刑事判決
成功解析（無表格，退回摘要）：臺灣高等法院 91 年度 重附民上 字第 37 號刑事裁定
成功解析（無表格，退回摘要）：臺灣高等法院 91 年度 重附民 字第 91 號刑事判決
成功解析（無表格，退回摘要）：臺灣高等法院 91 年度 上易 字第 2039 號刑事判決
成功解析（無表格，退回摘要）：臺灣高等法院 91 年度 上易 字第 2177 號刑事判決
成功解析（無表格，退回摘要）：臺灣臺北地方法院 91 年度 自 字第 714 號刑事裁定
成功解析（無表格，退回摘要）：福建高等法院金門分院 89 年度 附民上 字第 7 號刑事判決
成功解析（無表格，退回摘要）：福建高等法院金門分院 89 年度 上易 字第 20 號刑事判決
成功解析（無表格，退回摘要）：臺灣苗栗地方法院 91 年度 易 字第 275 號刑事判決
成功解析（無表格，退回摘要）：臺灣高等法院 臺南分院 91 年度 聲再 字第 141 號刑事裁定
成功解析（無表格，退回摘要）：臺灣苗栗地方法院 91 年度 簡上 字第 16 號刑事判決
成功解析（無表格，退回摘要）：臺灣宜蘭地方法院 91 年度 易 字第 338 號刑事判決
成功解析（無表格，退回摘要）：臺灣高等法院 91 年度 上易 字第 1168 號刑事判決
--- 正在抓取第 14 頁清單 ---
本頁共找到 20 筆案件，開始讀取內文...
成功解析（無表格，退回摘要）：臺灣屏東地方法院 91 年度 易 字第 491 號刑事判決
成功解析（無表格，退回摘要）：臺灣桃園地方法院 89 年度 簡上 字第 140 號刑事判決
成功解析（無表格，退回摘要）：臺灣臺東地方法院 91 年度 易 字第 173 號刑事判決
成功解析（無表格，退回摘要）：臺灣高雄地方法院 90 年度 易 字第 631 號刑事判決
成功解析（無表格，退回摘要）：臺灣高等法院 高雄分院 91 年度 附民 字第 39 號刑事裁定
成功解析（無表格，退回摘要）：臺灣高等法院 高雄分院 91 年度 上易 字第 271 號刑事判決
成功解析（無表格，退回摘要）：臺灣高等法院 臺南分院 91 年度 上易 字第 761 號刑事判決
成功解析（無表格，退回摘要）：臺灣高等法院 91 年度 上易 字第 2223 號刑事判決
成功解析（無表格，退回摘要）：臺灣高等法院 臺中分院 91 年度 抗 字第 620 號刑事裁定
成功解析（無表格，退回摘要）：臺灣高等法院 91 年度 上易 字第 1949 號刑事判決
成功解析（無表格，退回摘要）：臺灣新北地方法院 91 年度 易 字第 1908 號刑事判決
成功解析（無表格，退回摘要）：臺灣士林地方法院 91 年度 易 字第 609 號刑事判決
成功解析（無表格，退回摘要）：臺灣高等法院 91 年度 附民 字第 219 號刑事判決
成功解析（無表格，退回摘要）：臺灣高等法院 91 年度 上易 字第 1976 號刑事判決
成功解析（無表格，退回摘要）：臺灣高等法院 91 年度 上易 字第 699 號刑事裁定
成功解析（無表格，退回摘要）：臺灣高等法院 91 年度 上易 字第 2045 號刑事判決
成功解析（無表格，退回摘要）：臺灣高等法院 91 年度 抗 字第 182 號刑事裁定
成功解析（無表格，退回摘要）：臺灣高等法院 臺中分院 91 年度 上易 字第 1493 號刑事判決
成功解析（無表格，退回摘要）：臺灣高等法院 臺中分院 91 年度 抗 字第 570 號刑事裁定
成功解析（無表格，退回摘要）：臺灣新竹地方法院 91 年度 自 字第 39 號刑事裁定
--- 正在抓取第 15 頁清單 ---
本頁共找到 20 筆案件，開始讀取內文...
成功解析（無表格，退回摘要）：臺灣南投地方法院 91 年度 易 字第 240 號刑事判決
成功解析（無表格，退回摘要）：臺灣花蓮地方法院 90 年度 自 字第 45 號刑事裁定
成功解析（無表格，退回摘要）：臺灣高等法院 91 年度 上易 字第 956 號刑事判決
成功解析（無表格，退回摘要）：臺灣高等法院 91 年度 上易 字第 2022 號刑事判決
成功解析（無表格，退回摘要）：臺灣臺南地方法院 91 年度 易 字第 924 號刑事判決
成功解析（無表格，退回摘要）：臺灣臺中地方法院 91 年度 易 字第 1463 號刑事判決
成功解析（無表格，退回摘要）：臺灣高等法院 91 年度 上易 字第 2138 號刑事判決
成功解析（無表格，退回摘要）：臺灣高等法院 91 年度 上易 字第 1701 號刑事判決
成功解析（無表格，退回摘要）：臺灣高等法院 91 年度 上易 字第 1741 號刑事判決
成功解析（無表格，退回摘要）：臺灣高等法院 91 年度 上易 字第 2019 號刑事判決
成功解析（無表格，退回摘要）：臺灣高雄地方法院 91 年度 易 字第 2050 號刑事判決
成功解析（無表格，退回摘要）：臺灣新北地方法院 91 年度 自 字第 326 號刑事裁定
成功解析（無表格，退回摘要）：臺灣高等法院 臺南分院 91 年度 上易 字第 866 號刑事判決
成功解析（無表格，退回摘要）：臺灣新竹地方法院 90 年度 自 字第 44 號刑事判決
成功解析（無表格，退回摘要）：臺灣高等法院 91 年度 附民 字第 166 號刑事判決
成功解析（無表格，退回摘要）：臺灣高等法院 91 年度 上易 字第 1399 號刑事判決
成功解析（無表格，退回摘要）：臺灣高等法院 91 年度 上易 字第 643 號刑事判決
成功解析（無表格，退回摘要）：臺灣高等法院 91 年度 上易 字第 2521 號刑事判決
成功解析（無表格，退回摘要）：臺灣高雄地方法院 90 年度 易 字第 631 號刑事裁定
成功解析（無表格，退回摘要）：臺灣嘉義地方法院 91 年度 簡 字第 683 號刑事判決
--- 正在抓取第 16 頁清單 ---
本頁共找到 20 筆案件，開始讀取內文...
成功解析（無表格，退回摘要）：臺灣嘉義地方法院 91 年度 易 字第 111 號刑事裁定
成功解析（無表格，退回摘要）：臺灣高等法院 臺南分院 91 年度 聲再 字第 141 號刑事裁定
成功解析（無表格，退回摘要）：臺灣高等法院 91 年度 抗 字第 474 號刑事裁定
成功解析（無表格，退回摘要）：臺灣高等法院 91 年度 上易 字第 2044 號刑事判決
成功解析（無表格，退回摘要）：臺灣高等法院 91 年度 上易 字第 1891 號刑事判決
成功解析（無表格，退回摘要）：臺灣高等法院 91 年度 上易 字第 1503 號刑事判決
成功解析（無表格，退回摘要）：臺灣高雄地方法院 91 年度 易 字第 1254 號刑事判決
成功解析（無表格，退回摘要）：臺灣基隆地方法院 91 年度 基簡 字第 562 號刑事判決
成功解析（無表格，退回摘要）：臺灣基隆地方法院 91 年度 基簡 字第 530 號刑事判決
成功解析（無表格，退回摘要）：臺灣屏東地方法院 91 年度 易 字第 710 號刑事判決
成功解析（無表格，退回摘要）：臺灣臺南地方法院 90 年度 自 字第 270 號刑事判決
成功解析（無表格，退回摘要）：臺灣南投地方法院 91 年度 埔刑簡 字第 133 號刑事判決
成功解析（無表格，退回摘要）：臺灣士林地方法院 91 年度 簡 字第 732 號刑事判決
成功解析（無表格，退回摘要）：臺灣士林地方法院 90 年度 易 字第 945 號刑事判決
成功解析（無表格，退回摘要）：臺灣士林地方法院 90 年度 簡上 字第 193 號刑事判決
成功解析（無表格，退回摘要）：臺灣高等法院 臺中分院 91 年度 附民 字第 249 號刑事裁定
成功解析（無表格，退回摘要）：臺灣高等法院 91 年度 上易 字第 2006 號刑事判決
成功解析（無表格，退回摘要）：臺灣高等法院 90 年度 上易 字第 2014 號刑事判決
成功解析（無表格，退回摘要）：臺灣高等法院 臺中分院 91 年度 上易 字第 1138 號刑事判決
成功解析（無表格，退回摘要）：臺灣新北地方法院 91 年度 易 字第 1092 號刑事判決
--- 正在抓取第 17 頁清單 ---
本頁共找到 20 筆案件，開始讀取內文...
成功解析（無表格，退回摘要）：臺灣高雄地方法院 91 年度 簡上 字第 104 號刑事判決
成功解析（無表格，退回摘要）：臺灣新竹地方法院 91 年度 易 字第 423 號刑事判決
成功解析（無表格，退回摘要）：臺灣新北地方法院 91 年度 易 字第 1831 號刑事判決
成功解析（無表格，退回摘要）：臺灣臺北地方法院 91 年度 簡 字第 2274 號刑事判決
成功解析（無表格，退回摘要）：臺灣高等法院 高雄分院 91 年度 上易 字第 809 號刑事判決
成功解析（無表格，退回摘要）：臺灣高等法院 91 年度 上易 字第 1718 號刑事判決
成功解析（無表格，退回摘要）：臺灣新竹地方法院 91 年度 易 字第 494 號刑事判決
成功解析（無表格，退回摘要）：臺灣臺北地方法院 89 年度 易 字第 2674 號刑事判決
成功解析（無表格，退回摘要）：臺灣高等法院 91 年度 附民 字第 194 號刑事判決
成功解析（無表格，退回摘要）：臺灣高等法院 臺南分院 91 年度 附民 字第 213 號刑事判決
成功解析（無表格，退回摘要）：臺灣高等法院 臺南分院 91 年度 上易 字第 480 號刑事判決
成功解析（無表格，退回摘要）：臺灣臺中地方法院 90 年度 自 字第 96 號刑事裁定
成功解析（無表格，退回摘要）：臺灣士林地方法院 91 年度 簡 字第 707 號刑事判決
成功解析（無表格，退回摘要）：臺灣新北地方法院 91 年度 附民 字第 273 號刑事判決
成功解析（無表格，退回摘要）：臺灣嘉義地方法院 91 年度 簡上 字第 10 號刑事判決
成功解析（無表格，退回摘要）：臺灣新北地方法院 91 年度 易 字第 1595 號刑事判決
成功解析（無表格，退回摘要）：臺灣高等法院 91 年度 上易 字第 1296 號刑事判決
成功解析（無表格，退回摘要）：臺灣新北地方法院 91 年度 自 字第 235 號刑事判決
成功解析（無表格，退回摘要）：臺灣高等法院 91 年度 上易 字第 1329 號刑事判決
成功解析（無表格，退回摘要）：臺灣桃園地方法院 90 年度 自 字第 22 號刑事判決
--- 正在抓取第 18 頁清單 ---
本頁共找到 20 筆案件，開始讀取內文...
成功解析（無表格，退回摘要）：臺灣屏東地方法院 91 年度 易 字第 580 號刑事判決
成功解析（無表格，退回摘要）：臺灣南投地方法院 91 年度 附民 字第 11 號刑事判決
成功解析（無表格，退回摘要）：臺灣南投地方法院 91 年度 易 字第 66 號刑事判決
成功解析（無表格，退回摘要）：臺灣高雄地方法院 91 年度 易 字第 1971 號刑事判決
成功解析（無表格，退回摘要）：臺灣高等法院 91 年度 抗 字第 420 號刑事裁定
成功解析（無表格，退回摘要）：臺灣基隆地方法院 91 年度 易 字第 191 號刑事判決
成功解析（無表格，退回摘要）：臺灣澎湖地方法院 91 年度 易 字第 9 號刑事判決
成功解析（無表格，退回摘要）：臺灣高等法院 臺南分院 91 年度 附民 字第 198 號刑事裁定
成功解析（無表格，退回摘要）：臺灣高等法院 臺南分院 91 年度 上易 字第 357 號刑事判決
成功解析（無表格，退回摘要）：臺灣士林地方法院 91 年度 簡 字第 739 號刑事判決
成功解析（無表格，退回摘要）：臺灣高等法院 91 年度 附民上 字第 42 號刑事判決
成功解析（無表格，退回摘要）：臺灣高等法院 91 年度 上易 字第 1497 號刑事判決
成功解析（無表格，退回摘要）：臺灣高等法院 高雄分院 91 年度 附民上 字第 20 號刑事判決
成功解析（無表格，退回摘要）：臺灣臺中地方法院 89 年度 自 字第 1038 號刑事裁定
成功解析（無表格，退回摘要）：臺灣高等法院 91 年度 抗 字第 272 號刑事裁定
成功解析（無表格，退回摘要）：臺灣高等法院 91 年度 抗 字第 271 號刑事裁定
成功解析（無表格，退回摘要）：臺灣新北地方法院 91 年度 重附民 字第 42 號刑事判決
成功解析（無表格，退回摘要）：臺灣花蓮地方法院 91 年度 易 字第 148 號刑事判決
成功解析（無表格，退回摘要）：臺灣苗栗地方法院 91 年度 苗簡 字第 460 號刑事判決
成功解析（無表格，退回摘要）：臺灣臺中地方法院 91 年度 中簡上 字第 167 號刑事判決
--- 正在抓取第 19 頁清單 ---
本頁共找到 20 筆案件，開始讀取內文...
成功解析（無表格，退回摘要）：臺灣臺南地方法院 91 年度 易 字第 511 號刑事判決
成功解析（無表格，退回摘要）：臺灣士林地方法院 90 年度 簡 字第 1107 號刑事判決
成功解析（無表格，退回摘要）：臺灣新北地方法院 91 年度 易 字第 1324 號刑事判決
成功解析（無表格，退回摘要）：臺灣新北地方法院 91 年度 自 字第 184 號刑事判決
成功解析（無表格，退回摘要）：臺灣臺中地方法院 91 年度 易 字第 322 號刑事判決
成功解析（無表格，退回摘要）：臺灣新竹地方法院 90 年度 自 字第 46 號刑事判決
成功解析（無表格，退回摘要）：臺灣高等法院 90 年度 附民上 字第 105 號刑事裁定
成功解析（無表格，退回摘要）：臺灣高等法院 90 年度 上易 字第 3700 號刑事判決
成功解析（無表格，退回摘要）：臺灣高雄地方法院 91 年度 附民 字第 283 號刑事裁定
成功解析（無表格，退回摘要）：臺灣高雄地方法院 91 年度 易 字第 1781 號刑事判決
成功解析（無表格，退回摘要）：臺灣臺北地方法院 91 年度 自 字第 235 號刑事判決
成功解析（無表格，退回摘要）：臺灣新北地方法院 91 年度 易 字第 1539 號刑事判決
成功解析（無表格，退回摘要）：臺灣高等法院 高雄分院 91 年度 上易 字第 563 號刑事判決
成功解析（無表格，退回摘要）：臺灣高等法院 91 年度 上易 字第 1531 號刑事裁定
成功解析（無表格，退回摘要）：臺灣高等法院 91 年度 上易 字第 887 號刑事判決
成功解析（無表格，退回摘要）：臺灣高等法院 91 年度 上易 字第 1078 號刑事判決
成功解析（無表格，退回摘要）：臺灣高雄地方法院 91 年度 附民 字第 114 號刑事裁定
成功解析（無表格，退回摘要）：臺灣新北地方法院 91 年度 易 字第 1299 號刑事判決
成功解析（無表格，退回摘要）：臺灣高雄地方法院 91 年度 簡上 字第 20 號刑事判決
成功解析（無表格，退回摘要）：臺灣高等法院 臺南分院 91 年度 抗 字第 166 號刑事裁定
--- 正在抓取第 20 頁清單 ---
本頁共找到 20 筆案件，開始讀取內文...
成功解析（無表格，退回摘要）：臺灣士林地方法院 91 年度 易 字第 49 號刑事判決
成功解析（無表格，退回摘要）：臺灣臺中地方法院 90 年度 易 字第 3796 號刑事裁定
成功解析（無表格，退回摘要）：臺灣臺東地方法院 91 年度 簡 字第 60 號刑事判決
成功解析（無表格，退回摘要）：臺灣高等法院 臺南分院 91 年度 上易 字第 606 號刑事判決
成功解析（無表格，退回摘要）：臺灣基隆地方法院 91 年度 基簡 字第 406 號刑事判決
成功解析（無表格，退回摘要）：臺灣臺南地方法院 90 年度 自 字第 270 號刑事裁定
成功解析（無表格，退回摘要）：臺灣高等法院 91 年度 上易 字第 1531 號刑事判決
成功解析（無表格，退回摘要）：臺灣高等法院 臺南分院 91 年度 上易 字第 504 號刑事判決
成功解析（無表格，退回摘要）：臺灣高等法院 臺南分院 91 年度 上易 字第 504 號刑事判決
成功解析（無表格，退回摘要）：臺灣彰化地方法院 91 年度 易 字第 486 號刑事判決
成功解析（無表格，退回摘要）：臺灣彰化地方法院 91 年度 易 字第 469 號刑事判決
成功解析（無表格，退回摘要）：臺灣士林地方法院 91 年度 易 字第 405 號刑事判決
成功解析（無表格，退回摘要）：臺灣臺北地方法院 91 年度 自 字第 365 號刑事裁定
成功解析（無表格，退回摘要）：臺灣臺中地方法院 90 年度 易 字第 3796 號刑事判決
成功解析（無表格，退回摘要）：臺灣高等法院 91 年度 附民上 字第 39 號刑事判決
成功解析（無表格，退回摘要）：臺灣高等法院 91 年度 上易 字第 1013 號刑事判決
成功解析（無表格，退回摘要）：臺灣新北地方法院 91 年度 附民 字第 216 號刑事判決
成功解析（無表格，退回摘要）：臺灣新北地方法院 91 年度 易 字第 1282 號刑事判決
成功解析（無表格，退回摘要）：臺灣高等法院 臺南分院 91 年度 上易 字第 523 號刑事判決
成功解析（無表格，退回摘要）：臺灣臺中地方法院 90 年度 中簡上 字第 238 號刑事判決
--- 正在抓取第 21 頁清單 ---
本頁共找到 20 筆案件，開始讀取內文...
成功解析（無表格，退回摘要）：臺灣臺南地方法院 91 年度 易 字第 289 號刑事判決
成功解析（無表格，退回摘要）：臺灣高等法院 91 年度 附民上 字第 23 號刑事判決
成功解析（無表格，退回摘要）：臺灣高等法院 91 年度 上易 字第 699 號刑事判決
成功解析（無表格，退回摘要）：臺灣基隆地方法院 91 年度 簡上 字第 14 號刑事判決
成功解析（無表格，退回摘要）：臺灣臺南地方法院 91 年度 易 字第 485 號刑事判決
成功解析（無表格，退回摘要）：臺灣高等法院 91 年度 上易 字第 1097 號刑事判決
成功解析（無表格，退回摘要）：臺灣高等法院 90 年度 上易 字第 601 號刑事判決
成功解析（無表格，退回摘要）：臺灣嘉義地方法院 91 年度 簡 字第 591 號刑事判決
成功解析（無表格，退回摘要）：臺灣嘉義地方法院 91 年度 簡 字第 622 號刑事判決
成功解析（無表格，退回摘要）：臺灣高等法院 臺南分院 91 年度 上易 字第 262 號刑事判決
成功解析（無表格，退回摘要）：臺灣臺中地方法院 91 年度 自 字第 92 號刑事判決
成功解析（無表格，退回摘要）：臺灣高等法院 91 年度 上易 字第 238 號刑事判決
成功解析（無表格，退回摘要）：臺灣高雄地方法院 91 年度 易 字第 997 號刑事判決
成功解析（無表格，退回摘要）：臺灣高等法院 90 年度 附民 字第 428 號刑事判決
成功解析（無表格，退回摘要）：臺灣高等法院 90 年度 上易 字第 3153 號刑事判決
成功解析（無表格，退回摘要）：臺灣彰化地方法院 91 年度 自 字第 45 號刑事裁定
成功解析（無表格，退回摘要）：臺灣南投地方法院 91 年度 簡上 字第 18 號刑事判決
成功解析（無表格，退回摘要）：臺灣嘉義地方法院 91 年度 易 字第 7 號刑事判決
成功解析（無表格，退回摘要）：臺灣桃園地方法院 91 年度 簡上 字第 2 號刑事判決
成功解析（無表格，退回摘要）：臺灣臺中地方法院 91 年度 自 字第 219 號刑事判決
--- 正在抓取第 22 頁清單 ---
本頁共找到 2 筆案件，開始讀取內文...
成功解析（無表格，退回摘要）：臺灣臺南地方法院 90 年度 易 字第 2176 號刑事判決
成功解析（無表格，退回摘要）：臺灣高等法院 臺南分院 91 年度 上易 字第 483 號刑事判決
--- 正在抓取第 23 頁清單 ---
本頁沒有任何案件，這個範圍抓取完畢。
=== 開始抓取區間 (92, 3, 23)-(92, 8, 28)，預期 286 筆 ===
--- 正在抓取第 1 頁清單 ---
本頁共找到 20 筆案件，開始讀取內文...
成功解析（無表格，退回摘要）：臺灣高等法院 92 年度 附民上 字第 120 號刑事判決
成功解析（無表格，退回摘要）：臺灣高等法院 92 年度 抗 字第 532 號刑事裁定
成功解析（無表格，退回摘要）：臺灣高等法院 高雄分院 92 年度 上易 字第 616 號刑事判決
成功解析（無表格，退回摘要）：臺灣高等法院 臺中分院 92 年度 上易 字第 290 號刑事判決
成功解析（無表格，退回摘要）：臺灣高雄地方法院 92 年度 簡 字第 3145 號刑事判決
成功解析（無表格，退回摘要）：臺灣臺北地方法院 92 年度 易 字第 1282 號刑事判決
成功解析（無表格，退回摘要）：臺灣新北地方法院 92 年度 簡上 字第 72 號刑事判決
成功解析（無表格，退回摘要）：臺灣高等法院 臺中分院 92 年度 上易 字第 1824 號刑事判決
成功解析（無表格，退回摘要）：臺灣臺北地方法院 92 年度 重附民 字第 105 號刑事判決
成功解析（無表格，退回摘要）：臺灣臺北地方法院 92 年度 自 字第 207 號刑事判決
成功解析（無表格，退回摘要）：臺灣臺中地方法院 92 年度 自 字第 189 號刑事判決
成功解析（無表格，退回摘要）：臺灣高等法院 高雄分院 92 年度 附民 字第 121 號刑事判決
成功解析（無表格，退回摘要）：臺灣高等法院 高雄分院 92 年度 上易 字第 884 號刑事判決
成功解析（無表格，退回摘要）：臺灣臺北地方法院 92 年度 自 字第 403 號刑事裁定
成功解析（無表格，退回摘要）：臺灣雲林地方法院 92 年度 易 字第 292 號刑事裁定
成功解析（無表格，退回摘要）：臺灣高等法院 臺中分院 92 年度 附民 字第 277 號刑事判決
成功解析（無表格，退回摘要）：臺灣高等法院 臺中分院 92 年度 上易 字第 1011 號刑事判決
成功解析（無表格，退回摘要）：臺灣高等法院 92 年度 上易 字第 1535 號刑事判決
成功解析（無表格，退回摘要）：臺灣新北地方法院 92 年度 簡 字第 1997 號刑事判決
成功解析（無表格，退回摘要）：臺灣臺北地方法院 92 年度 易 字第 991 號刑事判決
--- 正在抓取第 2 頁清單 ---
本頁共找到 20 筆案件，開始讀取內文...
成功解析（無表格，退回摘要）：臺灣高等法院 92 年度 上易 字第 1537 號刑事判決
成功解析（無表格，退回摘要）：臺灣高雄地方法院 92 年度 簡附民 字第 16 號刑事裁定
成功解析（無表格，退回摘要）：臺灣屏東地方法院 92 年度 簡 字第 225 號刑事判決
成功解析（無表格，退回摘要）：臺灣高雄地方法院 92 年度 簡 字第 1539 號刑事判決
成功解析（無表格，退回摘要）：臺灣高等法院 92 年度 上易 字第 1507 號刑事判決
成功解析（無表格，退回摘要）：臺灣臺北地方法院 91 年度 附民 字第 411 號刑事裁定
成功解析（無表格，退回摘要）：臺灣屏東地方法院 92 年度 易緝 字第 53 號刑事判決
成功解析（無表格，退回摘要）：臺灣新北地方法院 92 年度 易 字第 1001 號刑事判決
成功解析（無表格，退回摘要）：臺灣臺北地方法院 91 年度 易 字第 1722 號刑事判決
成功解析（無表格，退回摘要）：臺灣高等法院 92 年度 重附民 字第 65 號刑事裁定
成功解析（無表格，退回摘要）：臺灣高等法院 92 年度 上易 字第 1515 號刑事判決
成功解析（無表格，退回摘要）：臺灣桃園地方法院 92 年度 簡上 字第 45 號刑事判決
成功解析（無表格，退回摘要）：臺灣高等法院 花蓮分院 92 年度 聲再 字第 32 號刑事裁定
成功解析（無表格，退回摘要）：臺灣高等法院 高雄分院 92 年度 上易 字第 1039 號刑事判決
成功解析（無表格，退回摘要）：臺灣高等法院 92 年度 上易 字第 1711 號刑事判決
成功解析（無表格，退回摘要）：臺灣士林地方法院 92 年度 易 字第 585 號刑事判決
成功解析（無表格，退回摘要）：臺灣高雄地方法院 92 年度 簡上 字第 230 號刑事判決
成功解析（無表格，退回摘要）：臺灣新北地方法院 92 年度 易 字第 2057 號刑事判決
成功解析（無表格，退回摘要）：臺灣高等法院 92 年度 上易 字第 1702 號刑事判決
成功解析（無表格，退回摘要）：臺灣臺中地方法院 92 年度 易 字第 1963 號刑事判決
--- 正在抓取第 3 頁清單 ---
本頁共找到 20 筆案件，開始讀取內文...
成功解析（無表格，退回摘要）：臺灣高雄地方法院 92 年度 易 字第 958 號刑事判決
成功解析（無表格，退回摘要）：臺灣高等法院 92 年度 附民上 字第 54 號刑事判決
成功解析（無表格，退回摘要）：臺灣高等法院 臺南分院 92 年度 上易 字第 589 號刑事判決
成功解析（無表格，退回摘要）：臺灣高等法院 92 年度 上易 字第 933 號刑事判決
成功解析（無表格，退回摘要）：臺灣高等法院 92 年度 抗 字第 479 號刑事裁定
成功解析（無表格，退回摘要）：臺灣士林地方法院 92 年度 自 字第 57 號刑事判決
成功解析（無表格，退回摘要）：臺灣臺南地方法院 92 年度 易 字第 560 號刑事判決
成功解析（無表格，退回摘要）：臺灣高等法院 92 年度 附民 字第 171 號刑事判決
成功解析（無表格，退回摘要）：臺灣高等法院 92 年度 抗 字第 303 號刑事裁定
成功解析（無表格，退回摘要）：臺灣高等法院 臺南分院 92 年度 抗 字第 178 號刑事裁定
成功解析（無表格，退回摘要）：臺灣高等法院 92 年度 上易 字第 1857 號刑事判決
成功解析（無表格，退回摘要）：臺灣高等法院 92 年度 上易 字第 1780 號刑事判決
成功解析（無表格，退回摘要）：臺灣高等法院 92 年度 上易 字第 1386 號刑事判決
成功解析（無表格，退回摘要）：臺灣高等法院 92 年度 上易 字第 1771 號刑事判決
成功解析（無表格，退回摘要）：臺灣高雄地方法院 92 年度 附民 字第 300 號刑事裁定
成功解析（無表格，退回摘要）：臺灣高雄地方法院 92 年度 簡上 字第 330 號刑事判決
成功解析（無表格，退回摘要）：臺灣新北地方法院 92 年度 簡 字第 1676 號刑事判決
成功解析（無表格，退回摘要）：臺灣桃園地方法院 92 年度 易 字第 480 號刑事裁定
成功解析（無表格，退回摘要）：臺灣苗栗地方法院 92 年度 苗簡 字第 593 號刑事判決
成功解析（無表格，退回摘要）：臺灣高雄地方法院 92 年度 簡 字第 2620 號刑事判決
--- 正在抓取第 4 頁清單 ---
本頁共找到 20 筆案件，開始讀取內文...
成功解析（無表格，退回摘要）：臺灣高雄地方法院 92 年度 自 字第 223 號刑事判決
成功解析（無表格，退回摘要）：臺灣臺南地方法院 92 年度 易 字第 821 號刑事判決
成功解析（無表格，退回摘要）：臺灣新竹地方法院 92 年度 易 字第 215 號刑事判決
成功解析（無表格，退回摘要）：臺灣新竹地方法院 92 年度 易 字第 214 號刑事判決
成功解析（無表格，退回摘要）：臺灣士林地方法院 91 年度 易 字第 794 號刑事判決
成功解析（無表格，退回摘要）：臺灣高等法院 高雄分院 92 年度 上易 字第 616 號刑事裁定
成功解析（無表格，退回摘要）：臺灣高等法院 花蓮分院 92 年度 上易 字第 53 號刑事判決
成功解析（無表格，退回摘要）：臺灣苗栗地方法院 92 年度 苗簡 字第 598 號刑事判決
成功解析（無表格，退回摘要）：臺灣臺中地方法院 92 年度 自 字第 237 號刑事判決
成功解析（無表格，退回摘要）：臺灣南投地方法院 92 年度 易 字第 164 號刑事判決
成功解析（無表格，退回摘要）：臺灣新竹地方法院 92 年度 竹簡 字第 413 號刑事判決
成功解析（無表格，退回摘要）：最高法院 92 年度 台非 字第 269 號刑事判決
成功解析（無表格，退回摘要）：臺灣高等法院 92 年度 上易 字第 1529 號刑事判決
成功解析（無表格，退回摘要）：臺灣新北地方法院 92 年度 簡 字第 789 號刑事判決
成功解析（無表格，退回摘要）：臺灣苗栗地方法院 92 年度 易 字第 319 號刑事判決
成功解析（無表格，退回摘要）：臺灣高雄地方法院 92 年度 簡上 字第 96 號刑事判決
成功解析（無表格，退回摘要）：臺灣高等法院 92 年度 附民 字第 131 號刑事判決
成功解析（無表格，退回摘要）：臺灣高等法院 92 年度 上易 字第 1397 號刑事判決
成功解析（無表格，退回摘要）：臺灣臺南地方法院 92 年度 自 字第 154 號刑事裁定
成功解析（無表格，退回摘要）：臺灣士林地方法院 92 年度 易 字第 176 號刑事判決
--- 正在抓取第 5 頁清單 ---
本頁共找到 20 筆案件，開始讀取內文...
成功解析（無表格，退回摘要）：臺灣高等法院 92 年度 重附民 字第 64 號刑事判決
成功解析（無表格，退回摘要）：臺灣臺北地方法院 92 年度 易 字第 321 號刑事判決
成功解析（無表格，退回摘要）：臺灣南投地方法院 92 年度 易 字第 136 號刑事判決
成功解析（無表格，退回摘要）：臺灣新北地方法院 92 年度 自 字第 226 號刑事判決
成功解析（無表格，退回摘要）：臺灣臺北地方法院 92 年度 易 字第 557 號刑事判決
成功解析（無表格，退回摘要）：臺灣新北地方法院 92 年度 附民 字第 189 號刑事判決
成功解析（無表格，退回摘要）：臺灣新北地方法院 92 年度 易 字第 1522 號刑事判決
成功解析（無表格，退回摘要）：臺灣士林地方法院 92 年度 易 字第 392 號刑事判決
成功解析（無表格，退回摘要）：臺灣新北地方法院 92 年度 易 字第 698 號刑事判決
成功解析（無表格，退回摘要）：臺灣新北地方法院 92 年度 附民 字第 27 號刑事判決
成功解析（無表格，退回摘要）：臺灣臺中地方法院 92 年度 自 字第 588 號刑事判決
成功解析（無表格，退回摘要）：臺灣新北地方法院 92 年度 自 字第 201 號刑事判決
成功解析（無表格，退回摘要）：臺灣花蓮地方法院 92 年度 附民 字第 30 號刑事判決
成功解析（無表格，退回摘要）：臺灣花蓮地方法院 92 年度 自 字第 19 號刑事判決
成功解析（無表格，退回摘要）：臺灣高雄地方法院 92 年度 簡 字第 1326 號刑事判決
成功解析（無表格，退回摘要）：臺灣高等法院 花蓮分院 91 年度 上易 字第 68 號刑事判決
成功解析（無表格，退回摘要）：臺灣高等法院 92 年度 附民上 字第 63 號刑事判決
成功解析（無表格，退回摘要）：臺灣高等法院 92 年度 上易 字第 988 號刑事判決
成功解析（無表格，退回摘要）：臺灣高雄地方法院 92 年度 附民 字第 138 號刑事判決
成功解析（無表格，退回摘要）：臺灣高雄地方法院 92 年度 易 字第 615 號刑事判決
--- 正在抓取第 6 頁清單 ---
本頁共找到 20 筆案件，開始讀取內文...
成功解析（無表格，退回摘要）：臺灣高等法院 高雄分院 92 年度 附民 字第 81 號刑事裁定
成功解析（無表格，退回摘要）：臺灣高等法院 92 年度 上易 字第 1272 號刑事裁定
成功解析（無表格，退回摘要）：臺灣高等法院 臺中分院 92 年度 上易 字第 578 號刑事判決
成功解析（無表格，退回摘要）：臺灣高等法院 高雄分院 92 年度 上易 字第 575 號刑事判決
成功解析（無表格，退回摘要）：臺灣臺中地方法院 92 年度 易 字第 1205 號刑事判決
成功解析（無表格，退回摘要）：臺灣臺東地方法院 91 年度 易 字第 202 號刑事判決
成功解析（無表格，退回摘要）：臺灣高等法院 花蓮分院 92 年度 聲再 字第 21 號刑事裁定
成功解析（無表格，退回摘要）：臺灣臺北地方法院 92 年度 簡 字第 2313 號刑事判決
成功解析（無表格，退回摘要）：臺灣臺北地方法院 92 年度 易 字第 991 號刑事裁定
成功解析（無表格，退回摘要）：臺灣高等法院 92 年度 上易 字第 1355 號刑事判決
成功解析（無表格，退回摘要）：臺灣臺北地方法院 92 年度 自更(一) 字第 33 號刑事判決
成功解析（無表格，退回摘要）：臺灣新竹地方法院 92 年度 易 字第 283 號刑事判決
成功解析（無表格，退回摘要）：臺灣高等法院 92 年度 上易 字第 1111 號刑事判決
成功解析（無表格，退回摘要）：臺灣嘉義地方法院 92 年度 簡 字第 733 號刑事判決
成功解析（無表格，退回摘要）：臺灣高雄地方法院 92 年度 易 字第 1567 號刑事判決
成功解析（無表格，退回摘要）：臺灣臺南地方法院 92 年度 易 字第 469 號刑事判決
成功解析（無表格，退回摘要）：臺灣苗栗地方法院 92 年度 易 字第 233 號刑事判決
成功解析（無表格，退回摘要）：臺灣臺北地方法院 92 年度 自 字第 426 號刑事判決
成功解析（無表格，退回摘要）：臺灣高雄地方法院 92 年度 簡 字第 2330 號刑事判決
成功解析（無表格，退回摘要）：臺灣高等法院 92 年度 附民 字第 113 號刑事裁定
--- 正在抓取第 7 頁清單 ---
本頁共找到 20 筆案件，開始讀取內文...
成功解析（無表格，退回摘要）：臺灣高等法院 92 年度 附民 字第 111 號刑事裁定
成功解析（無表格，退回摘要）：臺灣高等法院 92 年度 上易 字第 1257 號刑事判決
成功解析（無表格，退回摘要）：臺灣臺北地方法院 92 年度 易 字第 1037 號刑事判決
成功解析（無表格，退回摘要）：臺灣臺北地方法院 92 年度 易 字第 1020 號刑事判決
成功解析（無表格，退回摘要）：臺灣高等法院 臺中分院 92 年度 上易 字第 851 號刑事判決
成功解析（無表格，退回摘要）：臺灣臺北地方法院 92 年度 易 字第 75 號刑事判決
成功解析（無表格，退回摘要）：臺灣新北地方法院 92 年度 易 字第 1153 號刑事判決
成功解析（無表格，退回摘要）：臺灣臺中地方法院 92 年度 易 字第 1384 號刑事判決
成功解析（無表格，退回摘要）：臺灣桃園地方法院 91 年度 易 字第 265 號刑事判決
成功解析（無表格，退回摘要）：臺灣高等法院 92 年度 上易 字第 502 號刑事裁定
成功解析（無表格，退回摘要）：臺灣高等法院 92 年度 上易 字第 1701 號刑事判決
成功解析（無表格，退回摘要）：臺灣臺北地方法院 92 年度 易 字第 237 號刑事判決
成功解析（無表格，退回摘要）：臺灣高等法院 臺中分院 92 年度 上易 字第 1481 號刑事判決
成功解析（無表格，退回摘要）：臺灣高雄地方法院 92 年度 易 字第 1495 號刑事判決
成功解析（無表格，退回摘要）：臺灣臺中地方法院 92 年度 易 字第 1382 號刑事判決
成功解析（無表格，退回摘要）：臺灣高等法院 90 年度 重附民上 字第 58 號刑事判決
成功解析（無表格，退回摘要）：臺灣高等法院 90 年度 上易 字第 3092 號刑事判決
成功解析（無表格，退回摘要）：臺灣臺北地方法院 92 年度 重附民 字第 54 號刑事裁定
成功解析（無表格，退回摘要）：臺灣新北地方法院 92 年度 易 字第 1952 號刑事判決
成功解析（無表格，退回摘要）：臺灣臺北地方法院 92 年度 易 字第 30 號刑事判決
--- 正在抓取第 8 頁清單 ---
本頁共找到 20 筆案件，開始讀取內文...
成功解析（無表格，退回摘要）：臺灣臺北地方法院 92 年度 易 字第 369 號刑事判決
成功解析（無表格，退回摘要）：臺灣高等法院 91 年度 重附民上 字第 68 號刑事判決
成功解析（無表格，退回摘要）：臺灣高等法院 91 年度 上易 字第 3324 號刑事判決
成功解析（無表格，退回摘要）：臺灣高等法院 92 年度 抗 字第 382 號刑事裁定
成功解析（無表格，退回摘要）：臺灣高等法院 92 年度 抗 字第 384 號刑事裁定
成功解析（無表格，退回摘要）：臺灣高雄地方法院 92 年度 易 字第 1494 號刑事判決
成功解析（無表格，退回摘要）：臺灣高雄地方法院 92 年度 簡上附民 字第 7 號刑事裁定
成功解析（無表格，退回摘要）：臺灣嘉義地方法院 92 年度 自 字第 28 號刑事裁定
成功解析（無表格，退回摘要）：臺灣高雄地方法院 92 年度 簡上 字第 197 號刑事判決
成功解析（無表格，退回摘要）：臺灣臺中地方法院 92 年度 易 字第 907 號刑事判決
成功解析（無表格，退回摘要）：臺灣基隆地方法院 92 年度 易 字第 129 號刑事判決
成功解析（無表格，退回摘要）：臺灣高等法院 92 年度 上易 字第 1024 號刑事判決
成功解析（無表格，退回摘要）：臺灣桃園地方法院 92 年度 易 字第 480 號刑事裁定
成功解析（無表格，退回摘要）：臺灣高雄地方法院 92 年度 簡 字第 2173 號刑事判決
成功解析（無表格，退回摘要）：臺灣花蓮地方法院 91 年度 自 字第 64 號刑事判決
成功解析（無表格，退回摘要）：臺灣新北地方法院 92 年度 附民 字第 216 號刑事裁定
成功解析（無表格，退回摘要）：臺灣新北地方法院 91 年度 易 字第 3029 號刑事判決
成功解析（無表格，退回摘要）：臺灣新北地方法院 92 年度 自 字第 106 號刑事判決
成功解析（無表格，退回摘要）：臺灣基隆地方法院 92 年度 基簡 字第 540 號刑事判決
成功解析（無表格，退回摘要）：臺灣臺東地方法院 92 年度 易 字第 149 號刑事判決
--- 正在抓取第 9 頁清單 ---
本頁共找到 20 筆案件，開始讀取內文...
成功解析（無表格，退回摘要）：臺灣臺北地方法院 92 年度 簡上 字第 33 號刑事判決
成功解析（無表格，退回摘要）：臺灣士林地方法院 92 年度 易緝 字第 10 號刑事判決
成功解析（無表格，退回摘要）：臺灣高等法院 92 年度 重附民上 字第 13 號刑事判決
成功解析（無表格，退回摘要）：臺灣高等法院 92 年度 上易 字第 502 號刑事判決
成功解析（無表格，退回摘要）：臺灣士林地方法院 92 年度 自更（一） 字第 5 號刑事裁定
成功解析（無表格，退回摘要）：臺灣新北地方法院 92 年度 自 字第 33 號刑事裁定
成功解析（無表格，退回摘要）：臺灣高等法院 92 年度 上易 字第 1223 號刑事判決
成功解析（無表格，退回摘要）：臺灣高等法院 91 年度 上易 字第 3185 號刑事判決
成功解析（無表格，退回摘要）：臺灣彰化地方法院 91 年度 易 字第 934 號刑事判決
成功解析（無表格，退回摘要）：臺灣宜蘭地方法院 92 年度 易 字第 218 號刑事判決
成功解析（無表格，退回摘要）：臺灣高等法院 92 年度 上易 字第 1353 號刑事判決
成功解析（無表格，退回摘要）：臺灣高等法院 92 年度 上易 字第 729 號刑事判決
成功解析（無表格，退回摘要）：臺灣高等法院 92 年度 上易 字第 498 號刑事判決
成功解析（無表格，退回摘要）：臺灣高雄地方法院 92 年度 附民 字第 199 號刑事判決
成功解析（無表格，退回摘要）：臺灣新竹地方法院 92 年度 易 字第 251 號刑事判決
成功解析（無表格，退回摘要）：臺灣士林地方法院 91 年度 自 字第 243 號刑事判決
成功解析（無表格，退回摘要）：臺灣臺中地方法院 92 年度 自 字第 189 號刑事裁定
成功解析（無表格，退回摘要）：臺灣彰化地方法院 92 年度 自 字第 24 號刑事判決
成功解析（無表格，退回摘要）：臺灣高雄地方法院 92 年度 附民 字第 218 號刑事裁定
成功解析（無表格，退回摘要）：臺灣高雄地方法院 92 年度 簡 字第 1983 號刑事判決
--- 正在抓取第 10 頁清單 ---
本頁共找到 20 筆案件，開始讀取內文...
成功解析（無表格，退回摘要）：臺灣高雄地方法院 92 年度 自 字第 96 號刑事判決
成功解析（無表格，退回摘要）：臺灣臺南地方法院 92 年度 簡上 字第 42 號刑事判決
成功解析（無表格，退回摘要）：臺灣彰化地方法院 92 年度 易 字第 369 號刑事判決
成功解析（無表格，退回摘要）：臺灣高雄地方法院 92 年度 簡 字第 1666 號刑事判決
成功解析（無表格，退回摘要）：臺灣新北地方法院 92 年度 易 字第 888 號刑事判決
成功解析（無表格，退回摘要）：臺灣高雄地方法院 92 年度 自 字第 163 號刑事判決
成功解析（無表格，退回摘要）：臺灣宜蘭地方法院 92 年度 自 字第 10 號刑事判決
成功解析（無表格，退回摘要）：臺灣高等法院 92 年度 抗 字第 263 號刑事裁定
成功解析（無表格，退回摘要）：臺灣高等法院 高雄分院 92 年度 上易 字第 607 號刑事判決
成功解析（無表格，退回摘要）：臺灣南投地方法院 92 年度 易 字第 213 號刑事判決
成功解析（無表格，退回摘要）：臺灣高雄地方法院 91 年度 易 字第 1386 號刑事判決
成功解析（無表格，退回摘要）：臺灣新北地方法院 91 年度 易 字第 2436 號刑事判決
成功解析（無表格，退回摘要）：臺灣臺北地方法院 92 年度 自 字第 238 號刑事判決
成功解析（無表格，退回摘要）：臺灣高等法院 91 年度 上易 字第 3324 號刑事裁定
成功解析（無表格，退回摘要）：臺灣高等法院 花蓮分院 92 年度 聲再 字第 13 號刑事裁定
成功解析（無表格，退回摘要）：臺灣新竹地方法院 92 年度 竹簡 字第 258 號刑事判決
成功解析（無表格，退回摘要）：臺灣新北地方法院 92 年度 易 字第 1550 號刑事判決
成功解析（無表格，退回摘要）：臺灣臺北地方法院 92 年度 易 字第 681 號刑事判決
成功解析（無表格，退回摘要）：臺灣高等法院 92 年度 上易 字第 1161 號刑事判決
成功解析（無表格，退回摘要）：臺灣苗栗地方法院 91 年度 易 字第 638 號刑事判決
--- 正在抓取第 11 頁清單 ---
本頁共找到 20 筆案件，開始讀取內文...
成功解析（無表格，退回摘要）：臺灣臺北地方法院 91 年度 易 字第 1489 號刑事判決
成功解析（無表格，退回摘要）：臺灣臺北地方法院 91 年度 簡上 字第 132 號刑事判決
成功解析（無表格，退回摘要）：臺灣高等法院 92 年度 上易 字第 990 號刑事判決
成功解析（無表格，退回摘要）：臺灣高等法院 92 年度 上易 字第 998 號刑事判決
成功解析（無表格，退回摘要）：臺灣高等法院 臺中分院 91 年度 上易 字第 1596 號刑事判決
成功解析（無表格，退回摘要）：臺灣臺北地方法院 92 年度 簡附民 字第 38 號刑事裁定
成功解析（無表格，退回摘要）：臺灣苗栗地方法院 92 年度 易 字第 174 號刑事判決
成功解析（無表格，退回摘要）：臺灣南投地方法院 92 年度 投刑簡 字第 174 號刑事判決
成功解析（無表格，退回摘要）：臺灣高等法院 92 年度 上易 字第 1044 號刑事判決
成功解析（無表格，退回摘要）：臺灣高等法院 92 年度 上易 字第 412 號刑事判決
成功解析（無表格，退回摘要）：臺灣臺北地方法院 92 年度 附民 字第 166 號刑事裁定
成功解析（無表格，退回摘要）：臺灣士林地方法院 92 年度 自 字第 12 號刑事判決
成功解析（無表格，退回摘要）：臺灣臺北地方法院 92 年度 易 字第 647 號刑事判決
成功解析（無表格，退回摘要）：臺灣高雄地方法院 92 年度 簡 字第 1065 號刑事判決
成功解析（無表格，退回摘要）：臺灣臺北地方法院 92 年度 簡 字第 807 號刑事判決
成功解析（無表格，退回摘要）：臺灣高等法院 92 年度 抗 字第 252 號刑事裁定
成功解析（無表格，退回摘要）：臺灣南投地方法院 92 年度 易 字第 170 號刑事判決
成功解析（無表格，退回摘要）：臺灣桃園地方法院 90 年度 自 字第 61 號刑事判決
成功解析（無表格，退回摘要）：臺灣高等法院 92 年度 上易 字第 652 號刑事裁定
成功解析（無表格，退回摘要）：臺灣新北地方法院 92 年度 附民 字第 115 號刑事判決
--- 正在抓取第 12 頁清單 ---
本頁共找到 20 筆案件，開始讀取內文...
成功解析（無表格，退回摘要）：臺灣高等法院 92 年度 抗 字第 191 號刑事裁定
成功解析（無表格，退回摘要）：臺灣高等法院 91 年度 上易 字第 2466 號刑事判決
成功解析（無表格，退回摘要）：臺灣高雄地方法院 92 年度 簡上 字第 92 號刑事判決
成功解析（無表格，退回摘要）：臺灣高等法院 92 年度 上易 字第 848 號刑事判決
成功解析（無表格，退回摘要）：臺灣彰化地方法院 92 年度 易 字第 100 號刑事裁定
成功解析（無表格，退回摘要）：臺灣高雄地方法院 92 年度 簡 字第 921 號刑事判決
成功解析（無表格，退回摘要）：臺灣高等法院 臺南分院 92 年度 附民 字第 64 號刑事裁定
成功解析（無表格，退回摘要）：臺灣高等法院 臺南分院 92 年度 上易 字第 209 號刑事判決
成功解析（無表格，退回摘要）：臺灣高等法院 92 年度 抗 字第 241 號刑事裁定
成功解析（無表格，退回摘要）：臺灣嘉義地方法院 92 年度 自 字第 23 號刑事判決
成功解析（無表格，退回摘要）：臺灣高等法院 91 年度 上易 字第 2392 號刑事判決
成功解析（無表格，退回摘要）：臺灣臺北地方法院 92 年度 易 字第 752 號刑事判決
成功解析（無表格，退回摘要）：臺灣高等法院 92 年度 上易 字第 904 號刑事判決
成功解析（無表格，退回摘要）：臺灣新北地方法院 92 年度 易 字第 966 號刑事判決
成功解析（無表格，退回摘要）：臺灣臺南地方法院 91 年度 易 字第 1731 號刑事判決
成功解析（無表格，退回摘要）：臺灣高等法院 92 年度 上易 字第 940 號刑事判決
成功解析（無表格，退回摘要）：臺灣高等法院 92 年度 上易 字第 94 號刑事判決
成功解析（無表格，退回摘要）：臺灣臺北地方法院 91 年度 重附民 字第 97 號刑事判決
成功解析（無表格，退回摘要）：臺灣臺北地方法院 91 年度 重附民 字第 97 號刑事裁定
成功解析（無表格，退回摘要）：臺灣高雄地方法院 92 年度 簡 字第 1313 號刑事判決
--- 正在抓取第 13 頁清單 ---
本頁共找到 20 筆案件，開始讀取內文...
成功解析（無表格，退回摘要）：臺灣臺北地方法院 91 年度 易 字第 429 號刑事判決
成功解析（無表格，退回摘要）：臺灣南投地方法院 91 年度 投刑簡 字第 734 號刑事判決
成功解析（無表格，退回摘要）：臺灣臺北地方法院 91 年度 自更(一) 字第 56 號刑事判決
成功解析（無表格，退回摘要）：臺灣屏東地方法院 92 年度 易 字第 42 號刑事判決
成功解析（無表格，退回摘要）：臺灣臺北地方法院 89 年度 自 字第 186 號刑事判決
成功解析（無表格，退回摘要）：臺灣高等法院 92 年度 上易 字第 518 號刑事判決
成功解析（無表格，退回摘要）：臺灣新北地方法院 91 年度 易 字第 2882 號刑事判決
成功解析（無表格，退回摘要）：臺灣臺北地方法院 91 年度 附民 字第 180 號刑事裁定
成功解析（無表格，退回摘要）：臺灣臺北地方法院 91 年度 易 字第 1293 號刑事判決
成功解析（無表格，退回摘要）：臺灣臺北地方法院 91 年度 簡上 字第 98 號刑事判決
成功解析（無表格，退回摘要）：臺灣高等法院 92 年度 抗 字第 146 號刑事裁定
成功解析（無表格，退回摘要）：臺灣高雄地方法院 92 年度 簡 字第 1067 號刑事判決
成功解析（無表格，退回摘要）：臺灣新竹地方法院 91 年度 易 字第 900 號刑事判決
成功解析（無表格，退回摘要）：臺灣高等法院 92 年度 抗 字第 19 號刑事裁定
成功解析（無表格，退回摘要）：臺灣士林地方法院 92 年度 自 字第 12 號刑事裁定
成功解析（無表格，退回摘要）：臺灣新北地方法院 91 年度 易 字第 3474 號刑事裁定
成功解析（無表格，退回摘要）：臺灣高等法院 92 年度 上易 字第 64 號刑事判決
成功解析（無表格，退回摘要）：臺灣新北地方法院 92 年度 簡 字第 184 號刑事判決
成功解析（無表格，退回摘要）：臺灣高等法院 92 年度 抗 字第 176 號刑事裁定
成功解析（無表格，退回摘要）：臺灣高等法院 92 年度 上易 字第 499 號刑事裁定
--- 正在抓取第 14 頁清單 ---
本頁共找到 20 筆案件，開始讀取內文...
成功解析（無表格，退回摘要）：臺灣高等法院 92 年度 附民 字第 49 號刑事判決
成功解析（無表格，退回摘要）：臺灣高等法院 92 年度 上易 字第 812 號刑事判決
成功解析（無表格，退回摘要）：臺灣高等法院 92 年度 上易 字第 771 號刑事判決
成功解析（無表格，退回摘要）：臺灣高等法院 高雄分院 91 年度 上易 字第 1706 號刑事判決
成功解析（無表格，退回摘要）：臺灣高等法院 高雄分院 92 年度 上易 字第 170 號刑事判決
成功解析（無表格，退回摘要）：臺灣高等法院 91 年度 上易 字第 3440 號刑事判決
成功解析（無表格，退回摘要）：臺灣高等法院 91 年度 上易 字第 344 號刑事判決
成功解析（無表格，退回摘要）：臺灣高雄地方法院 92 年度 自 字第 91 號刑事判決
成功解析（無表格，退回摘要）：臺灣高等法院 92 年度 上易 字第 799 號刑事判決
成功解析（無表格，退回摘要）：臺灣高等法院 92 年度 上易 字第 45 號刑事判決
成功解析（無表格，退回摘要）：臺灣彰化地方法院 92 年度 易 字第 117 號刑事判決
成功解析（無表格，退回摘要）：臺灣臺北地方法院 92 年度 自 字第 139 號刑事裁定
成功解析（無表格，退回摘要）：臺灣高雄地方法院 91 年度 自 字第 466 號刑事判決
成功解析（無表格，退回摘要）：臺灣臺北地方法院 89 年度 自 字第 868 號刑事判決
成功解析（無表格，退回摘要）：臺灣高等法院 92 年度 上易 字第 769 號刑事判決
成功解析（無表格，退回摘要）：臺灣高雄地方法院 92 年度 附民 字第 110 號刑事判決
成功解析（無表格，退回摘要）：臺灣彰化地方法院 92 年度 易 字第 206 號刑事判決
成功解析（無表格，退回摘要）：臺灣高雄地方法院 91 年度 自 字第 330 號刑事判決
成功解析（無表格，退回摘要）：臺灣高等法院 91 年度 附民 字第 349 號刑事判決
成功解析（無表格，退回摘要）：臺灣高等法院 91 年度 上易 字第 1451 號刑事判決
--- 正在抓取第 15 頁清單 ---
本頁共找到 6 筆案件，開始讀取內文...
成功解析（無表格，退回摘要）：臺灣苗栗地方法院 91 年度 簡上 字第 90 號刑事判決
成功解析（無表格，退回摘要）：臺灣臺南地方法院 91 年度 南簡上 字第 252 號刑事判決
成功解析（無表格，退回摘要）：臺灣臺北地方法院 92 年度 自 字第 121 號刑事判決
成功解析（無表格，退回摘要）：臺灣臺北地方法院 91 年度 自 字第 617 號刑事裁定
成功解析（無表格，退回摘要）：臺灣高雄地方法院 92 年度 附民 字第 3 號刑事判決
成功解析（無表格，退回摘要）：臺灣高雄地方法院 91 年度 易 字第 3884 號刑事判決
--- 正在抓取第 16 頁清單 ---
本頁沒有任何案件，這個範圍抓取完畢。
=== 開始抓取區間 (92, 8, 29)-(93, 2, 3)，預期 272 筆 ===
--- 正在抓取第 1 頁清單 ---
本頁共找到 20 筆案件，開始讀取內文...
成功解析（無表格，退回摘要）：臺灣高等法院 92 年度 附民上 字第 153 號刑事判決
成功解析（無表格，退回摘要）：臺灣高等法院 92 年度 上易 字第 3331 號刑事判決
成功解析（無表格，退回摘要）：臺灣高等法院 93 年度 附民 字第 16 號刑事裁定
成功解析（無表格，退回摘要）：臺灣高等法院 92 年度 上易 字第 3537 號刑事判決
成功解析（無表格，退回摘要）：臺灣臺中地方法院 92 年度 豐簡上 字第 521 號刑事裁定
成功解析（無表格，退回摘要）：臺灣新北地方法院 92 年度 簡 字第 3063 號刑事判決
成功解析（無表格，退回摘要）：臺灣基隆地方法院 92 年度 易 字第 298 號刑事判決
成功解析（無表格，退回摘要）：臺灣高雄地方法院 92 年度 簡 字第 4182 號刑事判決
成功解析（無表格，退回摘要）：臺灣高等法院 臺南分院 92 年度 上易 字第 1116 號刑事判決
成功解析（無表格，退回摘要）：臺灣臺北地方法院 92 年度 簡上 字第 25 號刑事裁定
成功解析（無表格，退回摘要）：臺灣南投地方法院 92 年度 埔附民 字第 7 號刑事判決
成功解析（無表格，退回摘要）：臺灣桃園地方法院 92 年度 易 字第 942 號刑事判決
成功解析（無表格，退回摘要）：臺灣新竹地方法院 93 年度 易 字第 27 號刑事判決
成功解析（無表格，退回摘要）：臺灣高等法院 花蓮分院 93 年度 聲再 字第 3 號刑事裁定
成功解析（無表格，退回摘要）：臺灣高等法院 92 年度 上易 字第 2815 號刑事判決
成功解析（無表格，退回摘要）：臺灣高等法院 臺中分院 93 年度 聲再 字第 18 號刑事裁定
成功解析（無表格，退回摘要）：臺灣高等法院 92 年度 上易 字第 3522 號刑事判決
成功解析（無表格，退回摘要）：臺灣苗栗地方法院 91 年度 簡上 字第 84 號刑事判決
成功解析（無表格，退回摘要）：臺灣高等法院 93 年度 附民 字第 9 號刑事判決
成功解析（無表格，退回摘要）：臺灣高等法院 92 年度 上易 字第 2736 號刑事判決
--- 正在抓取第 2 頁清單 ---
本頁共找到 20 筆案件，開始讀取內文...
成功解析（無表格，退回摘要）：臺灣高等法院 臺南分院 92 年度 上易 字第 1130 號刑事判決
成功解析（無表格，退回摘要）：臺灣臺北地方法院 92 年度 易 字第 2202 號刑事判決
成功解析（無表格，退回摘要）：臺灣高雄地方法院 92 年度 簡上 字第 486 號刑事判決
成功解析（無表格，退回摘要）：臺灣臺中地方法院 92 年度 豐簡上 字第 521 號刑事判決
成功解析（無表格，退回摘要）：臺灣嘉義地方法院 93 年度 簡 字第 29 號刑事判決
成功解析（無表格，退回摘要）：臺灣士林地方法院 92 年度 易 字第 647 號刑事判決
成功解析（無表格，退回摘要）：臺灣臺中地方法院 93 年度 自 字第 16 號刑事裁定
成功解析（無表格，退回摘要）：臺灣高雄地方法院 92 年度 簡上附民 字第 11 號刑事裁定
成功解析（無表格，退回摘要）：臺灣新北地方法院 92 年度 自 字第 308 號刑事裁定
成功解析（無表格，退回摘要）：臺灣高雄地方法院 92 年度 簡上 字第 244 號刑事判決
成功解析（無表格，退回摘要）：臺灣新北地方法院 92 年度 附民 字第 483 號刑事裁定
成功解析（無表格，退回摘要）：臺灣新北地方法院 92 年度 易 字第 2799 號刑事判決
成功解析（無表格，退回摘要）：臺灣新北地方法院 91 年度 簡上 字第 248 號刑事判決
成功解析（無表格，退回摘要）：臺灣高等法院 92 年度 上易 字第 3468 號刑事判決
成功解析（無表格，退回摘要）：臺灣高等法院 92 年度 上易 字第 3265 號刑事判決
成功解析（無表格，退回摘要）：臺灣屏東地方法院 93 年度 自 字第 2 號刑事裁定
成功解析（無表格，退回摘要）：臺灣屏東地方法院 93 年度 自 字第 2 號刑事裁定
成功解析（無表格，退回摘要）：臺灣桃園地方法院 92 年度 易 字第 480 號刑事判決
成功解析（無表格，退回摘要）：臺灣基隆地方法院 92 年度 簡上 字第 73 號刑事裁定
成功解析（無表格，退回摘要）：臺灣臺南地方法院 92 年度 易 字第 667 號刑事判決
--- 正在抓取第 3 頁清單 ---
本頁共找到 20 筆案件，開始讀取內文...
成功解析（無表格，退回摘要）：臺灣高等法院 92 年度 重附民上 字第 98 號刑事裁定
成功解析（無表格，退回摘要）：臺灣高等法院 92 年度 上易 字第 3480 號刑事判決
成功解析（無表格，退回摘要）：臺灣高等法院 92 年度 上易 字第 3313 號刑事判決
成功解析（無表格，退回摘要）：臺灣臺北地方法院 92 年度 簡 字第 3241 號刑事裁定
成功解析（無表格，退回摘要）：臺灣臺北地方法院 92 年度 附民 字第 472 號刑事判決
成功解析（無表格，退回摘要）：臺灣士林地方法院 92 年度 簡 字第 450 號刑事判決
成功解析（無表格，退回摘要）：臺灣臺北地方法院 92 年度 易 字第 1114 號刑事判決
成功解析（無表格，退回摘要）：臺灣臺中地方法院 92 年度 自 字第 713 號刑事判決
成功解析（無表格，退回摘要）：臺灣臺北地方法院 92 年度 易 字第 1830 號刑事判決
成功解析（無表格，退回摘要）：臺灣高等法院 92 年度 上易 字第 3567 號刑事判決
成功解析（無表格，退回摘要）：臺灣臺北地方法院 92 年度 易 字第 894 號刑事判決
成功解析（無表格，退回摘要）：臺灣臺中地方法院 92 年度 自 字第 592 號刑事判決
成功解析（無表格，退回摘要）：臺灣新竹地方法院 92 年度 自 字第 45 號刑事判決
成功解析（無表格，退回摘要）：臺灣高等法院 92 年度 上易 字第 3415 號刑事判決
成功解析（無表格，退回摘要）：臺灣士林地方法院 92 年度 易 字第 370 號刑事判決
成功解析（無表格，退回摘要）：臺灣新北地方法院 91 年度 自 字第 379 號刑事判決
成功解析（無表格，退回摘要）：臺灣高雄地方法院 92 年度 簡 字第 5354 號刑事判決
成功解析（無表格，退回摘要）：臺灣新北地方法院 92 年度 易 字第 2548 號刑事判決
成功解析（無表格，退回摘要）：臺灣臺北地方法院 92 年度 簡 字第 3723 號刑事判決
成功解析（無表格，退回摘要）：臺灣高等法院 92 年度 附民上 字第 163 號刑事判決
--- 正在抓取第 4 頁清單 ---
本頁共找到 20 筆案件，開始讀取內文...
成功解析（無表格，退回摘要）：臺灣高等法院 92 年度 上易 字第 3576 號刑事判決
成功解析（無表格，退回摘要）：臺灣高等法院 92 年度 上易 字第 3301 號刑事判決
成功解析（無表格，退回摘要）：臺灣高等法院 花蓮分院 92 年度 上易 字第 103 號刑事判決
成功解析（無表格，退回摘要）：臺灣高等法院 臺中分院 92 年度 上易 字第 1842 號刑事判決
成功解析（無表格，退回摘要）：臺灣南投地方法院 92 年度 埔刑簡 字第 331 號刑事判決
成功解析（無表格，退回摘要）：臺灣高等法院 92 年度 上易 字第 3408 號刑事判決
成功解析（無表格，退回摘要）：臺灣臺北地方法院 92 年度 附民 字第 382 號刑事判決
成功解析（無表格，退回摘要）：臺灣臺北地方法院 92 年度 易 字第 1996 號刑事判決
成功解析（無表格，退回摘要）：臺灣高等法院 92 年度 上易 字第 3468 號刑事裁定
成功解析（無表格，退回摘要）：臺灣高等法院 92 年度 上易 字第 3331 號刑事裁定
成功解析（無表格，退回摘要）：臺灣高等法院 92 年度 附民上 字第 151 號刑事判決
成功解析（無表格，退回摘要）：臺灣高等法院 92 年度 上易 字第 3298 號刑事判決
成功解析（無表格，退回摘要）：臺灣嘉義地方法院 92 年度 簡 字第 1389 號刑事判決
成功解析（無表格，退回摘要）：臺灣屏東地方法院 92 年度 簡 字第 746 號刑事判決
成功解析（無表格，退回摘要）：臺灣高等法院 92 年度 上易 字第 2523 號刑事判決
成功解析（無表格，退回摘要）：最高法院 92 年度 台非 字第 406 號刑事判決
成功解析（無表格，退回摘要）：臺灣高等法院 92 年度 上易 字第 3535 號刑事裁定
成功解析（無表格，退回摘要）：臺灣桃園地方法院 92 年度 簡上 字第 420 號刑事判決
成功解析（無表格，退回摘要）：臺灣新北地方法院 92 年度 易 字第 2917 號刑事判決
成功解析（無表格，退回摘要）：臺灣臺中地方法院 92 年度 易 字第 2114 號刑事判決
--- 正在抓取第 5 頁清單 ---
本頁共找到 20 筆案件，開始讀取內文...
成功解析（無表格，退回摘要）：臺灣高等法院 92 年度 上易 字第 2214 號刑事判決
成功解析（無表格，退回摘要）：臺灣臺北地方法院 92 年度 自 字第 747 號刑事判決
成功解析（無表格，退回摘要）：臺灣臺北地方法院 92 年度 簡 字第 2504 號刑事判決
成功解析（無表格，退回摘要）：臺灣桃園地方法院 92 年度 簡上 字第 327 號刑事判決
成功解析（無表格，退回摘要）：臺灣高雄地方法院 92 年度 簡附民 字第 68 號刑事裁定
成功解析（無表格，退回摘要）：臺灣高雄地方法院 92 年度 簡 字第 4657 號刑事判決
成功解析（無表格，退回摘要）：臺灣雲林地方法院 91 年度 自 字第 39 號刑事判決
成功解析（無表格，退回摘要）：臺灣臺中地方法院 92 年度 沙簡上 字第 274 號刑事判決
成功解析（無表格，退回摘要）：臺灣臺南地方法院 92 年度 易 字第 1288 號刑事判決
成功解析（無表格，退回摘要）：臺灣高等法院 臺中分院 92 年度 上易 字第 1711 號刑事判決
成功解析（無表格，退回摘要）：臺灣高等法院 92 年度 上易 字第 2539 號刑事判決
成功解析（無表格，退回摘要）：臺灣高等法院 92 年度 上易 字第 3355 號刑事判決
成功解析（無表格，退回摘要）：臺灣嘉義地方法院 92 年度 簡上 字第 153 號刑事判決
成功解析（無表格，退回摘要）：臺灣嘉義地方法院 92 年度 簡 字第 1391 號刑事判決
成功解析（無表格，退回摘要）：臺灣高等法院 高雄分院 92 年度 上易 字第 1453 號刑事判決
成功解析（無表格，退回摘要）：臺灣新北地方法院 92 年度 簡 字第 2879 號刑事判決
成功解析（無表格，退回摘要）：臺灣新竹地方法院 92 年度 自 字第 40 號刑事判決
成功解析（無表格，退回摘要）：臺灣臺北地方法院 92 年度 簡 字第 3826 號刑事判決
成功解析（無表格，退回摘要）：臺灣高等法院 臺南分院 92 年度 上易 字第 960 號刑事判決
成功解析（無表格，退回摘要）：臺灣臺北地方法院 92 年度 簡 字第 3478 號刑事判決
--- 正在抓取第 6 頁清單 ---
本頁共找到 20 筆案件，開始讀取內文...
成功解析（無表格，退回摘要）：臺灣新北地方法院 92 年度 易 字第 2061 號刑事判決
成功解析（無表格，退回摘要）：臺灣臺北地方法院 92 年度 自 字第 622 號刑事判決
成功解析（無表格，退回摘要）：臺灣新北地方法院 92 年度 易緝 字第 180 號刑事判決
成功解析（無表格，退回摘要）：臺灣屏東地方法院 92 年度 簡上 字第 126 號刑事判決
成功解析（無表格，退回摘要）：臺灣屏東地方法院 92 年度 簡 字第 744 號刑事判決
成功解析（無表格，退回摘要）：臺灣新北地方法院 92 年度 自 字第 256 號刑事判決
成功解析（無表格，退回摘要）：臺灣高等法院 臺南分院 92 年度 附民 字第 215 號刑事判決
成功解析（無表格，退回摘要）：臺灣高等法院 臺南分院 92 年度 上易 字第 879 號刑事判決
成功解析（無表格，退回摘要）：臺灣新竹地方法院 92 年度 自 字第 45 號刑事裁定
成功解析（無表格，退回摘要）：臺灣臺北地方法院 92 年度 自 字第 747 號刑事裁定
成功解析（無表格，退回摘要）：臺灣高等法院 92 年度 附民上 字第 131 號刑事判決
成功解析（無表格，退回摘要）：臺灣高等法院 92 年度 上易 字第 2738 號刑事判決
成功解析（無表格，退回摘要）：臺灣臺北地方法院 92 年度 自 字第 657 號刑事裁定
成功解析（無表格，退回摘要）：臺灣新竹地方法院 92 年度 自 字第 40 號刑事裁定
成功解析（無表格，退回摘要）：臺灣臺中地方法院 92 年度 易 字第 328 號刑事判決
成功解析（無表格，退回摘要）：臺灣高等法院 臺南分院 92 年度 上易 字第 943 號刑事判決
成功解析（無表格，退回摘要）：臺灣高等法院 92 年度 上易 字第 2838 號刑事判決
成功解析（無表格，退回摘要）：臺灣高雄地方法院 92 年度 簡上 字第 546 號刑事判決
成功解析（無表格，退回摘要）：臺灣高等法院 92 年度 附民 字第 260 號刑事判決
成功解析（無表格，退回摘要）：臺灣高等法院 臺中分院 92 年度 上易 字第 1978 號刑事判決
--- 正在抓取第 7 頁清單 ---
本頁共找到 20 筆案件，開始讀取內文...
成功解析（無表格，退回摘要）：臺灣高等法院 92 年度 上易 字第 2807 號刑事判決
成功解析（無表格，退回摘要）：臺灣臺中地方法院 92 年度 沙簡上 字第 274 號刑事裁定
成功解析（無表格，退回摘要）：臺灣臺北地方法院 92 年度 重附民 字第 129 號刑事判決
成功解析（無表格，退回摘要）：臺灣臺北地方法院 92 年度 自 字第 618 號刑事判決
成功解析（無表格，退回摘要）：臺灣高等法院 92 年度 上易 字第 2937 號刑事判決
成功解析（無表格，退回摘要）：福建金門地方法院 92 年度 簡上 字第 18 號刑事裁定
成功解析（無表格，退回摘要）：臺灣高等法院 92 年度 上易 字第 2764 號刑事判決
成功解析（無表格，退回摘要）：臺灣士林地方法院 92 年度 自 字第 68 號刑事判決
成功解析（無表格，退回摘要）：臺灣高等法院 92 年度 上易 字第 3027 號刑事判決
成功解析（無表格，退回摘要）：臺灣桃園地方法院 92 年度 易 字第 480 號刑事裁定
成功解析（無表格，退回摘要）：臺灣高雄地方法院 92 年度 簡 字第 4442 號刑事判決
成功解析（無表格，退回摘要）：臺灣雲林地方法院 92 年度 簡上 字第 107 號刑事判決
成功解析（無表格，退回摘要）：臺灣高等法院 92 年度 附民上 字第 143 號刑事判決
成功解析（無表格，退回摘要）：臺灣高等法院 92 年度 上易 字第 2956 號刑事判決
成功解析（無表格，退回摘要）：臺灣高等法院 高雄分院 92 年度 上易 字第 1342 號刑事判決
成功解析（無表格，退回摘要）：臺灣高等法院 92 年度 上易 字第 2681 號刑事判決
成功解析（無表格，退回摘要）：臺灣嘉義地方法院 92 年度 簡 字第 1403 號刑事判決
成功解析（無表格，退回摘要）：臺灣高雄地方法院 92 年度 簡上 字第 537 號刑事判決
成功解析（無表格，退回摘要）：臺灣彰化地方法院 92 年度 自 字第 4 號刑事裁定
成功解析（無表格，退回摘要）：臺灣南投地方法院 92 年度 埔刑簡 字第 268 號刑事判決
--- 正在抓取第 8 頁清單 ---
本頁共找到 20 筆案件，開始讀取內文...
成功解析（無表格，退回摘要）：臺灣高等法院 臺南分院 92 年度 上易 字第 858 號刑事判決
成功解析（無表格，退回摘要）：臺灣嘉義地方法院 92 年度 簡 字第 1366 號刑事判決
成功解析（無表格，退回摘要）：臺灣新竹地方法院 92 年度 自 字第 7 號刑事判決
成功解析（無表格，退回摘要）：臺灣高等法院 臺中分院 92 年度 上易 字第 290 號刑事裁定
成功解析（無表格，退回摘要）：臺灣臺東地方法院 92 年度 自 字第 12 號刑事判決
成功解析（無表格，退回摘要）：臺灣臺北地方法院 92 年度 易 字第 1696 號刑事判決
成功解析（無表格，退回摘要）：臺灣士林地方法院 92 年度 自 字第 99 號刑事判決
成功解析（無表格，退回摘要）：臺灣高等法院 臺中分院 92 年度 上易 字第 1951 號刑事判決
成功解析（無表格，退回摘要）：臺灣高等法院 92 年度 上易 字第 2628 號刑事判決
成功解析（無表格，退回摘要）：臺灣高等法院 92 年度 上易 字第 1903 號刑事判決
成功解析（無表格，退回摘要）：臺灣臺北地方法院 92 年度 易 字第 1747 號刑事判決
成功解析（無表格，退回摘要）：臺灣新北地方法院 92 年度 附民 字第 375 號刑事裁定
成功解析（無表格，退回摘要）：臺灣屏東地方法院 92 年度 簡上 字第 78 號刑事判決
成功解析（無表格，退回摘要）：臺灣高雄地方法院 92 年度 簡 字第 4042 號刑事判決
成功解析（無表格，退回摘要）：臺灣高等法院 92 年度 附民 字第 212 號刑事裁定
成功解析（無表格，退回摘要）：臺灣高等法院 92 年度 上易 字第 2364 號刑事判決
成功解析（無表格，退回摘要）：臺灣臺中地方法院 92 年度 自 字第 797 號刑事裁定
成功解析（無表格，退回摘要）：臺灣高等法院 92 年度 附民 字第 198 號刑事判決
成功解析（無表格，退回摘要）：臺灣高等法院 92 年度 上易 字第 2138 號刑事判決
成功解析（無表格，退回摘要）：臺灣高等法院 92 年度 附民上 字第 96 號刑事判決
--- 正在抓取第 9 頁清單 ---
本頁共找到 20 筆案件，開始讀取內文...
成功解析（無表格，退回摘要）：臺灣高等法院 92 年度 上易 字第 1914 號刑事判決
成功解析（無表格，退回摘要）：臺灣新竹地方法院 92 年度 竹東簡 字第 103 號刑事判決
成功解析（無表格，退回摘要）：臺灣雲林地方法院 92 年度 簡上 字第 69 號刑事判決
成功解析（無表格，退回摘要）：臺灣高等法院 92 年度 抗 字第 637 號刑事裁定
成功解析（無表格，退回摘要）：臺灣高等法院 92 年度 上易 字第 2590 號刑事判決
成功解析（無表格，退回摘要）：臺灣嘉義地方法院 92 年度 簡 字第 1327 號刑事判決
成功解析（無表格，退回摘要）：臺灣基隆地方法院 92 年度 自 字第 22 號刑事判決
成功解析（無表格，退回摘要）：臺灣高等法院 92 年度 上易 字第 2287 號刑事判決
成功解析（無表格，退回摘要）：臺灣高雄地方法院 92 年度 簡 字第 4166 號刑事判決
成功解析（無表格，退回摘要）：臺灣嘉義地方法院 92 年度 簡 字第 1283 號刑事判決
成功解析（無表格，退回摘要）：臺灣高等法院 臺中分院 92 年度 抗 字第 785 號刑事裁定
成功解析（無表格，退回摘要）：臺灣高等法院 92 年度 上易 字第 1108 號刑事判決
成功解析（無表格，退回摘要）：臺灣高雄地方法院 92 年度 易 字第 1836 號刑事判決
成功解析（無表格，退回摘要）：臺灣新北地方法院 92 年度 易 字第 1779 號刑事判決
成功解析（無表格，退回摘要）：臺灣高等法院 臺中分院 92 年度 聲再 字第 243 號刑事裁定
成功解析（無表格，退回摘要）：臺灣臺北地方法院 92 年度 附民 字第 325 號刑事裁定
成功解析（無表格，退回摘要）：臺灣臺北地方法院 92 年度 易 字第 1702 號刑事判決
成功解析（無表格，退回摘要）：臺灣南投地方法院 92 年度 簡上 字第 63 號刑事判決
成功解析（無表格，退回摘要）：臺灣高等法院 92 年度 抗 字第 602 號刑事裁定
成功解析（無表格，退回摘要）：臺灣臺中地方法院 92 年度 易 字第 1533 號刑事判決
--- 正在抓取第 10 頁清單 ---
本頁共找到 20 筆案件，開始讀取內文...
成功解析（無表格，退回摘要）：臺灣新北地方法院 92 年度 自 字第 275 號刑事裁定
成功解析（無表格，退回摘要）：臺灣臺北地方法院 92 年度 簡 字第 2569 號刑事裁定
成功解析（無表格，退回摘要）：臺灣高等法院 92 年度 上易 字第 2487 號刑事判決
成功解析（無表格，退回摘要）：臺灣高等法院 臺中分院 92 年度 上易 字第 1675 號刑事判決
成功解析（無表格，退回摘要）：臺灣高雄地方法院 92 年度 簡附民 字第 47 號刑事裁定
成功解析（無表格，退回摘要）：臺灣高雄地方法院 92 年度 簡上附民 字第 13 號刑事裁定
成功解析（無表格，退回摘要）：臺灣高雄地方法院 92 年度 簡上 字第 400 號刑事裁定
成功解析（無表格，退回摘要）：臺灣高雄地方法院 92 年度 簡 字第 3915 號刑事判決
成功解析（無表格，退回摘要）：臺灣高雄地方法院 92 年度 簡 字第 3626 號刑事判決
成功解析（無表格，退回摘要）：臺灣基隆地方法院 92 年度 簡上 字第 73 號刑事判決
成功解析（無表格，退回摘要）：臺灣桃園地方法院 92 年度 壢簡 字第 1421 號刑事判決
成功解析（無表格，退回摘要）：臺灣新北地方法院 92 年度 易 字第 580 號刑事判決
成功解析（無表格，退回摘要）：臺灣高雄地方法院 92 年度 簡上 字第 328 號刑事判決
成功解析（無表格，退回摘要）：臺灣苗栗地方法院 92 年度 自 字第 33 號刑事判決
成功解析（無表格，退回摘要）：臺灣雲林地方法院 92 年度 易 字第 292 號刑事判決
成功解析（無表格，退回摘要）：臺灣高等法院 高雄分院 92 年度 上易 字第 1144 號刑事判決
成功解析（無表格，退回摘要）：臺灣桃園地方法院 92 年度 易 字第 480 號刑事裁定
成功解析（無表格，退回摘要）：臺灣新北地方法院 92 年度 附民 字第 381 號刑事判決
成功解析（無表格，退回摘要）：臺灣臺北地方法院 92 年度 自 字第 684 號刑事判決
成功解析（無表格，退回摘要）：臺灣士林地方法院 92 年度 易 字第 386 號刑事判決
--- 正在抓取第 11 頁清單 ---
本頁共找到 20 筆案件，開始讀取內文...
成功解析（無表格，退回摘要）：臺灣新北地方法院 92 年度 易 字第 2419 號刑事判決
成功解析（無表格，退回摘要）：臺灣高等法院 臺中分院 92 年度 上易 字第 1587 號刑事判決
成功解析（無表格，退回摘要）：臺灣臺東地方法院 92 年度 自 字第 12 號刑事裁定
成功解析（無表格，退回摘要）：臺灣高等法院 92 年度 上易 字第 2392 號刑事判決
成功解析（無表格，退回摘要）：臺灣高等法院 92 年度 上易 字第 2299 號刑事判決
成功解析（無表格，退回摘要）：臺灣臺中地方法院 92 年度 易 字第 2107 號刑事裁定
成功解析（無表格，退回摘要）：臺灣臺北地方法院 92 年度 簡 字第 2952 號刑事判決
成功解析（無表格，退回摘要）：臺灣臺北地方法院 92 年度 易 字第 748 號刑事判決
成功解析（無表格，退回摘要）：臺灣高等法院 92 年度 上易 字第 2437 號刑事判決
成功解析（無表格，退回摘要）：臺灣高等法院 92 年度 上易 字第 2385 號刑事判決
成功解析（無表格，退回摘要）：臺灣基隆地方法院 92 年度 瑞簡 字第 77 號刑事判決
成功解析（無表格，退回摘要）：臺灣桃園地方法院 92 年度 自 字第 125 號刑事判決
成功解析（無表格，退回摘要）：臺灣高等法院 臺中分院 92 年度 附民 字第 391 號刑事判決
成功解析（無表格，退回摘要）：臺灣新北地方法院 92 年度 易 字第 2119 號刑事判決
成功解析（無表格，退回摘要）：臺灣高等法院 92 年度 附民 字第 211 號刑事裁定
成功解析（無表格，退回摘要）：臺灣高等法院 92 年度 上易 字第 2296 號刑事判決
成功解析（無表格，退回摘要）：臺灣高等法院 92 年度 上易 字第 2068 號刑事判決
成功解析（無表格，退回摘要）：臺灣新竹地方法院 92 年度 易 字第 511 號刑事判決
成功解析（無表格，退回摘要）：臺灣新北地方法院 92 年度 易 字第 2169 號刑事判決
成功解析（無表格，退回摘要）：臺灣高等法院 92 年度 上易 字第 2202 號刑事判決
--- 正在抓取第 12 頁清單 ---
本頁共找到 20 筆案件，開始讀取內文...
成功解析（無表格，退回摘要）：臺灣臺北地方法院 92 年度 易 字第 1593 號刑事判決
成功解析（無表格，退回摘要）：臺灣新北地方法院 92 年度 易 字第 2206 號刑事判決
成功解析（無表格，退回摘要）：臺灣高等法院 92 年度 上易 字第 1792 號刑事判決
成功解析（無表格，退回摘要）：臺灣高等法院 臺中分院 92 年度 上易 字第 1339 號刑事判決
成功解析（無表格，退回摘要）：臺灣臺北地方法院 92 年度 簡上 字第 265 號刑事判決
成功解析（無表格，退回摘要）：臺灣新北地方法院 92 年度 附民 字第 362 號刑事判決
成功解析（無表格，退回摘要）：臺灣新北地方法院 92 年度 自 字第 241 號刑事判決
成功解析（無表格，退回摘要）：臺灣高等法院 花蓮分院 92 年度 聲再 字第 32 號刑事裁定
成功解析（無表格，退回摘要）：臺灣高等法院 臺中分院 92 年度 附民 字第 375 號刑事裁定
成功解析（無表格，退回摘要）：臺灣高等法院 臺中分院 92 年度 附民 字第 209 號刑事裁定
成功解析（無表格，退回摘要）：臺灣高等法院 92 年度 重附民上 字第 66 號刑事判決
成功解析（無表格，退回摘要）：臺灣高等法院 92 年度 上易 字第 1818 號刑事判決
成功解析（無表格，退回摘要）：臺灣高等法院 臺中分院 92 年度 上易 字第 1584 號刑事判決
成功解析（無表格，退回摘要）：臺灣高等法院 92 年度 上易 字第 1882 號刑事判決
成功解析（無表格，退回摘要）：臺灣高等法院 臺中分院 92 年度 上易 字第 708 號刑事判決
成功解析（無表格，退回摘要）：臺灣高等法院 臺中分院 92 年度 上易 字第 1320 號刑事判決
成功解析（無表格，退回摘要）：臺灣苗栗地方法院 92 年度 自 字第 33 號刑事裁定
成功解析（無表格，退回摘要）：臺灣嘉義地方法院 92 年度 簡 字第 1147 號刑事判決
成功解析（無表格，退回摘要）：臺灣嘉義地方法院 92 年度 簡 字第 1139 號刑事判決
成功解析（無表格，退回摘要）：臺灣新北地方法院 92 年度 易 字第 2372 號刑事判決
--- 正在抓取第 13 頁清單 ---
本頁共找到 20 筆案件，開始讀取內文...
成功解析（無表格，退回摘要）：臺灣臺北地方法院 92 年度 自 字第 617 號刑事裁定
成功解析（無表格，退回摘要）：臺灣臺中地方法院 92 年度 自 字第 445 號刑事判決
成功解析（無表格，退回摘要）：臺灣臺南地方法院 92 年度 易 字第 781 號刑事判決
成功解析（無表格，退回摘要）：臺灣高等法院 花蓮分院 92 年度 上易 字第 113 號刑事判決
成功解析（無表格，退回摘要）：臺灣臺北地方法院 92 年度 重附民 字第 86 號刑事裁定
成功解析（無表格，退回摘要）：臺灣基隆地方法院 92 年度 基簡 字第 725 號刑事判決
成功解析（無表格，退回摘要）：臺灣高雄地方法院 92 年度 易 字第 1654 號刑事判決
成功解析（無表格，退回摘要）：臺灣士林地方法院 92 年度 易 字第 512 號刑事判決
成功解析（無表格，退回摘要）：臺灣高雄地方法院 92 年度 自 字第 76 號刑事判決
成功解析（無表格，退回摘要）：臺灣臺北地方法院 92 年度 易 字第 897 號刑事判決
成功解析（無表格，退回摘要）：臺灣新北地方法院 92 年度 自 字第 271 號刑事裁定
成功解析（無表格，退回摘要）：臺灣臺中地方法院 92 年度 自 字第 549 號刑事判決
成功解析（無表格，退回摘要）：臺灣臺南地方法院 92 年度 易 字第 529 號刑事判決
成功解析（無表格，退回摘要）：臺灣高等法院 臺中分院 92 年度 上易 字第 1442 號刑事判決
成功解析（無表格，退回摘要）：臺灣高等法院 92 年度 上易 字第 1272 號刑事判決
成功解析（無表格，退回摘要）：臺灣南投地方法院 92 年度 投刑簡 字第 614 號刑事判決
成功解析（無表格，退回摘要）：臺灣高雄地方法院 92 年度 簡上附民 字第 21 號刑事判決
成功解析（無表格，退回摘要）：臺灣高雄地方法院 92 年度 簡 字第 3084 號刑事判決
成功解析（無表格，退回摘要）：臺灣高等法院 92 年度 上易 字第 2294 號刑事判決
成功解析（無表格，退回摘要）：臺灣高雄地方法院 92 年度 附民 字第 328 號刑事裁定
--- 正在抓取第 14 頁清單 ---
本頁共找到 12 筆案件，開始讀取內文...
成功解析（無表格，退回摘要）：臺灣高雄地方法院 92 年度 簡附民 字第 34 號刑事裁定
成功解析（無表格，退回摘要）：臺灣臺北地方法院 92 年度 附民 字第 164 號刑事判決
成功解析（無表格，退回摘要）：臺灣新北地方法院 92 年度 簡 字第 2155 號刑事判決
成功解析（無表格，退回摘要）：臺灣新北地方法院 92 年度 簡 字第 1986 號刑事判決
成功解析（無表格，退回摘要）：臺灣南投地方法院 92 年度 投附民 字第 2 號刑事裁定
成功解析（無表格，退回摘要）：臺灣高雄地方法院 92 年度 簡 字第 3108 號刑事判決
成功解析（無表格，退回摘要）：臺灣屏東地方法院 92 年度 簡 字第 265 號刑事判決
成功解析（無表格，退回摘要）：臺灣高雄地方法院 92 年度 簡上 字第 400 號刑事判決
成功解析（無表格，退回摘要）：臺灣高雄地方法院 92 年度 自 字第 264 號刑事判決
成功解析（無表格，退回摘要）：臺灣臺北地方法院 92 年度 易 字第 772 號刑事判決
成功解析（無表格，退回摘要）：臺灣高雄地方法院 92 年度 易 字第 1540 號刑事判決
成功解析（無表格，退回摘要）：臺灣南投地方法院 92 年度 投刑簡 字第 103 號刑事判決
--- 正在抓取第 15 頁清單 ---
本頁沒有任何案件，這個範圍抓取完畢。
=== 開始抓取區間 (93, 2, 4)-(93, 12, 17)，預期 481 筆 ===
--- 正在抓取第 1 頁清單 ---
本頁共找到 20 筆案件，開始讀取內文...
成功解析（無表格，退回摘要）：臺灣高等法院 93 年度 上易 字第 1774 號刑事判決
成功解析（無表格，退回摘要）：臺灣臺南地方法院 93 年度 簡 字第 2822 號刑事判決
成功解析（無表格，退回摘要）：臺灣屏東地方法院 93 年度 簡上 字第 153 號刑事判決
成功解析（無表格，退回摘要）：臺灣臺北地方法院 93 年度 易 字第 1406 號刑事判決
成功解析（無表格，退回摘要）：臺灣臺北地方法院 93 年度 重附民 字第 44 號刑事裁定
成功解析（無表格，退回摘要）：臺灣臺北地方法院 93 年度 易 字第 741 號刑事判決
成功解析（無表格，退回摘要）：臺灣桃園地方法院 93 年度 易 字第 321 號刑事判決
成功解析（無表格，退回摘要）：臺灣高等法院 93 年度 附民上 字第 58 號刑事判決
成功解析（無表格，退回摘要）：臺灣高等法院 93 年度 上易 字第 1402 號刑事判決
成功解析（無表格，退回摘要）：臺灣臺北地方法院 92 年度 附民 字第 286 號刑事判決
成功解析（無表格，退回摘要）：臺灣臺北地方法院 92 年度 易 字第 1537 號刑事判決
成功解析（無表格，退回摘要）：臺灣士林地方法院 93 年度 簡上 字第 131 號刑事判決
成功解析（無表格，退回摘要）：臺灣基隆地方法院 93 年度 基簡 字第 984 號刑事判決
成功解析（無表格，退回摘要）：臺灣臺北地方法院 93 年度 簡 字第 2899 號刑事判決
成功解析（無表格，退回摘要）：臺灣臺中地方法院 93 年度 豐簡上 字第 607 號刑事判決
成功解析（無表格，退回摘要）：臺灣高雄地方法院 93 年度 簡 字第 5975 號刑事判決
成功解析（無表格，退回摘要）：臺灣臺中地方法院 93 年度 易 字第 2231 號刑事判決
成功解析（無表格，退回摘要）：臺灣高雄地方法院 93 年度 簡上附民 字第 55 號刑事裁定
成功解析（無表格，退回摘要）：臺灣高等法院 93 年度 上易 字第 1632 號刑事判決
成功解析（無表格，退回摘要）：臺灣高等法院 92 年度 附民 字第 289 號刑事判決
--- 正在抓取第 2 頁清單 ---
本頁共找到 20 筆案件，開始讀取內文...
成功解析（無表格，退回摘要）：臺灣高等法院 92 年度 上易 字第 3297 號刑事判決
成功解析（無表格，退回摘要）：臺灣新北地方法院 93 年度 簡 字第 5381 號刑事判決
成功解析（無表格，退回摘要）：臺灣屏東地方法院 93 年度 易 字第 674 號刑事裁定
成功解析（無表格，退回摘要）：臺灣桃園地方法院 93 年度 桃簡 字第 1215 號刑事判決
成功解析（無表格，退回摘要）：臺灣士林地方法院 93 年度 簡上 字第 50 號刑事判決
成功解析（無表格，退回摘要）：臺灣高等法院 花蓮分院 93 年度 上易 字第 76 號刑事判決
成功解析（無表格，退回摘要）：臺灣高等法院 高雄分院 92 年度 上易 字第 1365 號刑事判決
成功解析（無表格，退回摘要）：臺灣高等法院 93 年度 上易 字第 1486 號刑事判決
成功解析（無表格，退回摘要）：臺灣新北地方法院 93 年度 簡 字第 3982 號刑事判決
成功解析（無表格，退回摘要）：臺灣屏東地方法院 93 年度 簡 字第 1550 號刑事判決
成功解析（無表格，退回摘要）：臺灣新北地方法院 93 年度 易 字第 963 號刑事判決
成功解析（無表格，退回摘要）：臺灣嘉義地方法院 93 年度 嘉簡 字第 1089 號刑事判決
成功解析（無表格，退回摘要）：臺灣臺北地方法院 92 年度 附民 字第 493 號刑事裁定
成功解析（無表格，退回摘要）：臺灣臺北地方法院 92 年度 自 字第 644 號刑事裁定
成功解析（無表格，退回摘要）：臺灣新北地方法院 93 年度 簡 字第 4399 號刑事判決
成功解析（無表格，退回摘要）：臺灣新北地方法院 93 年度 簡 字第 3737 號刑事判決
成功解析（無表格，退回摘要）：臺灣高等法院 臺南分院 93 年度 上更(一) 字第 461 號刑事判決
成功解析（無表格，退回摘要）：臺灣高等法院 93 年度 抗 字第 603 號刑事裁定
成功解析（無表格，退回摘要）：臺灣桃園地方法院 93 年度 桃簡 字第 248 號刑事判決
成功解析（無表格，退回摘要）：臺灣彰化地方法院 93 年度 易 字第 1112 號刑事判決
--- 正在抓取第 3 頁清單 ---
本頁共找到 20 筆案件，開始讀取內文...
成功解析（無表格，退回摘要）：臺灣臺南地方法院 93 年度 易 字第 928 號刑事判決
成功解析（無表格，退回摘要）：臺灣高雄地方法院 93 年度 簡上 字第 606 號刑事判決
成功解析（無表格，退回摘要）：臺灣高雄地方法院 93 年度 簡上附民 字第 55 號刑事判決
成功解析（無表格，退回摘要）：臺灣高等法院 臺南分院 93 年度 附民上 字第 98 號刑事裁定
成功解析（無表格，退回摘要）：臺灣嘉義地方法院 93 年度 易 字第 202 號刑事判決
成功解析（無表格，退回摘要）：臺灣新北地方法院 93 年度 自 字第 69 號刑事判決
成功解析（無表格，退回摘要）：臺灣臺北地方法院 93 年度 附民 字第 15 號刑事裁定
成功解析（無表格，退回摘要）：臺灣臺南地方法院 93 年度 簡 字第 2624 號刑事判決
成功解析（無表格，退回摘要）：臺灣臺北地方法院 93 年度 易 字第 605 號刑事判決
成功解析（無表格，退回摘要）：臺灣高等法院 臺中分院 93 年度 上易 字第 1233 號刑事判決
成功解析（無表格，退回摘要）：臺灣高等法院 臺中分院 93 年度 附民 字第 307 號刑事判決
成功解析（無表格，退回摘要）：臺灣新北地方法院 93 年度 簡 字第 4928 號刑事判決
成功解析（無表格，退回摘要）：臺灣高等法院 93 年度 附民上 字第 63 號刑事判決
成功解析（無表格，退回摘要）：臺灣高等法院 臺中分院 93 年度 上易 字第 1140 號刑事判決
成功解析（無表格，退回摘要）：臺灣臺南地方法院 93 年度 簡 字第 2447 號刑事判決
成功解析（無表格，退回摘要）：臺灣高等法院 93 年度 附民上 字第 65 號刑事判決
成功解析（無表格，退回摘要）：臺灣高等法院 93 年度 上易 字第 1670 號刑事判決
成功解析（無表格，退回摘要）：臺灣高等法院 93 年度 上易 字第 1594 號刑事判決
成功解析（無表格，退回摘要）：臺灣高等法院 93 年度 上易 字第 1570 號刑事判決
成功解析（無表格，退回摘要）：臺灣臺中地方法院 93 年度 自 字第 78 號刑事判決
--- 正在抓取第 4 頁清單 ---
本頁共找到 20 筆案件，開始讀取內文...
成功解析（無表格，退回摘要）：臺灣高雄地方法院 92 年度 簡上 字第 729 號刑事裁定
成功解析（無表格，退回摘要）：臺灣高雄地方法院 93 年度 簡 字第 5375 號刑事判決
成功解析（無表格，退回摘要）：臺灣臺東地方法院 93 年度 東簡 字第 270 號刑事判決
成功解析（無表格，退回摘要）：臺灣臺中地方法院 93 年度 沙簡上 字第 524 號刑事判決
成功解析（無表格，退回摘要）：臺灣屏東地方法院 93 年度 簡 字第 1514 號刑事判決
成功解析（無表格，退回摘要）：臺灣臺中地方法院 93 年度 易 字第 1769 號刑事判決
成功解析（無表格，退回摘要）：臺灣桃園地方法院 93 年度 桃簡 字第 590 號刑事判決
成功解析（無表格，退回摘要）：臺灣士林地方法院 93 年度 易 字第 845 號刑事判決
成功解析（無表格，退回摘要）：臺灣高等法院 臺中分院 93 年度 附民 字第 269 號刑事裁定
成功解析（無表格，退回摘要）：臺灣士林地方法院 93 年度 易 字第 810 號刑事判決
成功解析（無表格，退回摘要）：臺灣臺中地方法院 93 年度 中簡上 字第 389 號刑事判決
成功解析（無表格，退回摘要）：臺灣高等法院 93 年度 上易 字第 1614 號刑事判決
成功解析（無表格，退回摘要）：臺灣嘉義地方法院 93 年度 朴簡 字第 151 號刑事判決
成功解析（無表格，退回摘要）：臺灣高等法院 93 年度 上易 字第 346 號刑事判決
成功解析（無表格，退回摘要）：臺灣新北地方法院 93 年度 簡附民 字第 104 號刑事裁定
成功解析（無表格，退回摘要）：臺灣臺北地方法院 93 年度 簡附民 字第 40 號刑事裁定
成功解析（無表格，退回摘要）：臺灣臺北地方法院 93 年度 簡附民 字第 39 號刑事裁定
成功解析（無表格，退回摘要）：臺灣桃園地方法院 93 年度 桃簡 字第 1200 號刑事判決
成功解析（無表格，退回摘要）：臺灣新北地方法院 93 年度 簡 字第 4609 號刑事判決
成功解析（無表格，退回摘要）：臺灣臺北地方法院 93 年度 易 字第 1294 號刑事宣示筆錄
--- 正在抓取第 5 頁清單 ---
本頁共找到 20 筆案件，開始讀取內文...
成功解析（無表格，退回摘要）：臺灣新北地方法院 93 年度 簡 字第 4847 號刑事判決
成功解析（無表格，退回摘要）：臺灣高等法院 臺中分院 93 年度 上易 字第 959 號刑事判決
成功解析（無表格，退回摘要）：臺灣高等法院 臺中分院 93 年度 上易 字第 1112 號刑事判決
成功解析（無表格，退回摘要）：臺灣高等法院 臺南分院 93 年度 附民上 字第 98 號刑事判決
成功解析（無表格，退回摘要）：臺灣高等法院 93 年度 抗 字第 611 號刑事裁定
成功解析（無表格，退回摘要）：臺灣高等法院 臺南分院 93 年度 上易 字第 360 號刑事判決
成功解析（無表格，退回摘要）：臺灣高雄地方法院 93 年度 簡上附民 字第 7 號刑事裁定
成功解析（無表格，退回摘要）：臺灣高雄地方法院 93 年度 簡 字第 5214 號刑事判決
成功解析（無表格，退回摘要）：臺灣臺南地方法院 93 年度 簡 字第 2443 號刑事判決
成功解析（無表格，退回摘要）：臺灣高等法院 93 年度 附民上 字第 59 號刑事判決
成功解析（無表格，退回摘要）：臺灣高等法院 93 年度 上易 字第 1280 號刑事判決
成功解析（無表格，退回摘要）：臺灣高等法院 臺中分院 93 年度 上易 字第 837 號刑事判決
成功解析（無表格，退回摘要）：臺灣高等法院 93 年度 上易 字第 1419 號刑事判決
成功解析（無表格，退回摘要）：臺灣嘉義地方法院 93 年度 嘉簡 字第 997 號刑事判決
成功解析（無表格，退回摘要）：臺灣臺南地方法院 93 年度 簡 字第 2452 號刑事判決
成功解析（無表格，退回摘要）：臺灣臺中地方法院 93 年度 易 字第 1820 號刑事判決
成功解析（無表格，退回摘要）：臺灣臺中地方法院 93 年度 易 字第 1659 號刑事判決
成功解析（無表格，退回摘要）：臺灣臺北地方法院 93 年度 易 字第 1129 號刑事判決
成功解析（無表格，退回摘要）：臺灣臺北地方法院 93 年度 易 字第 999 號刑事判決
成功解析（無表格，退回摘要）：臺灣臺北地方法院 93 年度 易 字第 942 號刑事判決
--- 正在抓取第 6 頁清單 ---
本頁共找到 20 筆案件，開始讀取內文...
成功解析（無表格，退回摘要）：臺灣高等法院 93 年度 抗 字第 525 號刑事裁定
成功解析（無表格，退回摘要）：臺灣高等法院 93 年度 上易 字第 1483 號刑事判決
成功解析（無表格，退回摘要）：臺灣臺南地方法院 93 年度 簡上 字第 157 號刑事判決
成功解析（無表格，退回摘要）：臺灣高等法院 高雄分院 93 年度 上易 字第 468 號刑事判決
成功解析（無表格，退回摘要）：臺灣高等法院 93 年度 上易 字第 1358 號刑事判決
成功解析（無表格，退回摘要）：臺灣新北地方法院 92 年度 附民 字第 406 號刑事裁定
成功解析（無表格，退回摘要）：臺灣新北地方法院 92 年度 附民 字第 406 號刑事判決
成功解析（無表格，退回摘要）：臺灣新北地方法院 92 年度 易 字第 2462 號刑事判決
成功解析（無表格，退回摘要）：最高法院 93 年度 台非 字第 224 號刑事判決
成功解析（無表格，退回摘要）：臺灣高等法院 93 年度 附民上 字第 64 號刑事判決
成功解析（無表格，退回摘要）：臺灣高等法院 93 年度 上易 字第 1341 號刑事判決
成功解析（無表格，退回摘要）：臺灣高等法院 93 年度 上易 字第 1536 號刑事判決
成功解析（無表格，退回摘要）：臺灣高雄地方法院 93 年度 簡附民 字第 91 號刑事裁定
成功解析（無表格，退回摘要）：臺灣苗栗地方法院 93 年度 易 字第 513 號刑事判決
成功解析（無表格，退回摘要）：臺灣高雄地方法院 93 年度 簡 字第 4239 號刑事判決
成功解析（無表格，退回摘要）：臺灣基隆地方法院 93 年度 易 字第 286 號刑事判決
成功解析（無表格，退回摘要）：臺灣臺南地方法院 92 年度 簡 字第 341 號刑事判決
成功解析（無表格，退回摘要）：臺灣高等法院 臺中分院 93 年度 附民 字第 269 號刑事判決
成功解析（無表格，退回摘要）：臺灣高雄地方法院 93 年度 簡 字第 4685 號刑事判決
成功解析（無表格，退回摘要）：臺灣南投地方法院 93 年度 簡上 字第 85 號刑事判決
--- 正在抓取第 7 頁清單 ---
本頁共找到 20 筆案件，開始讀取內文...
成功解析（無表格，退回摘要）：臺灣士林地方法院 92 年度 簡上 字第 94 號刑事判決
成功解析（無表格，退回摘要）：臺灣高雄地方法院 93 年度 自 字第 54 號刑事判決
成功解析（無表格，退回摘要）：臺灣臺北地方法院 93 年度 易 字第 1106 號刑事判決
成功解析（無表格，退回摘要）：臺灣高等法院 臺中分院 93 年度 上易 字第 851 號刑事判決
成功解析（無表格，退回摘要）：臺灣新竹地方法院 93 年度 竹北簡 字第 175 號刑事判決
成功解析（無表格，退回摘要）：臺灣新北地方法院 93 年度 簡上 字第 396 號刑事判決
成功解析（無表格，退回摘要）：臺灣澎湖地方法院 93 年度 易 字第 20 號刑事判決
成功解析（無表格，退回摘要）：臺灣屏東地方法院 93 年度 簡 字第 1225 號刑事判決
成功解析（無表格，退回摘要）：臺灣新北地方法院 93 年度 簡上 字第 395 號刑事判決
成功解析（無表格，退回摘要）：臺灣高等法院 93 年度 上易 字第 1198 號刑事判決
成功解析（無表格，退回摘要）：臺灣高等法院 臺中分院 92 年度 附民上 字第 361 號刑事判決
成功解析（無表格，退回摘要）：臺灣花蓮地方法院 93 年度 簡上 字第 104 號刑事判決
成功解析（無表格，退回摘要）：臺灣高雄地方法院 93 年度 簡 字第 4343 號刑事判決
成功解析（無表格，退回摘要）：臺灣新北地方法院 93 年度 附民 字第 103 號刑事判決
成功解析（無表格，退回摘要）：臺灣高等法院 93 年度 上易 字第 431 號刑事判決
成功解析（無表格，退回摘要）：臺灣高等法院 92 年度 上易 字第 3293 號刑事判決
成功解析（無表格，退回摘要）：臺灣屏東地方法院 93 年度 簡 字第 1273 號刑事判決
成功解析（無表格，退回摘要）：臺灣新北地方法院 93 年度 自 字第 30 號刑事判決
成功解析（無表格，退回摘要）：臺灣南投地方法院 93 年度 投附民 字第 11 號刑事裁定
成功解析（無表格，退回摘要）：臺灣臺中地方法院 93 年度 中簡上 字第 104 號刑事判決
--- 正在抓取第 8 頁清單 ---
本頁共找到 20 筆案件，開始讀取內文...
成功解析（無表格，退回摘要）：臺灣南投地方法院 93 年度 投刑簡 字第 409 號刑事判決
成功解析（無表格，退回摘要）：臺灣高等法院 93 年度 上易 字第 806 號刑事判決
成功解析（無表格，退回摘要）：臺灣高等法院 93 年度 上易 字第 224 號刑事判決
成功解析（無表格，退回摘要）：臺灣高等法院 93 年度 上易 字第 566 號刑事判決
成功解析（無表格，退回摘要）：臺灣臺北地方法院 93 年度 自 字第 223 號刑事判決
成功解析（無表格，退回摘要）：臺灣高雄地方法院 93 年度 簡 字第 4148 號刑事判決
成功解析（無表格，退回摘要）：臺灣臺北地方法院 92 年度 附民 字第 404 號刑事裁定
成功解析（無表格，退回摘要）：臺灣高雄地方法院 93 年度 簡 字第 4057 號刑事判決
成功解析（無表格，退回摘要）：臺灣南投地方法院 93 年度 易 字第 334 號刑事判決
成功解析（無表格，退回摘要）：臺灣臺北地方法院 92 年度 易 字第 1947 號刑事判決
成功解析（無表格，退回摘要）：臺灣臺中地方法院 93 年度 中簡上 字第 275 號刑事判決
成功解析（無表格，退回摘要）：臺灣臺中地方法院 93 年度 易 字第 581 號刑事判決
成功解析（無表格，退回摘要）：臺灣士林地方法院 93 年度 自 字第 49 號刑事判決
成功解析（無表格，退回摘要）：臺灣高等法院 92 年度 上易 字第 3412 號刑事判決
成功解析（無表格，退回摘要）：臺灣高雄地方法院 93 年度 附民 字第 160 號刑事裁定
成功解析（無表格，退回摘要）：臺灣高雄地方法院 93 年度 易 字第 793 號刑事判決
成功解析（無表格，退回摘要）：臺灣高等法院 93 年度 上易 字第 1410 號刑事判決
成功解析（無表格，退回摘要）：臺灣苗栗地方法院 93 年度 苗簡 字第 365 號刑事判決
成功解析（無表格，退回摘要）：臺灣士林地方法院 92 年度 自 字第 172 號刑事裁定
成功解析（無表格，退回摘要）：臺灣高等法院 臺南分院 93 年度 上易 字第 301 號刑事判決
--- 正在抓取第 9 頁清單 ---
本頁共找到 20 筆案件，開始讀取內文...
成功解析（無表格，退回摘要）：臺灣高等法院 臺中分院 93 年度 上易 字第 474 號刑事判決
成功解析（無表格，退回摘要）：臺灣高等法院 93 年度 上易 字第 1107 號刑事判決
成功解析（無表格，退回摘要）：臺灣臺北地方法院 93 年度 簡上 字第 122 號刑事判決
成功解析（無表格，退回摘要）：臺灣臺中地方法院 93 年度 易 字第 769 號刑事判決
成功解析（無表格，退回摘要）：臺灣基隆地方法院 93 年度 基簡 字第 614 號刑事判決
成功解析（無表格，退回摘要）：臺灣臺北地方法院 93 年度 自 字第 223 號刑事裁定
成功解析（無表格，退回摘要）：臺灣高雄地方法院 93 年度 簡 字第 3746 號刑事判決
成功解析（無表格，退回摘要）：臺灣臺北地方法院 93 年度 附民 字第 153 號刑事判決
成功解析（無表格，退回摘要）：臺灣臺南地方法院 93 年度 易 字第 564 號刑事判決
成功解析（無表格，退回摘要）：臺灣臺中地方法院 93 年度 中簡上 字第 104 號刑事裁定
成功解析（無表格，退回摘要）：臺灣臺北地方法院 93 年度 易 字第 951 號刑事判決
成功解析（無表格，退回摘要）：臺灣高等法院 92 年度 上易 字第 3297 號刑事裁定
成功解析（無表格，退回摘要）：臺灣高等法院 93 年度 上易 字第 582 號刑事判決
成功解析（無表格，退回摘要）：臺灣高等法院 臺南分院 93 年度 上易 字第 216 號刑事判決
成功解析（無表格，退回摘要）：臺灣臺南地方法院 93 年度 簡 字第 1662 號刑事判決
成功解析（無表格，退回摘要）：臺灣臺南地方法院 93 年度 易 字第 597 號刑事判決
成功解析（無表格，退回摘要）：臺灣高等法院 93 年度 上易 字第 715 號刑事判決
成功解析（無表格，退回摘要）：臺灣新北地方法院 93 年度 簡 字第 3362 號刑事判決
成功解析（無表格，退回摘要）：臺灣臺北地方法院 93 年度 易 字第 529 號刑事判決
成功解析（無表格，退回摘要）：臺灣高雄地方法院 93 年度 簡附民 字第 73 號刑事判決
--- 正在抓取第 10 頁清單 ---
本頁共找到 20 筆案件，開始讀取內文...
成功解析（無表格，退回摘要）：臺灣士林地方法院 93 年度 自 字第 49 號刑事裁定
成功解析（無表格，退回摘要）：臺灣新北地方法院 93 年度 聲判 字第 26 號刑事裁定
成功解析（無表格，退回摘要）：臺灣臺南地方法院 93 年度 簡 字第 1785 號刑事判決
成功解析（無表格，退回摘要）：臺灣臺中地方法院 89 年度 易 字第 1507 號刑事判決
成功解析（無表格，退回摘要）：臺灣臺北地方法院 93 年度 自 字第 65 號刑事判決
成功解析（無表格，退回摘要）：臺灣高等法院 92 年度 重附民上 字第 102 號刑事判決
成功解析（無表格，退回摘要）：臺灣高等法院 92 年度 上易 字第 3535 號刑事判決
成功解析（無表格，退回摘要）：臺灣臺北地方法院 93 年度 附民 字第 172 號刑事裁定
成功解析（無表格，退回摘要）：臺灣高雄地方法院 93 年度 簡 字第 3304 號刑事判決
成功解析（無表格，退回摘要）：臺灣嘉義地方法院 93 年度 嘉簡 字第 533 號刑事判決
成功解析（無表格，退回摘要）：臺灣高雄地方法院 93 年度 易 字第 1039 號刑事判決
成功解析（無表格，退回摘要）：臺灣新竹地方法院 93 年度 易 字第 414 號刑事判決
成功解析（無表格，退回摘要）：臺灣臺北地方法院 92 年度 易 字第 2244 號刑事判決
成功解析（無表格，退回摘要）：臺灣高雄地方法院 93 年度 簡 字第 3612 號刑事判決
成功解析（無表格，退回摘要）：臺灣高等法院 93 年度 重附民上 字第 29 號刑事判決
成功解析（無表格，退回摘要）：臺灣高等法院 93 年度 上易 字第 995 號刑事判決
成功解析（無表格，退回摘要）：臺灣基隆地方法院 93 年度 基簡 字第 602 號刑事判決
成功解析（無表格，退回摘要）：臺灣雲林地方法院 93 年度 簡上 字第 63 號刑事判決
成功解析（無表格，退回摘要）：臺灣高等法院 93 年度 附民上 字第 34 號刑事判決
成功解析（無表格，退回摘要）：臺灣高等法院 93 年度 上易 字第 1103 號刑事判決
--- 正在抓取第 11 頁清單 ---
本頁共找到 20 筆案件，開始讀取內文...
成功解析（無表格，退回摘要）：臺灣新北地方法院 93 年度 簡上 字第 263 號刑事判決
成功解析（無表格，退回摘要）：臺灣彰化地方法院 93 年度 易 字第 481 號刑事判決
成功解析（無表格，退回摘要）：臺灣高等法院 93 年度 上易 字第 935 號刑事判決
成功解析（無表格，退回摘要）：臺灣高雄地方法院 93 年度 簡 字第 3198 號刑事判決
成功解析（無表格，退回摘要）：臺灣臺北地方法院 92 年度 附民 字第 481 號刑事判決
成功解析（無表格，退回摘要）：臺灣桃園地方法院 93 年度 簡上 字第 172 號刑事判決
成功解析（無表格，退回摘要）：臺灣臺北地方法院 92 年度 易 字第 2468 號刑事判決
成功解析（無表格，退回摘要）：臺灣高等法院 93 年度 上易 字第 1033 號刑事判決
成功解析（無表格，退回摘要）：臺灣屏東地方法院 93 年度 簡 字第 997 號刑事判決
成功解析（無表格，退回摘要）：臺灣臺北地方法院 93 年度 自 字第 195 號刑事裁定
成功解析（無表格，退回摘要）：臺灣桃園地方法院 92 年度 簡上 字第 490 號刑事判決
成功解析（無表格，退回摘要）：臺灣高等法院 93 年度 上易 字第 908 號刑事判決
成功解析（無表格，退回摘要）：臺灣高等法院 93 年度 上易 字第 910 號刑事判決
成功解析（無表格，退回摘要）：臺灣高雄地方法院 92 年度 簡上 字第 499 號刑事判決
成功解析（無表格，退回摘要）：臺灣高雄地方法院 92 年度 自 字第 347 號刑事判決
成功解析（無表格，退回摘要）：臺灣高雄地方法院 93 年度 簡上 字第 302 號刑事判決
成功解析（無表格，退回摘要）：臺灣高雄地方法院 93 年度 簡上 字第 302 號刑事判決
成功解析（無表格，退回摘要）：臺灣高雄地方法院 93 年度 簡上附民 字第 31 號刑事判決
成功解析（無表格，退回摘要）：臺灣高等法院 93 年度 上易 字第 431 號刑事裁定
成功解析（無表格，退回摘要）：臺灣高等法院 93 年度 上易 字第 312 號刑事判決
--- 正在抓取第 12 頁清單 ---
本頁共找到 20 筆案件，開始讀取內文...
成功解析（無表格，退回摘要）：臺灣新北地方法院 93 年度 簡 字第 2948 號刑事判決
成功解析（無表格，退回摘要）：臺灣新北地方法院 93 年度 簡 字第 1369 號刑事判決
成功解析（無表格，退回摘要）：臺灣新北地方法院 92 年度 附民 字第 397 號刑事裁定
成功解析（無表格，退回摘要）：臺灣新北地方法院 92 年度 易 字第 2450 號刑事判決
成功解析（無表格，退回摘要）：臺灣臺北地方法院 93 年度 易 字第 701 號刑事判決
成功解析（無表格，退回摘要）：臺灣士林地方法院 93 年度 易 字第 115 號刑事判決
成功解析（無表格，退回摘要）：臺灣新北地方法院 93 年度 易 字第 346 號刑事裁定
成功解析（無表格，退回摘要）：臺灣臺北地方法院 93 年度 易 字第 313 號刑事判決
成功解析（無表格，退回摘要）：臺灣高等法院 93 年度 上易 字第 1023 號刑事裁定
成功解析（無表格，退回摘要）：臺灣新北地方法院 93 年度 簡 字第 2923 號刑事判決
成功解析（無表格，退回摘要）：臺灣臺北地方法院 92 年度 易 字第 1811 號刑事判決
成功解析（無表格，退回摘要）：臺灣高等法院 93 年度 附民上 字第 20 號刑事判決
成功解析（無表格，退回摘要）：臺灣高等法院 臺中分院 93 年度 上易 字第 711 號刑事判決
成功解析（無表格，退回摘要）：臺灣高等法院 93 年度 上易 字第 623 號刑事判決
成功解析（無表格，退回摘要）：臺灣高等法院 臺南分院 93 年度 上易 字第 203 號刑事判決
成功解析（無表格，退回摘要）：臺灣高等法院 93 年度 上易 字第 585 號刑事判決
成功解析（無表格，退回摘要）：臺灣臺南地方法院 93 年度 易 字第 511 號刑事判決
成功解析（無表格，退回摘要）：臺灣桃園地方法院 93 年度 簡上 字第 159 號刑事判決
成功解析（無表格，退回摘要）：福建金門地方法院 92 年度 簡上 字第 18 號刑事判決
成功解析（無表格，退回摘要）：臺灣屏東地方法院 93 年度 簡上 字第 47 號刑事判決
--- 正在抓取第 13 頁清單 ---
本頁共找到 20 筆案件，開始讀取內文...
成功解析（無表格，退回摘要）：臺灣南投地方法院 92 年度 簡上 字第 154 號刑事判決
成功解析（無表格，退回摘要）：臺灣臺南地方法院 92 年度 簡上 字第 239 號刑事判決
成功解析（無表格，退回摘要）：臺灣新北地方法院 93 年度 簡 字第 2869 號刑事判決
成功解析（無表格，退回摘要）：臺灣新北地方法院 93 年度 簡 字第 2221 號刑事判決
成功解析（無表格，退回摘要）：臺灣臺北地方法院 93 年度 簡 字第 1314 號刑事判決
成功解析（無表格，退回摘要）：臺灣臺北地方法院 92 年度 附民 字第 87 號刑事裁定
成功解析（無表格，退回摘要）：臺灣臺北地方法院 93 年度 簡上 字第 105 號刑事判決
成功解析（無表格，退回摘要）：臺灣臺北地方法院 92 年度 簡上 字第 25 號刑事判決
成功解析（無表格，退回摘要）：臺灣高等法院 92 年度 上易 字第 3282 號刑事判決
成功解析（無表格，退回摘要）：臺灣新北地方法院 93 年度 簡附民 字第 20 號刑事判決
成功解析（無表格，退回摘要）：臺灣新北地方法院 93 年度 簡附民 字第 19 號刑事判決
成功解析（無表格，退回摘要）：臺灣臺中地方法院 93 年度 易 字第 910 號刑事判決
成功解析（無表格，退回摘要）：臺灣新北地方法院 93 年度 易 字第 346 號刑事判決
成功解析（無表格，退回摘要）：臺灣臺東地方法院 92 年度 自 字第 10 號刑事判決
成功解析（無表格，退回摘要）：臺灣高等法院 臺南分院 93 年度 重附民上 字第 41 號刑事判決
成功解析（無表格，退回摘要）：臺灣桃園地方法院 93 年度 壢簡 字第 691 號刑事判決
成功解析（無表格，退回摘要）：臺灣高等法院 93 年度 重附民 字第 24 號刑事判決
成功解析（無表格，退回摘要）：臺灣高等法院 臺南分院 93 年度 上易 字第 148 號刑事判決
成功解析（無表格，退回摘要）：臺灣高等法院 93 年度 上易 字第 655 號刑事判決
成功解析（無表格，退回摘要）：臺灣高等法院 93 年度 上易 字第 772 號刑事判決
--- 正在抓取第 14 頁清單 ---
本頁共找到 20 筆案件，開始讀取內文...
成功解析（無表格，退回摘要）：臺灣高等法院 臺中分院 93 年度 上易 字第 540 號刑事判決
成功解析（無表格，退回摘要）：臺灣臺中地方法院 93 年度 易 字第 796 號刑事判決
成功解析（無表格，退回摘要）：臺灣高等法院 93 年度 上易 字第 808 號刑事判決
成功解析（無表格，退回摘要）：臺灣高等法院 93 年度 上易 字第 477 號刑事判決
成功解析（無表格，退回摘要）：臺灣彰化地方法院 93 年度 易 字第 19 號刑事判決
成功解析（無表格，退回摘要）：臺灣新北地方法院 93 年度 附民 字第 95 號刑事判決
成功解析（無表格，退回摘要）：臺灣新北地方法院 93 年度 自 字第 43 號刑事判決
成功解析（無表格，退回摘要）：臺灣臺南地方法院 93 年度 簡上 字第 92 號刑事判決
成功解析（無表格，退回摘要）：臺灣桃園地方法院 92 年度 簡上 字第 310 號刑事判決
成功解析（無表格，退回摘要）：臺灣高等法院 臺南分院 93 年度 上易 字第 193 號刑事判決
成功解析（無表格，退回摘要）：臺灣新北地方法院 92 年度 自 字第 234 號刑事判決
成功解析（無表格，退回摘要）：臺灣新北地方法院 93 年度 簡 字第 2318 號刑事判決
成功解析（無表格，退回摘要）：臺灣花蓮地方法院 93 年度 簡上 字第 8 號刑事判決
成功解析（無表格，退回摘要）：臺灣高雄地方法院 93 年度 簡上附民 字第 23 號刑事裁定
成功解析（無表格，退回摘要）：臺灣桃園地方法院 93 年度 桃簡 字第 538 號刑事判決
成功解析（無表格，退回摘要）：臺灣新北地方法院 92 年度 易 字第 2462 號刑事裁定
成功解析（無表格，退回摘要）：臺灣臺北地方法院 93 年度 自 字第 125 號刑事判決
成功解析（無表格，退回摘要）：臺灣高等法院 92 年度 上易 字第 3662 號刑事判決
成功解析（無表格，退回摘要）：臺灣南投地方法院 93 年度 自 字第 9 號刑事裁定
成功解析（無表格，退回摘要）：臺灣新北地方法院 93 年度 簡 字第 637 號刑事判決
--- 正在抓取第 15 頁清單 ---
本頁共找到 20 筆案件，開始讀取內文...
成功解析（無表格，退回摘要）：臺灣南投地方法院 93 年度 投刑簡 字第 335 號刑事判決
成功解析（無表格，退回摘要）：臺灣基隆地方法院 93 年度 基簡 字第 424 號刑事判決
成功解析（無表格，退回摘要）：臺灣新北地方法院 93 年度 簡附民 字第 51 號刑事裁定
成功解析（無表格，退回摘要）：臺灣新北地方法院 93 年度 簡附民 字第 50 號刑事裁定
成功解析（無表格，退回摘要）：臺灣臺北地方法院 93 年度 易 字第 15 號刑事判決
成功解析（無表格，退回摘要）：臺灣桃園地方法院 92 年度 簡上 字第 495 號刑事判決
成功解析（無表格，退回摘要）：臺灣高等法院 高雄分院 93 年度 附民 字第 21 號刑事判決
成功解析（無表格，退回摘要）：臺灣高等法院 93 年度 上易 字第 538 號刑事判決
成功解析（無表格，退回摘要）：臺灣高等法院 高雄分院 93 年度 上易 字第 201 號刑事判決
成功解析（無表格，退回摘要）：臺灣基隆地方法院 93 年度 基簡 字第 332 號刑事判決
成功解析（無表格，退回摘要）：臺灣新北地方法院 93 年度 簡 字第 1672 號刑事判決
成功解析（無表格，退回摘要）：臺灣臺南地方法院 93 年度 易 字第 110 號刑事判決
成功解析（無表格，退回摘要）：臺灣高雄地方法院 93 年度 簡 字第 2448 號刑事判決
成功解析（無表格，退回摘要）：臺灣高等法院 臺南分院 93 年度 附民 字第 61 號刑事判決
成功解析（無表格，退回摘要）：臺灣高等法院 臺南分院 93 年度 上易 字第 149 號刑事判決
成功解析（無表格，退回摘要）：臺灣臺北地方法院 93 年度 簡 字第 1327 號刑事判決
成功解析（無表格，退回摘要）：臺灣臺北地方法院 93 年度 自 字第 125 號刑事裁定
成功解析（無表格，退回摘要）：臺灣新北地方法院 93 年度 自 字第 43 號刑事裁定
成功解析（無表格，退回摘要）：臺灣新北地方法院 93 年度 簡 字第 1930 號刑事判決
成功解析（無表格，退回摘要）：臺灣臺北地方法院 93 年度 簡 字第 1235 號刑事判決
--- 正在抓取第 16 頁清單 ---
本頁共找到 20 筆案件，開始讀取內文...
成功解析（無表格，退回摘要）：臺灣南投地方法院 93 年度 簡上 字第 27 號刑事判決
成功解析（無表格，退回摘要）：臺灣嘉義地方法院 93 年度 嘉簡 字第 289 號刑事判決
成功解析（無表格，退回摘要）：臺灣臺北地方法院 92 年度 附民 字第 479 號刑事判決
成功解析（無表格，退回摘要）：臺灣臺北地方法院 92 年度 重附民 字第 122 號刑事判決
成功解析（無表格，退回摘要）：臺灣嘉義地方法院 93 年度 簡上 字第 80 號刑事判決
成功解析（無表格，退回摘要）：臺灣臺北地方法院 92 年度 自 字第 769 號刑事判決
成功解析（無表格，退回摘要）：臺灣臺北地方法院 92 年度 自 字第 403 號刑事判決
成功解析（無表格，退回摘要）：最高法院 93 年度 台抗 字第 233 號刑事裁定
成功解析（無表格，退回摘要）：最高法院 93 年度 台上 字第 2537 號刑事判決
成功解析（無表格，退回摘要）：臺灣高等法院 93 年度 上易 字第 488 號刑事判決
成功解析（無表格，退回摘要）：福建金門地方法院 93 年度 易 字第 13 號刑事判決
成功解析（無表格，退回摘要）：臺灣臺中地方法院 93 年度 中簡上 字第 72 號刑事判決
成功解析（無表格，退回摘要）：臺灣高等法院 93 年度 上易 字第 490 號刑事判決
成功解析（無表格，退回摘要）：臺灣南投地方法院 93 年度 投刑簡 字第 318 號刑事判決
成功解析（無表格，退回摘要）：臺灣高雄地方法院 93 年度 簡附民 字第 39 號刑事裁定
成功解析（無表格，退回摘要）：最高法院 93 年度 台抗 字第 222 號刑事裁定
成功解析（無表格，退回摘要）：臺灣高等法院 93 年度 上易 字第 715 號刑事裁定
成功解析（無表格，退回摘要）：臺灣臺南地方法院 93 年度 簡 字第 1068 號刑事判決
成功解析（無表格，退回摘要）：臺灣新竹地方法院 93 年度 易 字第 8 號刑事判決
成功解析（無表格，退回摘要）：臺灣高等法院 臺中分院 93 年度 上易 字第 160 號刑事判決
--- 正在抓取第 17 頁清單 ---
本頁共找到 20 筆案件，開始讀取內文...
成功解析（無表格，退回摘要）：臺灣新北地方法院 93 年度 簡 字第 1626 號刑事判決
成功解析（無表格，退回摘要）：臺灣高雄地方法院 93 年度 簡 字第 1538 號刑事判決
成功解析（無表格，退回摘要）：臺灣臺北地方法院 92 年度 自 字第 687 號刑事判決
成功解析（無表格，退回摘要）：臺灣新北地方法院 93 年度 附民 字第 30 號刑事裁定
成功解析（無表格，退回摘要）：臺灣嘉義地方法院 93 年度 簡上 字第 10 號刑事裁定
成功解析（無表格，退回摘要）：臺灣新北地方法院 93 年度 簡上 字第 7 號刑事判決
成功解析（無表格，退回摘要）：臺灣臺北地方法院 92 年度 易 字第 1792 號刑事判決
成功解析（無表格，退回摘要）：臺灣新北地方法院 93 年度 簡附民 字第 29 號刑事判決
成功解析（無表格，退回摘要）：臺灣高等法院 93 年度 上易 字第 465 號刑事判決
成功解析（無表格，退回摘要）：臺灣桃園地方法院 93 年度 壢簡 字第 282 號刑事判決
成功解析（無表格，退回摘要）：臺灣高等法院 93 年度 上易 字第 493 號刑事判決
成功解析（無表格，退回摘要）：臺灣基隆地方法院 93 年度 基簡 字第 227 號刑事判決
成功解析（無表格，退回摘要）：最高法院 93 年度 台抗 字第 194 號刑事裁定
成功解析（無表格，退回摘要）：臺灣高等法院 92 年度 上易 字第 1465 號刑事判決
成功解析（無表格，退回摘要）：臺灣高等法院 93 年度 附民上 字第 23 號刑事判決
成功解析（無表格，退回摘要）：臺灣臺北地方法院 93 年度 簡 字第 830 號刑事判決
成功解析（無表格，退回摘要）：臺灣高等法院 93 年度 上易 字第 364 號刑事判決
成功解析（無表格，退回摘要）：臺灣高等法院 92 年度 上易 字第 2362 號刑事判決
成功解析（無表格，退回摘要）：臺灣臺中地方法院 93 年度 易 字第 710 號刑事判決
成功解析（無表格，退回摘要）：臺灣桃園地方法院 92 年度 簡上 字第 61 號刑事判決
--- 正在抓取第 18 頁清單 ---
本頁共找到 20 筆案件，開始讀取內文...
成功解析（無表格，退回摘要）：臺灣新北地方法院 91 年度 易 字第 2054 號刑事判決
成功解析（無表格，退回摘要）：臺灣高等法院 93 年度 上易 字第 421 號刑事判決
成功解析（無表格，退回摘要）：臺灣高等法院 93 年度 上易 字第 365 號刑事判決
成功解析（無表格，退回摘要）：臺灣高雄地方法院 93 年度 簡附民 字第 16 號刑事裁定
成功解析（無表格，退回摘要）：臺灣高雄地方法院 93 年度 簡 字第 1202 號刑事判決
成功解析（無表格，退回摘要）：臺灣臺南地方法院 93 年度 易 字第 190 號刑事判決
成功解析（無表格，退回摘要）：臺灣高等法院 93 年度 上易 字第 401 號刑事判決
成功解析（無表格，退回摘要）：臺灣新北地方法院 93 年度 簡附民 字第 30 號刑事裁定
成功解析（無表格，退回摘要）：臺灣新北地方法院 93 年度 簡 字第 777 號刑事判決
成功解析（無表格，退回摘要）：臺灣高雄地方法院 93 年度 簡 字第 1370 號刑事判決
成功解析（無表格，退回摘要）：臺灣新北地方法院 92 年度 易 字第 1069 號刑事判決
成功解析（無表格，退回摘要）：臺灣新竹地方法院 92 年度 易更 字第 3 號刑事判決
成功解析（無表格，退回摘要）：臺灣臺中地方法院 93 年度 豐簡上 字第 332 號刑事判決
成功解析（無表格，退回摘要）：臺灣臺中地方法院 92 年度 自 字第 788 號刑事判決
成功解析（無表格，退回摘要）：臺灣高雄地方法院 93 年度 簡 字第 1356 號刑事判決
成功解析（無表格，退回摘要）：臺灣嘉義地方法院 93 年度 嘉簡 字第 195 號刑事判決
成功解析（無表格，退回摘要）：臺灣新北地方法院 93 年度 簡 字第 1431 號刑事判決
成功解析（無表格，退回摘要）：臺灣屏東地方法院 93 年度 簡 字第 496 號刑事判決
成功解析（無表格，退回摘要）：臺灣南投地方法院 93 年度 易 字第 24 號刑事判決
成功解析（無表格，退回摘要）：臺灣新北地方法院 93 年度 簡上 字第 29 號刑事判決
--- 正在抓取第 19 頁清單 ---
本頁共找到 20 筆案件，開始讀取內文...
成功解析（無表格，退回摘要）：臺灣臺北地方法院 92 年度 重附民 字第 161 號刑事判決
成功解析（無表格，退回摘要）：臺灣臺北地方法院 92 年度 易 字第 1963 號刑事判決
成功解析（無表格，退回摘要）：臺灣高等法院 93 年度 重附民上 字第 2 號刑事判決
成功解析（無表格，退回摘要）：臺灣高等法院 93 年度 上易 字第 49 號刑事判決
成功解析（無表格，退回摘要）：臺灣嘉義地方法院 92 年度 簡上 字第 20 號刑事裁定
成功解析（無表格，退回摘要）：臺灣臺中地方法院 93 年度 易 字第 58 號刑事判決
成功解析（無表格，退回摘要）：臺灣臺北地方法院 93 年度 簡附民 字第 11 號刑事判決
成功解析（無表格，退回摘要）：臺灣桃園地方法院 92 年度 自 字第 95 號刑事判決
成功解析（無表格，退回摘要）：臺灣高等法院 臺南分院 93 年度 聲再 字第 51 號刑事裁定
成功解析（無表格，退回摘要）：臺灣臺北地方法院 93 年度 附民 字第 79 號刑事裁定
成功解析（無表格，退回摘要）：臺灣臺北地方法院 93 年度 附民 字第 70 號刑事裁定
成功解析（無表格，退回摘要）：臺灣臺北地方法院 93 年度 簡 字第 685 號刑事判決
成功解析（無表格，退回摘要）：臺灣臺北地方法院 93 年度 簡 字第 264 號刑事判決
成功解析（無表格，退回摘要）：臺灣高雄地方法院 93 年度 簡 字第 1121 號刑事判決
成功解析（無表格，退回摘要）：臺灣嘉義地方法院 93 年度 嘉簡 字第 149 號刑事判決
成功解析（無表格，退回摘要）：臺灣桃園地方法院 92 年度 簡上 字第 489 號刑事判決
成功解析（無表格，退回摘要）：臺灣士林地方法院 93 年度 易 字第 77 號刑事判決
成功解析（無表格，退回摘要）：臺灣臺中地方法院 93 年度 易 字第 379 號刑事判決
成功解析（無表格，退回摘要）：臺灣臺北地方法院 92 年度 易 字第 2307 號刑事判決
成功解析（無表格，退回摘要）：臺灣高等法院 93 年度 上易 字第 277 號刑事判決
--- 正在抓取第 20 頁清單 ---
本頁共找到 20 筆案件，開始讀取內文...
成功解析（無表格，退回摘要）：臺灣臺北地方法院 92 年度 易 字第 2372 號刑事裁定
成功解析（無表格，退回摘要）：臺灣臺北地方法院 92 年度 易 字第 1757 號刑事判決
成功解析（無表格，退回摘要）：臺灣嘉義地方法院 93 年度 嘉簡 字第 40 號刑事判決
成功解析（無表格，退回摘要）：臺灣高等法院 93 年度 附民 字第 62 號刑事判決
成功解析（無表格，退回摘要）：臺灣高等法院 93 年度 上易 字第 186 號刑事判決
成功解析（無表格，退回摘要）：臺灣基隆地方法院 93 年度 基簡 字第 218 號刑事判決
成功解析（無表格，退回摘要）：臺灣新北地方法院 93 年度 簡 字第 990 號刑事判決
成功解析（無表格，退回摘要）：臺灣新北地方法院 93 年度 簡 字第 1247 號刑事判決
成功解析（無表格，退回摘要）：臺灣高等法院 高雄分院 93 年度 附民上 字第 5 號刑事判決
成功解析（無表格，退回摘要）：臺灣高等法院 高雄分院 93 年度 上易 字第 118 號刑事判決
成功解析（無表格，退回摘要）：臺灣高等法院 93 年度 上易 字第 279 號刑事判決
成功解析（無表格，退回摘要）：臺灣新北地方法院 93 年度 自 字第 22 號刑事裁定
成功解析（無表格，退回摘要）：臺灣臺北地方法院 93 年度 簡 字第 603 號刑事判決
成功解析（無表格，退回摘要）：臺灣高等法院 花蓮分院 93 年度 聲再 字第 13 號刑事裁定
成功解析（無表格，退回摘要）：最高法院 93 年度 台非 字第 80 號刑事判決
成功解析（無表格，退回摘要）：臺灣高等法院 93 年度 抗 字第 125 號刑事裁定
成功解析（無表格，退回摘要）：臺灣高等法院 93 年度 上易 字第 265 號刑事判決
成功解析（無表格，退回摘要）：臺灣雲林地方法院 92 年度 易 字第 326 號刑事判決
成功解析（無表格，退回摘要）：臺灣嘉義地方法院 93 年度 簡上 字第 17 號刑事判決
成功解析（無表格，退回摘要）：臺灣高等法院 臺南分院 92 年度 上易 字第 1080 號刑事裁定
--- 正在抓取第 21 頁清單 ---
本頁共找到 20 筆案件，開始讀取內文...
成功解析（無表格，退回摘要）：臺灣桃園地方法院 93 年度 易 字第 247 號刑事判決
成功解析（無表格，退回摘要）：臺灣嘉義地方法院 92 年度 簡上 字第 20 號刑事判決
成功解析（無表格，退回摘要）：臺灣高等法院 93 年度 附民 字第 40 號刑事判決
成功解析（無表格，退回摘要）：臺灣高等法院 93 年度 上易 字第 38 號刑事判決
成功解析（無表格，退回摘要）：臺灣高雄地方法院 93 年度 簡 字第 890 號刑事判決
成功解析（無表格，退回摘要）：臺灣高雄地方法院 91 年度 附民緝 字第 19 號刑事判決
成功解析（無表格，退回摘要）：臺灣臺北地方法院 92 年度 易 字第 2372 號刑事判決
成功解析（無表格，退回摘要）：臺灣高雄地方法院 91 年度 自緝 字第 39 號刑事判決
成功解析（無表格，退回摘要）：臺灣嘉義地方法院 93 年度 嘉簡 字第 81 號刑事判決
成功解析（無表格，退回摘要）：臺灣臺北地方法院 92 年度 易 字第 2121 號刑事判決
成功解析（無表格，退回摘要）：臺灣高等法院 92 年度 附民 字第 233 號刑事裁定
成功解析（無表格，退回摘要）：臺灣高等法院 92 年度 上易 字第 2816 號刑事判決
成功解析（無表格，退回摘要）：臺灣臺北地方法院 93 年度 附民 字第 32 號刑事判決
成功解析（無表格，退回摘要）：臺灣新北地方法院 93 年度 易 字第 145 號刑事判決
成功解析（無表格，退回摘要）：臺灣臺南地方法院 93 年度 簡 字第 570 號刑事判決
成功解析（無表格，退回摘要）：臺灣新北地方法院 93 年度 簡 字第 830 號刑事判決
成功解析（無表格，退回摘要）：臺灣臺北地方法院 92 年度 易 字第 1870 號刑事判決
成功解析（無表格，退回摘要）：臺灣嘉義地方法院 92 年度 簡上 字第 178 號刑事判決
成功解析（無表格，退回摘要）：臺灣高雄地方法院 96 年度 易 字第 833 號刑事判決
成功解析（無表格，退回摘要）：臺灣新北地方法院 93 年度 簡 字第 841 號刑事判決
--- 正在抓取第 22 頁清單 ---
本頁共找到 20 筆案件，開始讀取內文...
成功解析（無表格，退回摘要）：臺灣臺南地方法院 92 年度 簡 字第 546 號刑事判決
成功解析（無表格，退回摘要）：臺灣臺北地方法院 90 年度 自 字第 767 號刑事判決
成功解析（無表格，退回摘要）：臺灣臺北地方法院 93 年度 簡 字第 232 號刑事判決
成功解析（無表格，退回摘要）：臺灣高雄地方法院 93 年度 自 字第 26 號刑事判決
成功解析（無表格，退回摘要）：臺灣基隆地方法院 93 年度 易 字第 62 號刑事判決
成功解析（無表格，退回摘要）：臺灣高等法院 93 年度 附民 字第 2 號刑事裁定
成功解析（無表格，退回摘要）：臺灣高等法院 花蓮分院 93 年度 聲再 字第 10 號刑事裁定
成功解析（無表格，退回摘要）：臺灣高等法院 93 年度 上易 字第 88 號刑事判決
成功解析（無表格，退回摘要）：臺灣新北地方法院 92 年度 附民 字第 437 號刑事判決
成功解析（無表格，退回摘要）：臺灣新北地方法院 92 年度 自 字第 275 號刑事判決
成功解析（無表格，退回摘要）：臺灣高等法院 92 年度 附民 字第 302 號刑事裁定
成功解析（無表格，退回摘要）：臺灣高等法院 92 年度 上易 字第 3303 號刑事裁定
成功解析（無表格，退回摘要）：臺灣高等法院 高雄分院 93 年度 上易 字第 82 號刑事判決
成功解析（無表格，退回摘要）：臺灣臺北地方法院 92 年度 附民 字第 365 號刑事裁定
成功解析（無表格，退回摘要）：臺灣桃園地方法院 92 年度 簡上 字第 434 號刑事判決
成功解析（無表格，退回摘要）：臺灣臺北地方法院 92 年度 易 字第 1887 號刑事判決
成功解析（無表格，退回摘要）：臺灣臺中地方法院 92 年度 自 字第 797 號刑事判決
成功解析（無表格，退回摘要）：臺灣高等法院 臺南分院 93 年度 附民 字第 14 號刑事裁定
成功解析（無表格，退回摘要）：臺灣高等法院 臺南分院 93 年度 附民 字第 13 號刑事裁定
成功解析（無表格，退回摘要）：臺灣高等法院 93 年度 附民上 字第 5 號刑事判決
--- 正在抓取第 23 頁清單 ---
本頁共找到 20 筆案件，開始讀取內文...
成功解析（無表格，退回摘要）：臺灣高等法院 92 年度 上易 字第 3675 號刑事判決
成功解析（無表格，退回摘要）：臺灣高等法院 臺南分院 92 年度 上易 字第 1080 號刑事判決
成功解析（無表格，退回摘要）：臺灣高等法院 93 年度 抗 字第 37 號刑事裁定
成功解析（無表格，退回摘要）：臺灣臺北地方法院 93 年度 簡 字第 261 號刑事判決
成功解析（無表格，退回摘要）：臺灣嘉義地方法院 93 年度 簡 字第 183 號刑事判決
成功解析（無表格，退回摘要）：臺灣雲林地方法院 92 年度 簡上 字第 112 號刑事判決
成功解析（無表格，退回摘要）：臺灣高雄地方法院 92 年度 易 字第 1154 號刑事判決
成功解析（無表格，退回摘要）：臺灣新北地方法院 92 年度 自 字第 280 號刑事判決
成功解析（無表格，退回摘要）：臺灣高等法院 93 年度 附民 字第 30 號刑事判決
成功解析（無表格，退回摘要）：臺灣高等法院 93 年度 上易 字第 70 號刑事判決
成功解析（無表格，退回摘要）：臺灣高等法院 花蓮分院 92 年度 聲再 字第 55 號刑事裁定
成功解析（無表格，退回摘要）：臺灣臺北地方法院 92 年度 易 字第 1870 號刑事裁定
成功解析（無表格，退回摘要）：臺灣新北地方法院 92 年度 易 字第 2654 號刑事判決
成功解析（無表格，退回摘要）：臺灣臺北地方法院 92 年度 附民 字第 377 號刑事裁定
成功解析（無表格，退回摘要）：臺灣臺北地方法院 92 年度 簡附民 字第 104 號刑事裁定
成功解析（無表格，退回摘要）：臺灣臺北地方法院 92 年度 簡 字第 4152 號刑事判決
成功解析（無表格，退回摘要）：臺灣臺北地方法院 92 年度 易 字第 1970 號刑事判決
成功解析（無表格，退回摘要）：臺灣高等法院 92 年度 上易 字第 3310 號刑事判決
成功解析（無表格，退回摘要）：臺灣高雄地方法院 93 年度 自 字第 26 號刑事裁定
成功解析（無表格，退回摘要）：臺灣臺中地方法院 93 年度 自 字第 16 號刑事判決
--- 正在抓取第 24 頁清單 ---
本頁共找到 20 筆案件，開始讀取內文...
成功解析（無表格，退回摘要）：臺灣高等法院 93 年度 附民 字第 25 號刑事裁定
成功解析（無表格，退回摘要）：臺灣高等法院 92 年度 上易 字第 3490 號刑事判決
成功解析（無表格，退回摘要）：臺灣高等法院 92 年度 上易 字第 2994 號刑事判決
成功解析（無表格，退回摘要）：臺灣高等法院 93 年度 上易 字第 44 號刑事判決
成功解析（無表格，退回摘要）：臺灣高等法院 臺中分院 92 年度 上易 字第 2230 號刑事判決
成功解析（無表格，退回摘要）：臺灣臺南地方法院 92 年度 自 字第 197 號刑事判決
成功解析（無表格，退回摘要）：臺灣臺南地方法院 92 年度 易 字第 780 號刑事判決
成功解析（無表格，退回摘要）：臺灣高等法院 臺中分院 93 年度 附民 字第 20 號刑事裁定
成功解析（無表格，退回摘要）：臺灣高等法院 臺中分院 92 年度 上易 字第 2281 號刑事判決
成功解析（無表格，退回摘要）：臺灣嘉義地方法院 93 年度 簡 字第 81 號刑事判決
成功解析（無表格，退回摘要）：臺灣士林地方法院 92 年度 簡上 字第 171 號刑事判決
成功解析（無表格，退回摘要）：臺灣高雄地方法院 92 年度 簡附民 字第 63 號刑事裁定
成功解析（無表格，退回摘要）：臺灣高雄地方法院 92 年度 簡附民 字第 63 號刑事判決
成功解析（無表格，退回摘要）：臺灣高雄地方法院 93 年度 易 字第 133 號刑事判決
成功解析（無表格，退回摘要）：臺灣高等法院 93 年度 上易 字第 72 號刑事判決
成功解析（無表格，退回摘要）：臺灣臺北地方法院 92 年度 易 字第 1373 號刑事判決
成功解析（無表格，退回摘要）：臺灣南投地方法院 93 年度 投刑簡 字第 99 號刑事判決
成功解析（無表格，退回摘要）：臺灣臺北地方法院 92 年度 簡附民 字第 90 號刑事裁定
成功解析（無表格，退回摘要）：臺灣高雄地方法院 93 年度 簡 字第 416 號刑事判決
成功解析（無表格，退回摘要）：臺灣臺北地方法院 92 年度 簡 字第 3735 號刑事判決
--- 正在抓取第 25 頁清單 ---
本頁共找到 1 筆案件，開始讀取內文...
成功解析（無表格，退回摘要）：臺灣高等法院 臺南分院 92 年度 上易 字第 994 號刑事判決
--- 正在抓取第 26 頁清單 ---
本頁沒有任何案件，這個範圍抓取完畢。
=== 開始抓取區間 (93, 12, 18)-(94, 5, 25)，預期 208 筆 ===
--- 正在抓取第 1 頁清單 ---
本頁共找到 20 筆案件，開始讀取內文...
成功解析（無表格，退回摘要）：臺灣高雄地方法院 94 年度 易 字第 869 號刑事判決
成功解析（無表格，退回摘要）：臺灣高等法院 94 年度 上易 字第 484 號刑事判決
成功解析（無表格，退回摘要）：臺灣臺北地方法院 94 年度 易 字第 272 號刑事判決
成功解析（無表格，退回摘要）：臺灣臺中地方法院 94 年度 中簡 字第 1277 號刑事判決
成功解析（無表格，退回摘要）：臺灣新北地方法院 94 年度 簡上 字第 60 號刑事判決
成功解析（無表格，退回摘要）：臺灣臺中地方法院 93 年度 沙簡上 字第 625 號刑事判決
成功解析（無表格，退回摘要）：臺灣臺中地方法院 93 年度 易 字第 2324 號刑事判決
成功解析（無表格，退回摘要）：臺灣新北地方法院 94 年度 簡 字第 2074 號刑事判決
成功解析（無表格，退回摘要）：臺灣新北地方法院 94 年度 易 字第 306 號刑事裁定
成功解析（無表格，退回摘要）：臺灣新北地方法院 93 年度 簡上 字第 635 號刑事判決
成功解析（無表格，退回摘要）：臺灣新北地方法院 94 年度 簡 字第 1979 號刑事判決
成功解析（無表格，退回摘要）：臺灣高雄地方法院 93 年度 簡 字第 6102 號刑事判決
成功解析（無表格，退回摘要）：臺灣嘉義地方法院 94 年度 嘉簡 字第 555 號刑事判決
成功解析（無表格，退回摘要）：臺灣高等法院 94 年度 附民上 字第 13 號刑事判決
成功解析（無表格，退回摘要）：臺灣高等法院 94 年度 上易 字第 339 號刑事判決
成功解析（無表格，退回摘要）：臺灣嘉義地方法院 94 年度 簡上 字第 38 號刑事判決
成功解析（無表格，退回摘要）：臺灣高等法院 94 年度 上易 字第 479 號刑事判決
成功解析（無表格，退回摘要）：臺灣高等法院 94 年度 聲再 字第 142 號刑事裁定
成功解析（無表格，退回摘要）：臺灣高等法院 94 年度 上易 字第 254 號刑事判決
成功解析（無表格，退回摘要）：臺灣臺北地方法院 94 年度 易 字第 339 號刑事判決
--- 正在抓取第 2 頁清單 ---
本頁共找到 20 筆案件，開始讀取內文...
成功解析（無表格，退回摘要）：臺灣南投地方法院 94 年度 易 字第 198 號刑事判決
成功解析（無表格，退回摘要）：臺灣臺北地方法院 94 年度 簡 字第 734 號刑事判決
成功解析（無表格，退回摘要）：臺灣臺北地方法院 93 年度 易 字第 1361 號刑事裁定
成功解析（無表格，退回摘要）：臺灣高等法院 94 年度 附民上 字第 17 號刑事裁定
成功解析（無表格，退回摘要）：臺灣基隆地方法院 94 年度 易 字第 22 號刑事判決
成功解析（無表格，退回摘要）：臺灣高等法院 93 年度 重附民上 字第 42 號刑事判決
成功解析（無表格，退回摘要）：臺灣高等法院 93 年度 上易 字第 1331 號刑事判決
成功解析（無表格，退回摘要）：臺灣高等法院 94 年度 聲再 字第 137 號刑事裁定
成功解析（無表格，退回摘要）：臺灣高等法院 94 年度 上易 字第 100 號刑事判決
成功解析（無表格，退回摘要）：臺灣臺中地方法院 94 年度 中簡 字第 1001 號刑事判決
成功解析（無表格，退回摘要）：臺灣臺北地方法院 93 年度 附民 字第 99 號刑事判決
成功解析（無表格，退回摘要）：臺灣臺北地方法院 92 年度 易 字第 1495 號刑事判決
成功解析（無表格，退回摘要）：臺灣高等法院 94 年度 上易 字第 322 號刑事判決
成功解析（無表格，退回摘要）：臺灣新北地方法院 94 年度 簡附民 字第 35 號刑事裁定
成功解析（無表格，退回摘要）：臺灣高雄地方法院 94 年度 簡上附民 字第 25 號刑事裁定
成功解析（無表格，退回摘要）：臺灣高雄地方法院 94 年度 簡 字第 1835 號刑事判決
成功解析（無表格，退回摘要）：臺灣新北地方法院 94 年度 簡 字第 1498 號刑事判決
成功解析（無表格，退回摘要）：臺灣嘉義地方法院 94 年度 嘉簡 字第 392 號刑事判決
成功解析（無表格，退回摘要）：臺灣臺東地方法院 94 年度 東簡 字第 109 號刑事判決
成功解析（無表格，退回摘要）：臺灣臺中地方法院 94 年度 易 字第 864 號刑事判決
--- 正在抓取第 3 頁清單 ---
本頁共找到 20 筆案件，開始讀取內文...
成功解析（無表格，退回摘要）：臺灣臺中地方法院 93 年度 易 字第 1463 號刑事判決
成功解析（無表格，退回摘要）：臺灣高雄地方法院 94 年度 簡上 字第 165 號刑事判決
成功解析（無表格，退回摘要）：臺灣高等法院 93 年度 上易 字第 1627 號刑事判決
成功解析（無表格，退回摘要）：臺灣臺北地方法院 92 年度 重附民 字第 127 號刑事判決
成功解析（無表格，退回摘要）：臺灣臺北地方法院 92 年度 重附民 字第 124 號刑事裁定
成功解析（無表格，退回摘要）：臺灣臺北地方法院 92 年度 重附民 字第 124 號刑事判決
成功解析（無表格，退回摘要）：臺灣臺北地方法院 92 年度 易 字第 1799 號刑事判決
成功解析（無表格，退回摘要）：臺灣新北地方法院 94 年度 簡附民 字第 34 號刑事判決
成功解析（無表格，退回摘要）：臺灣臺北地方法院 94 年度 簡 字第 747 號刑事判決
成功解析（無表格，退回摘要）：臺灣南投地方法院 93 年度 附民 字第 26 號刑事判決
成功解析（無表格，退回摘要）：臺灣南投地方法院 93 年度 簡上 字第 62 號刑事判決
成功解析（無表格，退回摘要）：臺灣高等法院 94 年度 上易 字第 84 號刑事判決
成功解析（無表格，退回摘要）：臺灣臺南地方法院 94 年度 簡 字第 779 號刑事判決
成功解析（無表格，退回摘要）：臺灣臺北地方法院 93 年度 簡 字第 2835 號刑事判決
成功解析（無表格，退回摘要）：臺灣新北地方法院 94 年度 簡 字第 302 號刑事判決
成功解析（無表格，退回摘要）：臺灣臺北地方法院 92 年度 自 字第 616 號刑事裁定
成功解析（無表格，退回摘要）：臺灣高雄地方法院 93 年度 簡附民上 字第 3 號刑事判決
成功解析（無表格，退回摘要）：臺灣桃園地方法院 93 年度 壢簡 字第 1152 號刑事判決
成功解析（無表格，退回摘要）：臺灣高等法院 94 年度 抗 字第 39 號刑事裁定
成功解析（無表格，退回摘要）：臺灣高雄地方法院 94 年度 簡 字第 1089 號刑事判決
--- 正在抓取第 4 頁清單 ---
本頁共找到 20 筆案件，開始讀取內文...
成功解析（無表格，退回摘要）：臺灣臺北地方法院 94 年度 易 字第 273 號刑事判決
成功解析（無表格，退回摘要）：臺灣臺北地方法院 93 年度 易 字第 1450 號刑事判決
成功解析（無表格，退回摘要）：臺灣臺中地方法院 94 年度 易 字第 88 號刑事判決
成功解析（無表格，退回摘要）：臺灣高等法院 94 年度 上易 字第 179 號刑事判決
成功解析（無表格，退回摘要）：臺灣臺北地方法院 93 年度 重附民 字第 90 號刑事裁定
成功解析（無表格，退回摘要）：臺灣臺北地方法院 93 年度 易 字第 1355 號刑事判決
成功解析（無表格，退回摘要）：臺灣新北地方法院 94 年度 簡 字第 1452 號刑事判決
成功解析（無表格，退回摘要）：臺灣臺北地方法院 93 年度 自 字第 176 號刑事裁定
成功解析（無表格，退回摘要）：臺灣高雄地方法院 94 年度 簡 字第 1350 號刑事判決
成功解析（無表格，退回摘要）：臺灣臺中地方法院 94 年度 易 字第 49 號刑事判決
成功解析（無表格，退回摘要）：臺灣高等法院 94 年度 上易 字第 243 號刑事判決
成功解析（無表格，退回摘要）：臺灣新北地方法院 94 年度 易 字第 314 號刑事判決
成功解析（無表格，退回摘要）：臺灣高等法院 94 年度 上易 字第 161 號刑事判決
成功解析（無表格，退回摘要）：臺灣高等法院 94 年度 上易 字第 89 號刑事判決
成功解析（無表格，退回摘要）：臺灣高雄地方法院 93 年度 簡 字第 5375 號刑事裁定
成功解析（無表格，退回摘要）：臺灣臺北地方法院 94 年度 附民 字第 52 號刑事裁定
成功解析（無表格，退回摘要）：臺灣新竹地方法院 94 年度 易 字第 100 號刑事判決
成功解析（無表格，退回摘要）：臺灣嘉義地方法院 94 年度 簡上 字第 55 號刑事判決
成功解析（無表格，退回摘要）：臺灣桃園地方法院 94 年度 簡上 字第 30 號刑事判決
成功解析（無表格，退回摘要）：臺灣臺南地方法院 94 年度 簡 字第 545 號刑事判決
--- 正在抓取第 5 頁清單 ---
本頁共找到 20 筆案件，開始讀取內文...
成功解析（無表格，退回摘要）：臺灣臺北地方法院 93 年度 易 字第 1478 號刑事判決
成功解析（無表格，退回摘要）：臺灣高等法院 93 年度 上易 字第 2156 號刑事判決
成功解析（無表格，退回摘要）：最高法院 94 年度 台附 字第 19 號刑事判決
成功解析（無表格，退回摘要）：臺灣高等法院 93 年度 上易 字第 1063 號刑事判決
成功解析（無表格，退回摘要）：臺灣新北地方法院 94 年度 簡 字第 1158 號刑事判決
成功解析（無表格，退回摘要）：臺灣彰化地方法院 94 年度 易 字第 212 號刑事判決
成功解析（無表格，退回摘要）：臺灣高等法院 94 年度 上易 字第 196 號刑事判決
成功解析（無表格，退回摘要）：臺灣新北地方法院 94 年度 簡上 字第 734 號刑事判決
成功解析（無表格，退回摘要）：臺灣南投地方法院 94 年度 易 字第 109 號刑事判決
成功解析（無表格，退回摘要）：臺灣苗栗地方法院 93 年度 易 字第 397 號刑事判決
成功解析（無表格，退回摘要）：臺灣新北地方法院 94 年度 簡附民 字第 7 號刑事裁定
成功解析（無表格，退回摘要）：臺灣臺南地方法院 94 年度 簡 字第 561 號刑事判決
成功解析（無表格，退回摘要）：臺灣新北地方法院 94 年度 附民 字第 41 號刑事判決
成功解析（無表格，退回摘要）：臺灣新北地方法院 94 年度 自 字第 6 號刑事判決
成功解析（無表格，退回摘要）：臺灣新北地方法院 93 年度 簡 字第 5465 號刑事判決
成功解析（無表格，退回摘要）：臺灣臺南地方法院 94 年度 簡 字第 424 號刑事判決
成功解析（無表格，退回摘要）：臺灣新北地方法院 93 年度 簡附民 字第 113 號刑事裁定
成功解析（無表格，退回摘要）：臺灣新北地方法院 93 年度 簡 字第 5011 號刑事判決
成功解析（無表格，退回摘要）：臺灣臺北地方法院 94 年度 簡 字第 356 號刑事判決
成功解析（無表格，退回摘要）：臺灣高等法院 94 年度 聲再 字第 80 號刑事裁定
--- 正在抓取第 6 頁清單 ---
本頁共找到 20 筆案件，開始讀取內文...
成功解析（無表格，退回摘要）：臺灣屏東地方法院 94 年度 簡 字第 265 號刑事判決
成功解析（無表格，退回摘要）：臺灣高等法院 93 年度 重附民 字第 30 號刑事判決
成功解析（無表格，退回摘要）：臺灣高等法院 高雄分院 93 年度 上易 字第 611 號刑事判決
成功解析（無表格，退回摘要）：臺灣高等法院 93 年度 上易 字第 1023 號刑事判決
成功解析（無表格，退回摘要）：臺灣臺北地方法院 93 年度 易 字第 1493 號刑事裁定
成功解析（無表格，退回摘要）：臺灣苗栗地方法院 93 年度 易 字第 397 號刑事判決
成功解析（無表格，退回摘要）：最高法院 94 年度 台非 字第 47 號刑事判決
成功解析（無表格，退回摘要）：臺灣高等法院 93 年度 上易 字第 1941 號刑事判決
成功解析（無表格，退回摘要）：臺灣臺北地方法院 94 年度 易 字第 120 號刑事判決
成功解析（無表格，退回摘要）：臺灣桃園地方法院 93 年度 易 字第 1308 號刑事判決
成功解析（無表格，退回摘要）：臺灣新北地方法院 93 年度 自 字第 35 號刑事判決
成功解析（無表格，退回摘要）：臺灣高雄地方法院 92 年度 自 字第 367 號刑事判決
成功解析（無表格，退回摘要）：臺灣高等法院 94 年度 聲再 字第 66 號刑事裁定
成功解析（無表格，退回摘要）：臺灣臺北地方法院 94 年度 附民 字第 282 號刑事裁定
成功解析（無表格，退回摘要）：臺灣高等法院 92 年度 上更(二) 字第 519 號刑事判決
成功解析（無表格，退回摘要）：臺灣高雄地方法院 93 年度 附民 字第 215 號刑事判決
成功解析（無表格，退回摘要）：臺灣高雄地方法院 93 年度 易 字第 1379 號刑事判決
成功解析（無表格，退回摘要）：臺灣高等法院 臺南分院 94 年度 上易 字第 4 號刑事裁定
成功解析（無表格，退回摘要）：臺灣高等法院 臺中分院 94 年度 上易 字第 174 號刑事判決
成功解析（無表格，退回摘要）：臺灣高等法院 94 年度 上易 字第 314 號刑事判決
--- 正在抓取第 7 頁清單 ---
本頁共找到 20 筆案件，開始讀取內文...
成功解析（無表格，退回摘要）：臺灣高等法院 93 年度 聲再 字第 498 號刑事裁定
成功解析（無表格，退回摘要）：臺灣新竹地方法院 94 年度 易 字第 109 號刑事判決
成功解析（無表格，退回摘要）：臺灣嘉義地方法院 94 年度 簡上 字第 11 號刑事判決
成功解析（無表格，退回摘要）：臺灣新北地方法院 94 年度 自 字第 6 號刑事裁定
成功解析（無表格，退回摘要）：臺灣臺中地方法院 94 年度 中簡 字第 71 號刑事判決
成功解析（無表格，退回摘要）：臺灣新北地方法院 94 年度 簡附民 字第 13 號刑事判決
成功解析（無表格，退回摘要）：臺灣臺南地方法院 93 年度 簡上 字第 323 號刑事判決
成功解析（無表格，退回摘要）：臺灣新北地方法院 93 年度 自 字第 102 號刑事判決
成功解析（無表格，退回摘要）：臺灣嘉義地方法院 93 年度 易 字第 274 號刑事判決
成功解析（無表格，退回摘要）：臺灣高等法院 臺中分院 93 年度 上易 字第 1505 號刑事判決
成功解析（無表格，退回摘要）：臺灣高等法院 臺中分院 93 年度 上易 字第 1573 號刑事判決
成功解析（無表格，退回摘要）：臺灣桃園地方法院 93 年度 桃簡 字第 2161 號刑事判決
成功解析（無表格，退回摘要）：臺灣新北地方法院 93 年度 簡附民 字第 89 號刑事裁定
成功解析（無表格，退回摘要）：臺灣新北地方法院 93 年度 簡 字第 3990 號刑事判決
成功解析（無表格，退回摘要）：臺灣雲林地方法院 95 年度 易 字第 59 號刑事判決
成功解析（無表格，退回摘要）：臺灣臺北地方法院 93 年度 簡 字第 2962 號刑事判決
成功解析（無表格，退回摘要）：臺灣臺南地方法院 93 年度 易 字第 792 號刑事判決
成功解析（無表格，退回摘要）：臺灣桃園地方法院 94 年度 易 字第 134 號刑事判決
成功解析（無表格，退回摘要）：臺灣高雄地方法院 94 年度 簡 字第 563 號刑事判決
成功解析（無表格，退回摘要）：臺灣高雄地方法院 94 年度 簡 字第 547 號刑事判決
--- 正在抓取第 8 頁清單 ---
本頁共找到 20 筆案件，開始讀取內文...
成功解析（無表格，退回摘要）：臺灣新竹地方法院 94 年度 易 字第 123 號刑事判決
成功解析（無表格，退回摘要）：臺灣士林地方法院 93 年度 自 字第 16 號刑事判決
成功解析（無表格，退回摘要）：臺灣臺北地方法院 93 年度 易 字第 1433 號刑事判決
成功解析（無表格，退回摘要）：臺灣臺南地方法院 93 年度 簡上 字第 305 號刑事判決
成功解析（無表格，退回摘要）：臺灣桃園地方法院 93 年度 簡上 字第 9 號刑事判決
成功解析（無表格，退回摘要）：臺灣臺北地方法院 93 年度 自 字第 195 號刑事判決
成功解析（無表格，退回摘要）：臺灣臺南地方法院 93 年度 簡 字第 2271 號刑事判決
成功解析（無表格，退回摘要）：臺灣高等法院 93 年度 聲再 字第 470 號刑事裁定
成功解析（無表格，退回摘要）：臺灣高等法院 93 年度 上易 字第 2102 號刑事判決
成功解析（無表格，退回摘要）：臺灣高等法院 93 年度 上易 字第 1689 號刑事判決
成功解析（無表格，退回摘要）：臺灣屏東地方法院 93 年度 簡上 字第 142 號刑事判決
成功解析（無表格，退回摘要）：臺灣高等法院 93 年度 上易 字第 2021 號刑事判決
成功解析（無表格，退回摘要）：臺灣高等法院 93 年度 上易 字第 2046 號刑事判決
成功解析（無表格，退回摘要）：臺灣高等法院 94 年度 上易 字第 2180 號刑事判決
成功解析（無表格，退回摘要）：臺灣臺中地方法院 93 年度 沙簡上 字第 637 號刑事判決
成功解析（無表格，退回摘要）：臺灣臺北地方法院 93 年度 易 字第 1420 號刑事判決
成功解析（無表格，退回摘要）：臺灣新竹地方法院 92 年度 易 字第 424 號刑事判決
成功解析（無表格，退回摘要）：臺灣臺東地方法院 93 年度 簡上 字第 39 號刑事判決
成功解析（無表格，退回摘要）：臺灣高等法院 高雄分院 93 年度 上易 字第 528 號刑事判決
成功解析（無表格，退回摘要）：臺灣高等法院 94 年度 聲再 字第 19 號刑事裁定
--- 正在抓取第 9 頁清單 ---
本頁共找到 20 筆案件，開始讀取內文...
成功解析（無表格，退回摘要）：臺灣南投地方法院 93 年度 簡上 字第 105 號刑事判決
成功解析（無表格，退回摘要）：臺灣臺中地方法院 93 年度 易 字第 2362 號刑事判決
成功解析（無表格，退回摘要）：臺灣臺北地方法院 93 年度 易 字第 1516 號刑事判決
成功解析（無表格，退回摘要）：臺灣桃園地方法院 94 年度 易 字第 14 號刑事判決
成功解析（無表格，退回摘要）：臺灣高等法院 94 年度 聲再 字第 14 號刑事裁定
成功解析（無表格，退回摘要）：臺灣高等法院 93 年度 上易 字第 1468 號刑事判決
成功解析（無表格，退回摘要）：臺灣高雄地方法院 94 年度 簡 字第 285 號刑事判決
成功解析（無表格，退回摘要）：臺灣高雄地方法院 94 年度 簡 字第 9 號刑事判決
成功解析（無表格，退回摘要）：臺灣臺中地方法院 93 年度 易 字第 1999 號刑事判決
成功解析（無表格，退回摘要）：臺灣桃園地方法院 94 年度 壢簡 字第 84 號刑事判決
成功解析（無表格，退回摘要）：臺灣高等法院 93 年度 上易 字第 1369 號刑事判決
成功解析（無表格，退回摘要）：臺灣士林地方法院 94 年度 易 字第 18 號刑事判決
成功解析（無表格，退回摘要）：臺灣臺北地方法院 93 年度 易 字第 1361 號刑事裁定
成功解析（無表格，退回摘要）：臺灣臺中地方法院 94 年度 易 字第 9 號刑事判決
成功解析（無表格，退回摘要）：臺灣臺南地方法院 92 年度 易 字第 1284 號刑事判決
成功解析（無表格，退回摘要）：臺灣臺南地方法院 93 年度 簡上 字第 153 號刑事判決
成功解析（無表格，退回摘要）：臺灣高等法院 93 年度 上易 字第 1315 號刑事判決
成功解析（無表格，退回摘要）：臺灣桃園地方法院 93 年度 桃簡 字第 495 號刑事判決
成功解析（無表格，退回摘要）：臺灣嘉義地方法院 93 年度 嘉簡 字第 1178 號刑事判決
成功解析（無表格，退回摘要）：臺灣新北地方法院 93 年度 簡上 字第 478 號刑事判決
--- 正在抓取第 10 頁清單 ---
本頁共找到 20 筆案件，開始讀取內文...
成功解析（無表格，退回摘要）：臺灣高雄地方法院 93 年度 簡上 字第 750 號刑事判決
成功解析（無表格，退回摘要）：臺灣臺中地方法院 93 年度 易 字第 2298 號刑事判決
成功解析（無表格，退回摘要）：臺灣高等法院 臺南分院 93 年度 聲再 字第 167 號刑事裁定
成功解析（無表格，退回摘要）：臺灣臺北地方法院 93 年度 簡 字第 3133 號刑事判決
成功解析（無表格，退回摘要）：臺灣高雄地方法院 93 年度 易 字第 1509 號刑事判決
成功解析（無表格，退回摘要）：臺灣高等法院 臺中分院 93 年度 上易 字第 1274 號刑事判決
成功解析（無表格，退回摘要）：臺灣臺北地方法院 93 年度 易 字第 1751 號刑事判決
成功解析（無表格，退回摘要）：臺灣臺中地方法院 93 年度 易 字第 1923 號刑事判決
成功解析（無表格，退回摘要）：臺灣臺北地方法院 93 年度 易 字第 743 號刑事判決
成功解析（無表格，退回摘要）：臺灣高等法院 93 年度 重附民 字第 55 號刑事判決
成功解析（無表格，退回摘要）：臺灣高等法院 93 年度 聲再 字第 494 號刑事裁定
成功解析（無表格，退回摘要）：臺灣高等法院 93 年度 上易 字第 1421 號刑事判決
成功解析（無表格，退回摘要）：臺灣彰化地方法院 93 年度 簡 字第 190 號刑事判決
成功解析（無表格，退回摘要）：臺灣臺北地方法院 93 年度 易 字第 1193 號刑事判決
成功解析（無表格，退回摘要）：臺灣高雄地方法院 93 年度 簡 字第 6265 號刑事判決
成功解析（無表格，退回摘要）：臺灣臺東地方法院 93 年度 東簡 字第 130 號刑事判決
成功解析（無表格，退回摘要）：最高法院 93 年度 台抗 字第 604 號刑事裁定
成功解析（無表格，退回摘要）：臺灣臺北地方法院 93 年度 附民 字第 240 號刑事裁定
成功解析（無表格，退回摘要）：臺灣屏東地方法院 93 年度 簡 字第 1722 號刑事判決
成功解析（無表格，退回摘要）：臺灣臺北地方法院 93 年度 自 字第 201 號刑事判決
--- 正在抓取第 11 頁清單 ---
本頁共找到 8 筆案件，開始讀取內文...
成功解析（無表格，退回摘要）：臺灣臺北地方法院 93 年度 易 字第 1134 號刑事判決
成功解析（無表格，退回摘要）：臺灣高等法院 93 年度 聲再 字第 489 號刑事裁定
成功解析（無表格，退回摘要）：臺灣士林地方法院 93 年度 自 字第 8 號刑事判決
成功解析（無表格，退回摘要）：臺灣桃園地方法院 93 年度 簡上 字第 9 號刑事裁定
成功解析（無表格，退回摘要）：臺灣臺南地方法院 93 年度 簡上 字第 244 號刑事判決
成功解析（無表格，退回摘要）：臺灣臺北地方法院 93 年度 易 字第 1387 號刑事宣示筆錄
成功解析（無表格，退回摘要）：臺灣嘉義地方法院 93 年度 嘉簡 字第 1172 號刑事判決
成功解析（無表格，退回摘要）：臺灣桃園地方法院 93 年度 易 字第 1189 號刑事判決
--- 正在抓取第 12 頁清單 ---
本頁沒有任何案件，這個範圍抓取完畢。
=== 開始抓取區間 (94, 5, 26)-(94, 10, 31)，預期 302 筆 ===
--- 正在抓取第 1 頁清單 ---
本頁共找到 20 筆案件，開始讀取內文...
成功解析（無表格，退回摘要）：臺灣花蓮地方法院 94 年度 花簡 字第 717 號刑事判決
成功解析（無表格，退回摘要）：臺灣臺東地方法院 94 年度 自 字第 9 號刑事裁定
成功解析（無表格，退回摘要）：臺灣高雄地方法院 94 年度 簡上附民 字第 49 號刑事裁定
成功解析（無表格，退回摘要）：臺灣新北地方法院 94 年度 簡 字第 4394 號刑事判決
成功解析（無表格，退回摘要）：臺灣高雄地方法院 94 年度 簡上 字第 599 號刑事判決
成功解析（無表格，退回摘要）：臺灣臺南地方法院 94 年度 簡 字第 2542 號刑事判決
成功解析（無表格，退回摘要）：臺灣臺南地方法院 94 年度 簡 字第 2190 號刑事判決
成功解析（無表格，退回摘要）：臺灣新北地方法院 94 年度 易 字第 983 號刑事判決
成功解析（無表格，退回摘要）：臺灣嘉義地方法院 94 年度 簡上 字第 125 號刑事判決
成功解析（無表格，退回摘要）：臺灣基隆地方法院 94 年度 簡上 字第 122 號刑事判決
成功解析（無表格，退回摘要）：臺灣高等法院 臺中分院 94 年度 上易 字第 985 號刑事判決
成功解析（無表格，退回摘要）：臺灣臺北地方法院 94 年度 附民 字第 203 號刑事判決
成功解析（無表格，退回摘要）：臺灣南投地方法院 94 年度 附民 字第 40 號刑事裁定
成功解析（無表格，退回摘要）：臺灣南投地方法院 94 年度 重附民 字第 5 號刑事裁定
成功解析（無表格，退回摘要）：臺灣高雄地方法院 94 年度 簡上 字第 708 號刑事裁定
成功解析（無表格，退回摘要）：臺灣苗栗地方法院 94 年度 易 字第 784 號刑事判決
成功解析（無表格，退回摘要）：臺灣苗栗地方法院 94 年度 易 字第 782 號刑事判決
成功解析（無表格，退回摘要）：臺灣臺北地方法院 92 年度 自 字第 657 號刑事判決
成功解析（無表格，退回摘要）：臺灣南投地方法院 94 年度 易 字第 303 號刑事判決
成功解析（無表格，退回摘要）：臺灣高等法院 94 年度 上易 字第 1119 號刑事判決
--- 正在抓取第 2 頁清單 ---
本頁共找到 20 筆案件，開始讀取內文...
成功解析（無表格，退回摘要）：臺灣臺北地方法院 94 年度 易 字第 1572 號刑事判決
成功解析（無表格，退回摘要）：臺灣高雄地方法院 94 年度 簡上 字第 739 號刑事判決
成功解析（無表格，退回摘要）：臺灣新北地方法院 94 年度 易 字第 1195 號刑事判決
成功解析（無表格，退回摘要）：臺灣新北地方法院 93 年度 自 字第 73 號刑事判決
成功解析（無表格，退回摘要）：臺灣高等法院 94 年度 附民上 字第 38 號刑事裁定
成功解析（無表格，退回摘要）：臺灣高雄地方法院 94 年度 簡 字第 6075 號刑事判決
成功解析（無表格，退回摘要）：臺灣臺南地方法院 94 年度 簡 字第 2312 號刑事判決
成功解析（無表格，退回摘要）：臺灣臺北地方法院 94 年度 易 字第 1398 號刑事判決
成功解析（無表格，退回摘要）：臺灣高雄地方法院 94 年度 簡 字第 4870 號刑事判決
成功解析（無表格，退回摘要）：臺灣高等法院 94 年度 聲再 字第 375 號刑事裁定
成功解析（無表格，退回摘要）：臺灣新北地方法院 94 年度 簡上 字第 291 號刑事裁定
成功解析（無表格，退回摘要）：臺灣高等法院 臺中分院 94 年度 上易 字第 817 號刑事判決
成功解析（無表格，退回摘要）：臺灣新北地方法院 94 年度 附民 字第 171 號刑事裁定
成功解析（無表格，退回摘要）：臺灣高雄地方法院 94 年度 簡上附民 字第 38 號刑事裁定
成功解析（無表格，退回摘要）：臺灣臺北地方法院 94 年度 易 字第 1308 號刑事判決
成功解析（無表格，退回摘要）：臺灣高雄地方法院 94 年度 簡上 字第 617 號刑事判決
成功解析（無表格，退回摘要）：臺灣南投地方法院 94 年度 投刑簡 字第 422 號刑事判決
成功解析（無表格，退回摘要）：臺灣高等法院 94 年度 上易 字第 1299 號刑事判決
成功解析（無表格，退回摘要）：臺灣嘉義地方法院 94 年度 嘉簡 字第 1168 號刑事判決
成功解析（無表格，退回摘要）：臺灣高雄地方法院 94 年度 簡上 字第 618 號刑事判決
--- 正在抓取第 3 頁清單 ---
本頁共找到 20 筆案件，開始讀取內文...
成功解析（無表格，退回摘要）：臺灣彰化地方法院 94 年度 簡 字第 183 號刑事判決
成功解析（無表格，退回摘要）：臺灣澎湖地方法院 94 年度 簡上 字第 10 號刑事判決
成功解析（無表格，退回摘要）：臺灣新北地方法院 94 年度 簡 字第 3722 號刑事判決
成功解析（無表格，退回摘要）：臺灣臺東地方法院 94 年度 自 字第 9 號刑事裁定
成功解析（無表格，退回摘要）：臺灣彰化地方法院 94 年度 易 字第 1055 號刑事判決
成功解析（無表格，退回摘要）：臺灣高雄地方法院 94 年度 簡上 字第 701 號刑事判決
成功解析（無表格，退回摘要）：臺灣臺北地方法院 94 年度 簡 字第 2319 號刑事判決
成功解析（無表格，退回摘要）：臺灣高等法院 臺南分院 93 年度 上更(一) 字第 252 號刑事判決
成功解析（無表格，退回摘要）：臺灣嘉義地方法院 94 年度 嘉簡 字第 1173 號刑事判決
成功解析（無表格，退回摘要）：臺灣高等法院 94 年度 附民上 字第 34 號刑事判決
成功解析（無表格，退回摘要）：臺灣高等法院 94 年度 上易 字第 1385 號刑事判決
成功解析（無表格，退回摘要）：臺灣高等法院 臺中分院 94 年度 上易 字第 887 號刑事判決
成功解析（無表格，退回摘要）：臺灣基隆地方法院 94 年度 基簡 字第 756 號刑事判決
成功解析（無表格，退回摘要）：臺灣高等法院 94 年度 上易 字第 1314 號刑事判決
成功解析（無表格，退回摘要）：臺灣臺南地方法院 94 年度 簡 字第 2037 號刑事判決
成功解析（無表格，退回摘要）：臺灣臺中地方法院 94 年度 易 字第 1954 號刑事判決
成功解析（無表格，退回摘要）：臺灣新北地方法院 94 年度 附民 字第 207 號刑事裁定
成功解析（無表格，退回摘要）：臺灣嘉義地方法院 94 年度 嘉簡 字第 1133 號刑事判決
成功解析（無表格，退回摘要）：臺灣新北地方法院 94 年度 簡上 字第 364 號刑事判決
成功解析（無表格，退回摘要）：臺灣新北地方法院 94 年度 易 字第 932 號刑事判決
--- 正在抓取第 4 頁清單 ---
本頁共找到 20 筆案件，開始讀取內文...
成功解析（無表格，退回摘要）：臺灣高等法院 94 年度 上易 字第 403 號刑事裁定
成功解析（無表格，退回摘要）：臺灣高等法院 94 年度 上易 字第 403 號刑事裁定
成功解析（無表格，退回摘要）：臺灣臺北地方法院 94 年度 易 字第 1308 號刑事裁定
成功解析（無表格，退回摘要）：臺灣臺中地方法院 94 年度 中簡 字第 2129 號刑事判決
成功解析（無表格，退回摘要）：臺灣臺北地方法院 93 年度 附民 字第 234 號刑事判決
成功解析（無表格，退回摘要）：臺灣高雄地方法院 94 年度 簡附民 字第 36 號刑事判決
成功解析（無表格，退回摘要）：臺灣臺北地方法院 93 年度 易 字第 1240 號刑事判決
成功解析（無表格，退回摘要）：臺灣高等法院 94 年度 上易 字第 781 號刑事判決
成功解析（無表格，退回摘要）：臺灣高等法院 臺中分院 94 年度 上易 字第 1003 號刑事判決
成功解析（無表格，退回摘要）：臺灣高等法院 94 年度 聲再 字第 234 號刑事裁定
成功解析（無表格，退回摘要）：臺灣新北地方法院 94 年度 簡 字第 4390 號刑事判決
成功解析（無表格，退回摘要）：臺灣新北地方法院 94 年度 易 字第 1188 號刑事判決
成功解析（無表格，退回摘要）：臺灣嘉義地方法院 94 年度 易 字第 321 號刑事判決
成功解析（無表格，退回摘要）：臺灣嘉義地方法院 94 年度 嘉簡 字第 1075 號刑事判決
成功解析（無表格，退回摘要）：臺灣新北地方法院 94 年度 簡上 字第 291 號刑事判決
成功解析（無表格，退回摘要）：臺灣臺北地方法院 94 年度 易 字第 246 號刑事判決
成功解析（無表格，退回摘要）：臺灣屏東地方法院 94 年度 簡 字第 1261 號刑事判決
成功解析（無表格，退回摘要）：臺灣屏東地方法院 94 年度 易 字第 490 號刑事判決
成功解析（無表格，退回摘要）：臺灣高等法院 臺中分院 94 年度 附民 字第 153 號刑事裁定
成功解析（無表格，退回摘要）：臺灣高雄地方法院 94 年度 易 字第 1615 號刑事判決
--- 正在抓取第 5 頁清單 ---
本頁共找到 20 筆案件，開始讀取內文...
成功解析（無表格，退回摘要）：臺灣新北地方法院 94 年度 易 字第 1212 號刑事判決
成功解析（無表格，退回摘要）：臺灣高雄地方法院 94 年度 簡上 字第 475 號刑事判決
成功解析（無表格，退回摘要）：臺灣高等法院 臺中分院 94 年度 附民 字第 153 號刑事判決
成功解析（無表格，退回摘要）：臺灣高等法院 臺中分院 94 年度 附民 字第 153 號刑事判決
成功解析（無表格，退回摘要）：臺灣高等法院 94 年度 上易 字第 1400 號刑事判決
成功解析（無表格，退回摘要）：臺灣高等法院 94 年度 附民上 字第 32 號刑事判決
成功解析（無表格，退回摘要）：臺灣高等法院 94 年度 上易 字第 1238 號刑事判決
成功解析（無表格，退回摘要）：臺灣臺北地方法院 94 年度 簡上 字第 65 號刑事判決
成功解析（無表格，退回摘要）：臺灣高等法院 94 年度 抗 字第 614 號刑事裁定
成功解析（無表格，退回摘要）：臺灣臺北地方法院 94 年度 易 字第 875 號刑事判決
成功解析（無表格，退回摘要）：臺灣新北地方法院 94 年度 簡 字第 2735 號刑事判決
成功解析（無表格，退回摘要）：臺灣臺中地方法院 94 年度 易 字第 1422 號刑事判決
成功解析（無表格，退回摘要）：臺灣新北地方法院 94 年度 簡 字第 3752 號刑事判決
成功解析（無表格，退回摘要）：臺灣士林地方法院 93 年度 自 字第 24 號刑事判決
成功解析（無表格，退回摘要）：臺灣新北地方法院 94 年度 附民 字第 42 號刑事裁定
成功解析（無表格，退回摘要）：臺灣新北地方法院 94 年度 自 字第 52 號刑事判決
成功解析（無表格，退回摘要）：臺灣臺南地方法院 94 年度 簡 字第 2127 號刑事判決
成功解析（無表格，退回摘要）：臺灣新北地方法院 94 年度 簡 字第 4203 號刑事判決
成功解析（無表格，退回摘要）：臺灣新北地方法院 94 年度 簡上 字第 22 號刑事判決
成功解析（無表格，退回摘要）：臺灣高等法院 93 年度 上易 字第 1081 號刑事判決
--- 正在抓取第 6 頁清單 ---
本頁共找到 20 筆案件，開始讀取內文...
成功解析（無表格，退回摘要）：臺灣高等法院 93 年度 重附民上 字第 28 號刑事判決
成功解析（無表格，退回摘要）：臺灣臺中地方法院 94 年度 中簡 字第 2412 號刑事判決
成功解析（無表格，退回摘要）：臺灣高雄地方法院 94 年度 簡 字第 5296 號刑事判決
成功解析（無表格，退回摘要）：臺灣花蓮地方法院 94 年度 花簡 字第 556 號刑事判決
成功解析（無表格，退回摘要）：臺灣澎湖地方法院 94 年度 易 字第 25 號刑事判決
成功解析（無表格，退回摘要）：臺灣基隆地方法院 94 年度 基簡 字第 574 號刑事判決
成功解析（無表格，退回摘要）：臺灣高等法院 臺中分院 94 年度 上易 字第 1001 號刑事判決
成功解析（無表格，退回摘要）：臺灣新北地方法院 94 年度 附民 字第 179 號刑事裁定
成功解析（無表格，退回摘要）：臺灣臺北地方法院 94 年度 易 字第 590 號刑事判決
成功解析（無表格，退回摘要）：臺灣新北地方法院 94 年度 簡上 字第 386 號刑事判決
成功解析（無表格，退回摘要）：臺灣臺中地方法院 94 年度 易 字第 848 號刑事判決
成功解析（無表格，退回摘要）：臺灣雲林地方法院 94 年度 易 字第 421 號刑事判決
成功解析（無表格，退回摘要）：臺灣嘉義地方法院 94 年度 簡上 字第 121 號刑事判決
成功解析（無表格，退回摘要）：臺灣高等法院 94 年度 上易 字第 1142 號刑事裁定
成功解析（無表格，退回摘要）：臺灣高等法院 94 年度 聲再 字第 214 號刑事裁定
成功解析（無表格，退回摘要）：臺灣高等法院 94 年度 上易 字第 897 號刑事判決
成功解析（無表格，退回摘要）：臺灣彰化地方法院 94 年度 簡上 字第 97 號刑事判決
成功解析（無表格，退回摘要）：臺灣嘉義地方法院 94 年度 嘉簡 字第 1044 號刑事判決
成功解析（無表格，退回摘要）：臺灣彰化地方法院 94 年度 易 字第 517 號刑事判決
成功解析（無表格，退回摘要）：臺灣嘉義地方法院 94 年度 簡上 字第 145 號刑事判決
--- 正在抓取第 7 頁清單 ---
本頁共找到 20 筆案件，開始讀取內文...
成功解析（無表格，退回摘要）：臺灣桃園地方法院 93 年度 桃簡 字第 1427 號刑事判決
成功解析（無表格，退回摘要）：臺灣嘉義地方法院 94 年度 易 字第 174 號刑事判決
成功解析（無表格，退回摘要）：臺灣士林地方法院 94 年度 自 字第 17 號刑事判決
成功解析（無表格，退回摘要）：臺灣高等法院 94 年度 聲再 字第 314 號刑事裁定
成功解析（無表格，退回摘要）：臺灣高等法院 94 年度 附民上 字第 30 號刑事判決
成功解析（無表格，退回摘要）：臺灣高等法院 臺中分院 94 年度 上易 字第 773 號刑事判決
成功解析（無表格，退回摘要）：臺灣高等法院 94 年度 上易 字第 1132 號刑事判決
成功解析（無表格，退回摘要）：臺灣新北地方法院 94 年度 簡 字第 3290 號刑事判決
成功解析（無表格，退回摘要）：臺灣高雄地方法院 94 年度 簡 字第 4518 號刑事判決
成功解析（無表格，退回摘要）：臺灣臺中地方法院 94 年度 中簡 字第 1701 號刑事判決
成功解析（無表格，退回摘要）：臺灣臺北地方法院 94 年度 簡 字第 1620 號刑事判決
成功解析（無表格，退回摘要）：臺灣新北地方法院 94 年度 自 字第 52 號刑事裁定
成功解析（無表格，退回摘要）：臺灣桃園地方法院 94 年度 易 字第 811 號刑事裁定
成功解析（無表格，退回摘要）：臺灣新北地方法院 94 年度 簡 字第 2657 號刑事判決
成功解析（無表格，退回摘要）：臺灣臺中地方法院 94 年度 中簡上 字第 402 號刑事判決
成功解析（無表格，退回摘要）：臺灣臺北地方法院 94 年度 附民 字第 161 號刑事判決
成功解析（無表格，退回摘要）：臺灣臺北地方法院 93 年度 易 字第 1633 號刑事判決
成功解析（無表格，退回摘要）：臺灣臺北地方法院 94 年度 易 字第 688 號刑事判決
成功解析（無表格，退回摘要）：臺灣苗栗地方法院 94 年度 易 字第 235 號刑事判決
成功解析（無表格，退回摘要）：臺灣新北地方法院 94 年度 易 字第 280 號刑事判決
--- 正在抓取第 8 頁清單 ---
本頁共找到 20 筆案件，開始讀取內文...
成功解析（無表格，退回摘要）：臺灣臺北地方法院 94 年度 簡 字第 1559 號刑事判決
成功解析（無表格，退回摘要）：臺灣新北地方法院 94 年度 易 字第 776 號刑事判決
成功解析（無表格，退回摘要）：臺灣嘉義地方法院 94 年度 嘉簡 字第 1007 號刑事判決
成功解析（無表格，退回摘要）：臺灣臺北地方法院 94 年度 簡附民 字第 32 號刑事判決
成功解析（無表格，退回摘要）：臺灣屏東地方法院 94 年度 自 字第 9 號刑事判決
成功解析（無表格，退回摘要）：臺灣花蓮地方法院 94 年度 易 字第 39 號刑事判決
成功解析（無表格，退回摘要）：臺灣花蓮地方法院 94 年度 花簡 字第 523 號刑事判決
成功解析（無表格，退回摘要）：臺灣臺北地方法院 94 年度 附民 字第 107 號刑事裁定
成功解析（無表格，退回摘要）：臺灣臺北地方法院 94 年度 附民 字第 106 號刑事裁定
成功解析（無表格，退回摘要）：臺灣新北地方法院 94 年度 簡上 字第 147 號刑事判決
成功解析（無表格，退回摘要）：臺灣臺北地方法院 94 年度 易 字第 456 號刑事判決
成功解析（無表格，退回摘要）：最高法院 94 年度 台聲 字第 36 號刑事裁定
成功解析（無表格，退回摘要）：臺灣臺北地方法院 94 年度 易 字第 409 號刑事判決
成功解析（無表格，退回摘要）：臺灣高等法院 94 年度 附民上 字第 24 號刑事判決
成功解析（無表格，退回摘要）：臺灣高等法院 94 年度 上易 字第 963 號刑事判決
成功解析（無表格，退回摘要）：臺灣新北地方法院 94 年度 簡附民 字第 72 號刑事判決
成功解析（無表格，退回摘要）：臺灣基隆地方法院 94 年度 基簡 字第 546 號刑事判決
成功解析（無表格，退回摘要）：臺灣高等法院 94 年度 上易 字第 780 號刑事判決
成功解析（無表格，退回摘要）：福建連江地方法院 94 年度 易 字第 1 號刑事判決
成功解析（無表格，退回摘要）：臺灣高等法院 94 年度 上易 字第 926 號刑事判決
--- 正在抓取第 9 頁清單 ---
本頁共找到 20 筆案件，開始讀取內文...
成功解析（無表格，退回摘要）：臺灣臺南地方法院 94 年度 簡 字第 1863 號刑事判決
成功解析（無表格，退回摘要）：臺灣高雄地方法院 94 年度 易 字第 1255 號刑事判決
成功解析（無表格，退回摘要）：臺灣高等法院 94 年度 抗 字第 250 號刑事裁定
成功解析（無表格，退回摘要）：臺灣臺北地方法院 94 年度 易 字第 204 號刑事判決
成功解析（無表格，退回摘要）：臺灣臺南地方法院 94 年度 簡 字第 1837 號刑事判決
成功解析（無表格，退回摘要）：臺灣臺南地方法院 94 年度 簡 字第 1794 號刑事判決
成功解析（無表格，退回摘要）：臺灣臺北地方法院 93 年度 重附民 字第 18 號刑事裁定
成功解析（無表格，退回摘要）：臺灣臺北地方法院 93 年度 易 字第 226 號刑事判決
成功解析（無表格，退回摘要）：臺灣高等法院 94 年度 附民上 字第 23 號刑事裁定
成功解析（無表格，退回摘要）：臺灣高等法院 94 年度 上易 字第 953 號刑事判決
成功解析（無表格，退回摘要）：臺灣臺北地方法院 94 年度 重附民 字第 36 號刑事裁定
成功解析（無表格，退回摘要）：臺灣桃園地方法院 94 年度 易 字第 802 號刑事判決
成功解析（無表格，退回摘要）：臺灣高雄地方法院 94 年度 簡 字第 3790 號刑事判決
成功解析（無表格，退回摘要）：臺灣桃園地方法院 94 年度 易 字第 881 號刑事判決
成功解析（無表格，退回摘要）：臺灣臺中地方法院 94 年度 中簡 字第 1976 號刑事判決
成功解析（無表格，退回摘要）：臺灣嘉義地方法院 94 年度 簡上 字第 115 號刑事判決
成功解析（無表格，退回摘要）：臺灣高雄地方法院 94 年度 簡附民 字第 66 號刑事判決
成功解析（無表格，退回摘要）：臺灣新北地方法院 93 年度 易 字第 1299 號刑事判決
成功解析（無表格，退回摘要）：臺灣士林地方法院 93 年度 自 字第 39 號刑事判決
成功解析（無表格，退回摘要）：最高法院 94 年度 台附 字第 56 號刑事判決
--- 正在抓取第 10 頁清單 ---
本頁共找到 20 筆案件，開始讀取內文...
成功解析（無表格，退回摘要）：最高法院 94 年度 台上 字第 4033 號刑事判決
成功解析（無表格，退回摘要）：臺灣臺北地方法院 94 年度 簡 字第 1503 號刑事判決
成功解析（無表格，退回摘要）：臺灣高雄地方法院 94 年度 簡 字第 4380 號刑事判決
成功解析（無表格，退回摘要）：臺灣高雄地方法院 94 年度 易 字第 1265 號刑事判決
成功解析（無表格，退回摘要）：臺灣高等法院 94 年度 上易 字第 707 號刑事判決
成功解析（無表格，退回摘要）：臺灣高雄地方法院 94 年度 簡附民 字第 71 號刑事裁定
成功解析（無表格，退回摘要）：臺灣高雄地方法院 94 年度 簡 字第 4262 號刑事判決
成功解析（無表格，退回摘要）：臺灣高等法院 93 年度 上易 字第 1696 號刑事判決
成功解析（無表格，退回摘要）：臺灣臺北地方法院 94 年度 易 字第 271 號刑事判決
成功解析（無表格，退回摘要）：臺灣臺北地方法院 94 年度 附民 字第 113 號刑事裁定
成功解析（無表格，退回摘要）：臺灣新北地方法院 94 年度 簡附民 字第 65 號刑事裁定
成功解析（無表格，退回摘要）：臺灣新北地方法院 94 年度 簡 字第 3234 號刑事判決
成功解析（無表格，退回摘要）：臺灣新北地方法院 94 年度 簡 字第 3114 號刑事判決
成功解析（無表格，退回摘要）：臺灣臺北地方法院 94 年度 易 字第 683 號刑事判決
成功解析（無表格，退回摘要）：臺灣臺北地方法院 94 年度 附民緝 字第 13 號刑事裁定
成功解析（無表格，退回摘要）：臺灣高雄地方法院 94 年度 簡 字第 3931 號刑事判決
成功解析（無表格，退回摘要）：臺灣臺北地方法院 94 年度 易緝 字第 90 號刑事判決
成功解析（無表格，退回摘要）：臺灣高等法院 94 年度 聲再 字第 249 號刑事裁定
成功解析（無表格，退回摘要）：臺灣高等法院 臺南分院 94 年度 上易 字第 146 號刑事判決
成功解析（無表格，退回摘要）：臺灣屏東地方法院 94 年度 自 字第 8 號刑事判決
--- 正在抓取第 11 頁清單 ---
本頁共找到 20 筆案件，開始讀取內文...
成功解析（無表格，退回摘要）：臺灣新北地方法院 94 年度 簡上 字第 253 號刑事判決
成功解析（無表格，退回摘要）：臺灣臺北地方法院 93 年度 自 字第 261 號刑事判決
成功解析（無表格，退回摘要）：臺灣高等法院 94 年度 附民 字第 35 號刑事判決
成功解析（無表格，退回摘要）：臺灣高等法院 93 年度 上易 字第 1684 號刑事判決
成功解析（無表格，退回摘要）：臺灣花蓮地方法院 94 年度 花易 字第 28 號刑事判決
成功解析（無表格，退回摘要）：臺灣高雄地方法院 94 年度 簡上 字第 176 號刑事判決
成功解析（無表格，退回摘要）：臺灣高等法院 高雄分院 94 年度 上易 字第 215 號刑事裁定
成功解析（無表格，退回摘要）：臺灣高雄地方法院 94 年度 簡附民 字第 64 號刑事裁定
成功解析（無表格，退回摘要）：臺灣新竹地方法院 94 年度 易 字第 20 號刑事裁定
成功解析（無表格，退回摘要）：臺灣高雄地方法院 94 年度 簡 字第 3803 號刑事判決
成功解析（無表格，退回摘要）：臺灣新北地方法院 94 年度 簡 字第 1313 號刑事判決
成功解析（無表格，退回摘要）：臺灣士林地方法院 93 年度 易 字第 916 號刑事判決
成功解析（無表格，退回摘要）：臺灣新北地方法院 94 年度 易 字第 811 號刑事判決
成功解析（無表格，退回摘要）：臺灣桃園地方法院 94 年度 桃簡 字第 509 號刑事判決
成功解析（無表格，退回摘要）：臺灣苗栗地方法院 94 年度 易 字第 346 號刑事裁定
成功解析（無表格，退回摘要）：臺灣彰化地方法院 94 年度 易 字第 456 號刑事判決
成功解析（無表格，退回摘要）：臺灣高雄地方法院 94 年度 簡附民 字第 62 號刑事判決
成功解析（無表格，退回摘要）：臺灣臺北地方法院 93 年度 易 字第 1361 號刑事判決
成功解析（無表格，退回摘要）：臺灣高等法院 94 年度 上易 字第 1059 號刑事裁定
成功解析（無表格，退回摘要）：臺灣新北地方法院 94 年度 附民 字第 138 號刑事裁定
--- 正在抓取第 12 頁清單 ---
本頁共找到 20 筆案件，開始讀取內文...
成功解析（無表格，退回摘要）：臺灣高雄地方法院 94 年度 簡 字第 3680 號刑事判決
成功解析（無表格，退回摘要）：臺灣桃園地方法院 94 年度 桃簡 字第 1318 號刑事判決
成功解析（無表格，退回摘要）：臺灣嘉義地方法院 94 年度 嘉簡 字第 631 號刑事判決
成功解析（無表格，退回摘要）：臺灣高雄地方法院 93 年度 簡上附民 字第 59 號刑事裁定
成功解析（無表格，退回摘要）：臺灣高雄地方法院 94 年度 簡 字第 3696 號刑事判決
成功解析（無表格，退回摘要）：臺灣高雄地方法院 94 年度 簡 字第 3554 號刑事判決
成功解析（無表格，退回摘要）：臺灣新北地方法院 94 年度 簡 字第 2310 號刑事判決
成功解析（無表格，退回摘要）：臺灣桃園地方法院 94 年度 桃簡 字第 1218 號刑事判決
成功解析（無表格，退回摘要）：臺灣花蓮地方法院 94 年度 簡上 字第 29 號刑事判決
成功解析（無表格，退回摘要）：臺灣新北地方法院 94 年度 易 字第 574 號刑事判決
成功解析（無表格，退回摘要）：臺灣高雄地方法院 93 年度 簡上 字第 320 號刑事判決
成功解析（無表格，退回摘要）：臺灣高等法院 94 年度 上易 字第 944 號刑事裁定
成功解析（無表格，退回摘要）：臺灣臺北地方法院 94 年度 自 字第 110 號刑事判決
成功解析（無表格，退回摘要）：臺灣新竹地方法院 94 年度 易 字第 438 號刑事判決
成功解析（無表格，退回摘要）：臺灣高雄地方法院 94 年度 簡 字第 3070 號刑事判決
成功解析（無表格，退回摘要）：臺灣高等法院 94 年度 上易 字第 914 號刑事判決
成功解析（無表格，退回摘要）：臺灣高雄地方法院 94 年度 簡 字第 3727 號刑事判決
成功解析（無表格，退回摘要）：臺灣臺南地方法院 94 年度 簡上 字第 28 號刑事判決
成功解析（無表格，退回摘要）：臺灣高等法院 94 年度 上易 字第 635 號刑事判決
成功解析（無表格，退回摘要）：臺灣新北地方法院 94 年度 簡 字第 2577 號刑事判決
--- 正在抓取第 13 頁清單 ---
本頁共找到 20 筆案件，開始讀取內文...
成功解析（無表格，退回摘要）：臺灣桃園地方法院 94 年度 易 字第 718 號刑事判決
成功解析（無表格，退回摘要）：臺灣臺北地方法院 94 年度 簡 字第 1131 號刑事判決
成功解析（無表格，退回摘要）：臺灣高等法院 94 年度 上易 字第 503 號刑事判決
成功解析（無表格，退回摘要）：臺灣桃園地方法院 94 年度 易 字第 202 號刑事判決
成功解析（無表格，退回摘要）：臺灣臺北地方法院 92 年度 簡上 字第 337 號刑事判決
成功解析（無表格，退回摘要）：臺灣臺中地方法院 94 年度 易 字第 39 號刑事判決
成功解析（無表格，退回摘要）：臺灣新北地方法院 94 年度 簡附民 字第 16 號刑事裁定
成功解析（無表格，退回摘要）：臺灣臺中地方法院 94 年度 易 字第 1152 號刑事判決
成功解析（無表格，退回摘要）：臺灣新北地方法院 94 年度 易 字第 306 號刑事判決
成功解析（無表格，退回摘要）：臺灣屏東地方法院 94 年度 自 字第 8 號刑事裁定
成功解析（無表格，退回摘要）：臺灣彰化地方法院 94 年度 易 字第 263 號刑事判決
成功解析（無表格，退回摘要）：臺灣高等法院 94 年度 上易 字第 944 號刑事判決
成功解析（無表格，退回摘要）：臺灣臺北地方法院 94 年度 自 字第 110 號刑事裁定
成功解析（無表格，退回摘要）：臺灣臺南地方法院 94 年度 易 字第 503 號刑事判決
成功解析（無表格，退回摘要）：臺灣高等法院 94 年度 上易 字第 228 號刑事判決
成功解析（無表格，退回摘要）：臺灣高雄地方法院 94 年度 簡 字第 1651 號刑事判決
成功解析（無表格，退回摘要）：臺灣臺中地方法院 94 年度 易 字第 1216 號刑事判決
成功解析（無表格，退回摘要）：臺灣臺北地方法院 93 年度 易 字第 1208 號刑事判決
成功解析（無表格，退回摘要）：臺灣新北地方法院 94 年度 易 字第 698 號刑事判決
成功解析（無表格，退回摘要）：臺灣高等法院 臺南分院 94 年度 上易 字第 191 號刑事判決
--- 正在抓取第 14 頁清單 ---
本頁共找到 20 筆案件，開始讀取內文...
成功解析（無表格，退回摘要）：臺灣新北地方法院 94 年度 重附民 字第 28 號刑事裁定
成功解析（無表格，退回摘要）：臺灣嘉義地方法院 94 年度 嘉簡 字第 734 號刑事判決
成功解析（無表格，退回摘要）：臺灣新北地方法院 94 年度 簡上 字第 99 號刑事判決
成功解析（無表格，退回摘要）：臺灣新北地方法院 93 年度 自 字第 75 號刑事判決
成功解析（無表格，退回摘要）：臺灣屏東地方法院 94 年度 簡 字第 674 號刑事判決
成功解析（無表格，退回摘要）：臺灣臺南地方法院 94 年度 簡 字第 1385 號刑事判決
成功解析（無表格，退回摘要）：臺灣臺北地方法院 94 年度 易 字第 383 號刑事判決
成功解析（無表格，退回摘要）：臺灣基隆地方法院 94 年度 基簡 字第 258 號刑事判決
成功解析（無表格，退回摘要）：臺灣臺北地方法院 94 年度 附民 字第 130 號刑事裁定
成功解析（無表格，退回摘要）：臺灣臺中地方法院 94 年度 易 字第 705 號刑事判決
成功解析（無表格，退回摘要）：臺灣臺北地方法院 93 年度 自 字第 187 號刑事判決
成功解析（無表格，退回摘要）：臺灣臺北地方法院 94 年度 易 字第 58 號刑事判決
成功解析（無表格，退回摘要）：臺灣新北地方法院 94 年度 附民 字第 57 號刑事裁定
成功解析（無表格，退回摘要）：臺灣嘉義地方法院 94 年度 嘉簡 字第 708 號刑事判決
成功解析（無表格，退回摘要）：臺灣新北地方法院 94 年度 簡上 字第 66 號刑事判決
成功解析（無表格，退回摘要）：臺灣澎湖地方法院 94 年度 易 字第 22 號刑事判決
成功解析（無表格，退回摘要）：臺灣南投地方法院 94 年度 易 字第 98 號刑事判決
成功解析（無表格，退回摘要）：臺灣基隆地方法院 94 年度 基簡 字第 426 號刑事判決
成功解析（無表格，退回摘要）：臺灣高等法院 94 年度 聲再 字第 181 號刑事裁定
成功解析（無表格，退回摘要）：臺灣基隆地方法院 94 年度 易 字第 226 號刑事裁定
--- 正在抓取第 15 頁清單 ---
本頁共找到 20 筆案件，開始讀取內文...
成功解析（無表格，退回摘要）：臺灣高等法院 臺中分院 94 年度 附民 字第 141 號刑事判決
成功解析（無表格，退回摘要）：臺灣高等法院 臺中分院 94 年度 上易 字第 303 號刑事判決
成功解析（無表格，退回摘要）：臺灣臺中地方法院 94 年度 易 字第 1093 號刑事判決
成功解析（無表格，退回摘要）：臺灣高等法院 94 年度 抗 字第 38 號刑事裁定
成功解析（無表格，退回摘要）：臺灣高等法院 94 年度 抗 字第 39 號刑事裁定
成功解析（無表格，退回摘要）：臺灣高等法院 94 年度 上易 字第 522 號刑事判決
成功解析（無表格，退回摘要）：臺灣高等法院 94 年度 上易 字第 736 號刑事判決
成功解析（無表格，退回摘要）：臺灣嘉義地方法院 94 年度 嘉簡 字第 543 號刑事判決
成功解析（無表格，退回摘要）：臺灣基隆地方法院 94 年度 基簡 字第 298 號刑事判決
成功解析（無表格，退回摘要）：臺灣嘉義地方法院 94 年度 嘉簡 字第 604 號刑事判決
成功解析（無表格，退回摘要）：臺灣新北地方法院 94 年度 簡上 字第 10 號刑事判決
成功解析（無表格，退回摘要）：臺灣臺北地方法院 94 年度 簡 字第 946 號刑事判決
成功解析（無表格，退回摘要）：臺灣新北地方法院 93 年度 簡附民 字第 52 號刑事裁定
成功解析（無表格，退回摘要）：臺灣臺北地方法院 94 年度 附民 字第 4 號刑事判決
成功解析（無表格，退回摘要）：臺灣高雄地方法院 94 年度 簡 字第 3084 號刑事判決
成功解析（無表格，退回摘要）：臺灣屏東地方法院 94 年度 簡 字第 598 號刑事判決
成功解析（無表格，退回摘要）：臺灣臺北地方法院 94 年度 易 字第 24 號刑事判決
成功解析（無表格，退回摘要）：臺灣高雄地方法院 94 年度 簡 字第 426 號刑事判決
成功解析（無表格，退回摘要）：臺灣士林地方法院 93 年度 易 字第 956 號刑事判決
成功解析（無表格，退回摘要）：臺灣新北地方法院 93 年度 易 字第 638 號刑事判決
--- 正在抓取第 16 頁清單 ---
本頁共找到 2 筆案件，開始讀取內文...
成功解析（無表格，退回摘要）：臺灣高雄地方法院 94 年度 簡 字第 2796 號刑事判決
成功解析（無表格，退回摘要）：臺灣新北地方法院 94 年度 簡上 字第 128 號刑事判決
--- 正在抓取第 17 頁清單 ---
本頁沒有任何案件，這個範圍抓取完畢。
=== 開始抓取區間 (94, 11, 1)-(95, 4, 8)，預期 316 筆 ===
--- 正在抓取第 1 頁清單 ---
本頁共找到 20 筆案件，開始讀取內文...
成功解析（無表格，退回摘要）：臺灣高等法院 95 年度 聲再 字第 90 號刑事裁定
成功解析（無表格，退回摘要）：臺灣臺北地方法院 94 年度 易 字第 2183 號刑事判決
成功解析（無表格，退回摘要）：臺灣高等法院 臺中分院 95 年度 上易 字第 305 號刑事判決
成功解析（無表格，退回摘要）：臺灣高等法院 95 年度 上易 字第 157 號刑事判決
成功解析（無表格，退回摘要）：臺灣高等法院 95 年度 附民 字第 33 號刑事判決
成功解析（無表格，退回摘要）：臺灣高等法院 高雄分院 95 年度 上易 字第 24 號刑事判決
成功解析（無表格，退回摘要）：臺灣臺北地方法院 95 年度 附民 字第 82 號刑事判決
成功解析（無表格，退回摘要）：臺灣新竹地方法院 95 年度 自 字第 6 號刑事裁定
成功解析（無表格，退回摘要）：臺灣高雄地方法院 95 年度 簡附民 字第 50 號刑事裁定
成功解析（無表格，退回摘要）：臺灣高雄地方法院 95 年度 簡 字第 2028 號刑事判決
成功解析（無表格，退回摘要）：臺灣桃園地方法院 95 年度 易 字第 439 號刑事判決
成功解析（無表格，退回摘要）：臺灣臺北地方法院 94 年度 易 字第 2139 號刑事判決
成功解析（無表格，退回摘要）：臺灣高等法院 94 年度 上易 字第 1373 號刑事判決
成功解析（無表格，退回摘要）：臺灣臺南地方法院 95 年度 簡 字第 819 號刑事判決
成功解析（無表格，退回摘要）：臺灣士林地方法院 95 年度 易 字第 159 號刑事判決
成功解析（無表格，退回摘要）：臺灣臺北地方法院 94 年度 易 字第 2289 號刑事判決
成功解析（無表格，退回摘要）：臺灣高等法院 95 年度 抗 字第 203 號刑事裁定
成功解析（無表格，退回摘要）：臺灣高等法院 95 年度 上易 字第 479 號刑事判決
成功解析（無表格，退回摘要）：臺灣高等法院 95 年度 上易 字第 146 號刑事判決
成功解析（無表格，退回摘要）：臺灣高等法院 95 年度 上易 字第 174 號刑事判決
--- 正在抓取第 2 頁清單 ---
本頁共找到 20 筆案件，開始讀取內文...
成功解析（無表格，退回摘要）：臺灣臺北地方法院 95 年度 簡 字第 411 號刑事判決
成功解析（無表格，退回摘要）：臺灣嘉義地方法院 95 年度 易 字第 146 號刑事判決
成功解析（無表格，退回摘要）：臺灣臺北地方法院 95 年度 易 字第 97 號刑事判決
成功解析（無表格，退回摘要）：臺灣臺北地方法院 94 年度 附民 字第 233 號刑事裁定
成功解析（無表格，退回摘要）：臺灣花蓮地方法院 95 年度 自 字第 1 號刑事判決
成功解析（無表格，退回摘要）：臺灣高雄地方法院 95 年度 易 字第 117 號刑事判決
成功解析（無表格，退回摘要）：臺灣新北地方法院 94 年度 簡 字第 5442 號刑事判決
成功解析（無表格，退回摘要）：臺灣臺南地方法院 94 年度 易 字第 1075 號刑事判決
成功解析（無表格，退回摘要）：臺灣臺北地方法院 94 年度 易 字第 69 號刑事判決
成功解析（無表格，退回摘要）：臺灣臺北地方法院 94 年度 易 字第 1533 號刑事判決
成功解析（無表格，退回摘要）：臺灣高等法院 94 年度 上易 字第 1267 號刑事判決
成功解析（無表格，退回摘要）：臺灣高等法院 94 年度 上易 字第 1868 號刑事判決
成功解析（無表格，退回摘要）：臺灣高雄地方法院 95 年度 簡 字第 1280 號刑事判決
成功解析（無表格，退回摘要）：臺灣桃園地方法院 95 年度 簡上 字第 56 號刑事判決
成功解析（無表格，退回摘要）：臺灣臺中地方法院 95 年度 易 字第 658 號刑事判決
成功解析（無表格，退回摘要）：臺灣雲林地方法院 95 年度 易 字第 70 號刑事判決
成功解析（無表格，退回摘要）：臺灣新竹地方法院 95 年度 竹簡 字第 42 號刑事判決
成功解析（無表格，退回摘要）：臺灣臺東地方法院 95 年度 東簡 字第 61 號刑事判決
成功解析（無表格，退回摘要）：臺灣苗栗地方法院 95 年度 易 字第 29 號刑事判決
成功解析（無表格，退回摘要）：臺灣臺中地方法院 95 年度 中簡 字第 643 號刑事判決
--- 正在抓取第 3 頁清單 ---
本頁共找到 20 筆案件，開始讀取內文...
成功解析（無表格，退回摘要）：臺灣高等法院 94 年度 上易 字第 1411 號刑事判決
成功解析（無表格，退回摘要）：臺灣高等法院 95 年度 上易 字第 280 號刑事判決
成功解析（無表格，退回摘要）：臺灣高等法院 臺中分院 94 年度 上易 字第 1590 號刑事判決
成功解析（無表格，退回摘要）：臺灣高雄地方法院 95 年度 易 字第 473 號刑事判決
成功解析（無表格，退回摘要）：臺灣雲林地方法院 94 年度 易 字第 442 號刑事判決
成功解析（無表格，退回摘要）：臺灣高等法院 94 年度 上易 字第 1508 號刑事判決
成功解析（無表格，退回摘要）：臺灣高等法院 94 年度 上易 字第 1934 號刑事判決
成功解析（無表格，退回摘要）：臺灣基隆地方法院 95 年度 簡上 字第 10 號刑事判決
成功解析（無表格，退回摘要）：臺灣高等法院 95 年度 附民 字第 34 號刑事判決
成功解析（無表格，退回摘要）：臺灣高等法院 94 年度 上易 字第 2178 號刑事判決
成功解析（無表格，退回摘要）：臺灣高雄地方法院 95 年度 簡 字第 1282 號刑事判決
成功解析（無表格，退回摘要）：臺灣屏東地方法院 94 年度 簡上 字第 94 號刑事判決
成功解析（無表格，退回摘要）：臺灣高等法院 95 年度 上易 字第 471 號刑事判決
成功解析（無表格，退回摘要）：臺灣高等法院 94 年度 上易 字第 1292 號刑事判決
成功解析（無表格，退回摘要）：臺灣臺中地方法院 94 年度 易 字第 1495 號刑事判決
成功解析（無表格，退回摘要）：臺灣臺北地方法院 94 年度 附民 字第 120 號刑事裁定
成功解析（無表格，退回摘要）：臺灣新北地方法院 94 年度 附民 字第 217 號刑事判決
成功解析（無表格，退回摘要）：臺灣新北地方法院 94 年度 易 字第 592 號刑事判決
成功解析（無表格，退回摘要）：臺灣臺北地方法院 94 年度 簡上 字第 86 號刑事判決
成功解析（無表格，退回摘要）：臺灣苗栗地方法院 95 年度 易 字第 29 號刑事裁定
--- 正在抓取第 4 頁清單 ---
本頁共找到 20 筆案件，開始讀取內文...
成功解析（無表格，退回摘要）：臺灣花蓮地方法院 95 年度 花簡 字第 147 號刑事判決
成功解析（無表格，退回摘要）：臺灣新北地方法院 94 年度 簡 字第 5219 號刑事判決
成功解析（無表格，退回摘要）：臺灣南投地方法院 95 年度 易 字第 90 號刑事判決
成功解析（無表格，退回摘要）：臺灣嘉義地方法院 95 年度 嘉簡 字第 110 號刑事判決
成功解析（無表格，退回摘要）：臺灣屏東地方法院 95 年度 簡 字第 296 號刑事判決
成功解析（無表格，退回摘要）：臺灣臺北地方法院 94 年度 易 字第 2118 號刑事判決
成功解析（無表格，退回摘要）：臺灣高等法院 95 年度 附民 字第 11 號刑事判決
成功解析（無表格，退回摘要）：臺灣花蓮地方法院 95 年度 花簡 字第 79 號刑事判決
成功解析（無表格，退回摘要）：臺灣新北地方法院 94 年度 自 字第 74 號刑事判決
成功解析（無表格，退回摘要）：臺灣臺中地方法院 95 年度 易 字第 18 號刑事判決
成功解析（無表格，退回摘要）：臺灣高等法院 94 年度 上易 字第 2268 號刑事判決
成功解析（無表格，退回摘要）：臺灣高雄地方法院 95 年度 簡 字第 1162 號刑事判決
成功解析（無表格，退回摘要）：臺灣臺中地方法院 95 年度 中簡上 字第 49 號刑事判決
成功解析（無表格，退回摘要）：最高法院 95 年度 台非 字第 37 號刑事判決
成功解析（無表格，退回摘要）：臺灣高等法院 臺中分院 95 年度 上易 字第 134 號刑事判決
成功解析（無表格，退回摘要）：臺灣高等法院 94 年度 上易 字第 2076 號刑事判決
成功解析（無表格，退回摘要）：臺灣新北地方法院 95 年度 簡附民 字第 26 號刑事裁定
成功解析（無表格，退回摘要）：臺灣新北地方法院 95 年度 簡 字第 823 號刑事判決
成功解析（無表格，退回摘要）：臺灣嘉義地方法院 95 年度 嘉簡 字第 244 號刑事判決
成功解析（無表格，退回摘要）：臺灣桃園地方法院 94 年度 易 字第 1080 號刑事判決
--- 正在抓取第 5 頁清單 ---
本頁共找到 20 筆案件，開始讀取內文...
成功解析（無表格，退回摘要）：臺灣嘉義地方法院 95 年度 嘉簡 字第 15 號刑事判決
成功解析（無表格，退回摘要）：臺灣高雄地方法院 95 年度 易 字第 318 號刑事判決
成功解析（無表格，退回摘要）：臺灣臺北地方法院 95 年度 易 字第 247 號刑事判決
成功解析（無表格，退回摘要）：臺灣臺北地方法院 94 年度 自 字第 197 號刑事判決
成功解析（無表格，退回摘要）：臺灣高等法院 臺中分院 94 年度 上易 字第 1393 號刑事判決
成功解析（無表格，退回摘要）：臺灣高雄地方法院 95 年度 簡 字第 927 號刑事判決
成功解析（無表格，退回摘要）：臺灣高雄地方法院 95 年度 簡 字第 662 號刑事判決
成功解析（無表格，退回摘要）：臺灣高雄地方法院 95 年度 簡 字第 450 號刑事判決
成功解析（無表格，退回摘要）：臺灣屏東地方法院 95 年度 簡 字第 234 號刑事判決
成功解析（無表格，退回摘要）：臺灣新北地方法院 94 年度 簡上 字第 267 號刑事判決
成功解析（無表格，退回摘要）：臺灣臺北地方法院 95 年度 附民 字第 51 號刑事裁定
成功解析（無表格，退回摘要）：臺灣高雄地方法院 95 年度 簡 字第 448 號刑事判決
成功解析（無表格，退回摘要）：臺灣新北地方法院 94 年度 簡 字第 5443 號刑事判決
成功解析（無表格，退回摘要）：臺灣臺北地方法院 94 年度 易 字第 2102 號刑事判決
成功解析（無表格，退回摘要）：臺灣臺東地方法院 95 年度 東簡 字第 18 號刑事判決
成功解析（無表格，退回摘要）：臺灣新北地方法院 94 年度 簡 字第 6008 號刑事判決
成功解析（無表格，退回摘要）：臺灣臺南地方法院 95 年度 簡 字第 54 號刑事判決
成功解析（無表格，退回摘要）：臺灣花蓮地方法院 95 年度 玉簡 字第 7 號刑事判決
成功解析（無表格，退回摘要）：臺灣新北地方法院 95 年度 易 字第 112 號刑事判決
成功解析（無表格，退回摘要）：臺灣新北地方法院 95 年度 易 字第 169 號刑事判決
--- 正在抓取第 6 頁清單 ---
本頁共找到 20 筆案件，開始讀取內文...
成功解析（無表格，退回摘要）：臺灣臺北地方法院 94 年度 簡上 字第 267 號刑事判決
成功解析（無表格，退回摘要）：臺灣臺中地方法院 95 年度 中簡 字第 182 號刑事判決
成功解析（無表格，退回摘要）：臺灣高雄地方法院 94 年度 簡附民 字第 55 號刑事裁定
成功解析（無表格，退回摘要）：臺灣高雄地方法院 95 年度 簡 字第 704 號刑事判決
成功解析（無表格，退回摘要）：臺灣高雄地方法院 94 年度 簡 字第 2798 號刑事判決
成功解析（無表格，退回摘要）：臺灣苗栗地方法院 95 年度 易 字第 29 號刑事裁定
成功解析（無表格，退回摘要）：臺灣臺中地方法院 95 年度 中簡 字第 41 號刑事判決
成功解析（無表格，退回摘要）：臺灣苗栗地方法院 95 年度 苗簡 字第 79 號刑事判決
成功解析（無表格，退回摘要）：臺灣臺北地方法院 94 年度 易 字第 2128 號刑事判決
成功解析（無表格，退回摘要）：臺灣高等法院 94 年度 聲再 字第 413 號刑事裁定
成功解析（無表格，退回摘要）：臺灣臺中地方法院 95 年度 中簡 字第 37 號刑事判決
成功解析（無表格，退回摘要）：臺灣臺北地方法院 95 年度 自 字第 14 號刑事裁定
成功解析（無表格，退回摘要）：臺灣新北地方法院 95 年度 簡附民 字第 19 號刑事裁定
成功解析（無表格，退回摘要）：臺灣新北地方法院 95 年度 簡 字第 312 號刑事判決
成功解析（無表格，退回摘要）：臺灣基隆地方法院 95 年度 瑞簡 字第 5 號刑事判決
成功解析（無表格，退回摘要）：臺灣高等法院 臺中分院 94 年度 上易 字第 1487 號刑事判決
成功解析（無表格，退回摘要）：臺灣臺南地方法院 95 年度 簡 字第 161 號刑事判決
成功解析（無表格，退回摘要）：臺灣臺中地方法院 94 年度 易 字第 1495 號刑事裁定
成功解析（無表格，退回摘要）：臺灣雲林地方法院 95 年度 易 字第 59 號刑事判決
成功解析（無表格，退回摘要）：臺灣高等法院 臺南分院 95 年度 上易 字第 71 號刑事裁定
--- 正在抓取第 7 頁清單 ---
本頁共找到 20 筆案件，開始讀取內文...
成功解析（無表格，退回摘要）：臺灣新北地方法院 95 年度 簡附民 字第 7 號刑事裁定
成功解析（無表格，退回摘要）：臺灣嘉義地方法院 95 年度 嘉簡 字第 159 號刑事判決
成功解析（無表格，退回摘要）：臺灣新北地方法院 94 年度 簡附民 字第 108 號刑事裁定
成功解析（無表格，退回摘要）：臺灣新北地方法院 94 年度 簡 字第 6051 號刑事判決
成功解析（無表格，退回摘要）：臺灣新竹地方法院 95 年度 自 字第 1 號刑事判決
成功解析（無表格，退回摘要）：臺灣桃園地方法院 95 年度 桃簡 字第 30 號刑事判決
成功解析（無表格，退回摘要）：臺灣新北地方法院 94 年度 簡 字第 4931 號刑事判決
成功解析（無表格，退回摘要）：臺灣新北地方法院 95 年度 自 字第 4 號刑事判決
成功解析（無表格，退回摘要）：臺灣臺北地方法院 93 年度 附民 字第 161 號刑事裁定
成功解析（無表格，退回摘要）：臺灣臺南地方法院 94 年度 簡 字第 2988 號刑事判決
成功解析（無表格，退回摘要）：臺灣臺北地方法院 93 年度 附民 字第 213 號刑事判決
成功解析（無表格，退回摘要）：臺灣臺北地方法院 93 年度 易 字第 795 號刑事判決
成功解析（無表格，退回摘要）：臺灣桃園地方法院 94 年度 易 字第 1077 號刑事判決
