裁判字號,裁判日期,案由,編號,日期,時間,社交平台,平台帳號,言論內容,事實要旨,涉犯罪名,告證編號,原文網址
臺灣彰化地方法院 115 年度 簡 字第 1101 號刑事判決,115.09.21,妨害名譽,,,,,,未明確提取,及,林品攸犯散布文字誹謗罪，處拘役參拾日，如易科罰金，以新臺幣壹仟元折算壹日。,,https://judgment.judicial.gov.tw/FJUD/data.aspx?ty=JD&id=CHDM%2c115%2c%e7%b0%a1%2c1101%2c20260921%2c1&ot=in
臺灣屏東地方法院 114 年度 易 字第 1287 號刑事判決,115.09.17,妨害名譽等,,,,,,未明確提取,Ａ０２與其前妻陳佳淑之弟Ａ０１間，具有家庭暴力防治法第3條第5款所定之家庭成員關係，竟意圖散布於眾，基於散布文字誹謗之犯意，在不詳處所，接續於如附表所示時間，以其社群平臺臉書帳號，在不特定多數人均得閱覽之其個人臉書貼文頁面，陸續發表如附表所示內容之貼文，足以貶低Ａ０１之人格尊嚴與社會評價。,"Ａ０２犯散布文字誹謗罪，處拘役參拾日，如易科罰金，以新臺幣壹仟元折算壹日。
其餘被訴部分無罪。",,https://judgment.judicial.gov.tw/FJUD/data.aspx?ty=JD&id=PTDM%2c114%2c%e6%98%93%2c1287%2c20260917%2c1&ot=in
臺灣高等法院 114 年度 上易 字第 2133 號刑事判決,115.09.15,妨害名譽,1,113年6月6日,,ig,gary__sorrenti,被告發布自己所發布之貼文截圖並標記告訴人配偶表示：．．．免費品質．．．你貼文所說的全部都是你自己本人　你罵人過的貼文　免費品質、塑膠，都是在說自己　自己在別人前男友那邊留言騷擾被波及回去了就發文說要找人算帳,標記告訴人丈夫，並陳訴告訴人騷擾他人,加重誹謗,45,https://judgment.judicial.gov.tw/FJUD/data.aspx?ty=JD&id=TPHM%2c114%2c%e4%b8%8a%e6%98%93%2c2133%2c20260915%2c1&ot=in
臺灣高等法院 114 年度 上易 字第 2133 號刑事判決,115.09.15,妨害名譽,2,113年6月7日,下午7時7分,ig,gary____sorrenti,被告對告訴人貼文留言表示：為什麼可以那麼低能？,指稱告訴人低能,公然侮辱,36,https://judgment.judicial.gov.tw/FJUD/data.aspx?ty=JD&id=TPHM%2c114%2c%e4%b8%8a%e6%98%93%2c2133%2c20260915%2c1&ot=in
臺灣高等法院 114 年度 上易 字第 2133 號刑事判決,115.09.15,妨害名譽,3,113年6月7日,上午4時30分,ig,gary__sorrenti___(與另一無後底槓的帳號不同),被告發布貼文表示：你想要的是免費品質．．．不管自己喜不喜歡對方或是喜不喜歡對方行為是品質就可以．．．你會變越來越自私越來越免費．．．並標記告訴人丈夫表示：把注意力放在其他男生身上這種你還想要？哪一篇現實動態是把注意力放在你身上的？你出國她都在偷吃吧,指稱告訴人自私，貪心並且花心,加重誹謗,42,https://judgment.judicial.gov.tw/FJUD/data.aspx?ty=JD&id=TPHM%2c114%2c%e4%b8%8a%e6%98%93%2c2133%2c20260915%2c1&ot=in
臺灣高等法院 114 年度 上易 字第 2133 號刑事判決,115.09.15,妨害名譽,4,113年6月7日,,ig,gary__sorrenti,被告於自己發布之貼文底下標記告訴人配偶留言表示：吃很難看那麼喜歡在有男朋友女生貼文留言自己會搶別人的所以才會強迫老公的版面要打這些文字,標記告訴人丈夫，並陳訴告訴人外遇且搶別人男人,加重誹謗,46,https://judgment.judicial.gov.tw/FJUD/data.aspx?ty=JD&id=TPHM%2c114%2c%e4%b8%8a%e6%98%93%2c2133%2c20260915%2c1&ot=in
臺灣高等法院 114 年度 上易 字第 2133 號刑事判決,115.09.15,妨害名譽,5,113年6月8日,上午10時18分,FB,layla Rose,被告發布貼文表示：．．．我是交代放在巴黎世家裡面賣．．．總之我認為許芳瑜就是一個非常不尊重人又自私沒老帽的村姑，他從以前就常發文罵別的女生是塑膠好幾篇．．．也很喜歡在身邊認識的有女朋友的男生貼文留言．．．包括現在也是發現時動態騷擾我,指稱告訴人誹謗與侮辱與騷擾他人。,加重誹謗,41,https://judgment.judicial.gov.tw/FJUD/data.aspx?ty=JD&id=TPHM%2c114%2c%e4%b8%8a%e6%98%93%2c2133%2c20260915%2c1&ot=in
臺灣高等法院 114 年度 上易 字第 2133 號刑事判決,115.09.15,妨害名譽,6,113年6月9日,下午4時14分,FB,layla Rose,被告發文表示：．．．許芳瑜．．．他從以前就發文罵別的女生是塑膠好幾篇．．．也喜歡在身邊認識的有女友的男生貼文留言也都是類似說發關於我的文章一樣的話,指稱告訴人常態騷擾與侮辱他人，說人是塑膠（閩南語意旨卑微）,加重誹謗,14,https://judgment.judicial.gov.tw/FJUD/data.aspx?ty=JD&id=TPHM%2c114%2c%e4%b8%8a%e6%98%93%2c2133%2c20260915%2c1&ot=in
臺灣高等法院 114 年度 上易 字第 2133 號刑事判決,115.09.15,妨害名譽,7,113年6月9日,下午4時14分,FB,layla Rose,被告發文表示：他殂以前就發文罵別的女生是塑膠好幾篇．．．也很喜歡在身邊認識的有女友的男生貼文留言也都．．．包括現在也是發動態騷擾我,指稱告訴人常態騷擾與侮辱他人，說人是塑膠（閩南語意旨卑微）,加重誹謗,15,https://judgment.judicial.gov.tw/FJUD/data.aspx?ty=JD&id=TPHM%2c114%2c%e4%b8%8a%e6%98%93%2c2133%2c20260915%2c1&ot=in
臺灣高等法院 114 年度 上易 字第 2133 號刑事判決,115.09.15,妨害名譽,8,113年6月9日,下午7時26分,fb,layla Rose,被告於自己發文之下標記告訴人並表示：妳事沒品質的人　又出現在這裡　所以我才會遇見妳　我才會一直被騷擾　即便我沒做甚麼事,指稱告訴人一直騷擾其,加重誹謗,54,https://judgment.judicial.gov.tw/FJUD/data.aspx?ty=JD&id=TPHM%2c114%2c%e4%b8%8a%e6%98%93%2c2133%2c20260915%2c1&ot=in
臺灣高等法院 114 年度 上易 字第 2133 號刑事判決,115.09.15,妨害名譽,9,113年7月21日,,ig,iosbabe_,被告發布告訴人照片並表示：你這個胖婊子發文騷擾人嗎,指稱告訴人為胖婊子,公然侮辱,44,https://judgment.judicial.gov.tw/FJUD/data.aspx?ty=JD&id=TPHM%2c114%2c%e4%b8%8a%e6%98%93%2c2133%2c20260915%2c1&ot=in
臺灣高等法院 114 年度 上易 字第 2133 號刑事判決,115.09.15,妨害名譽,10,113年7月28日,下午11時21分,ig,chuuaanihh,被告對告訴人貼文留言表示：你很醜,指稱告訴人醜,公然侮辱,37,https://judgment.judicial.gov.tw/FJUD/data.aspx?ty=JD&id=TPHM%2c114%2c%e4%b8%8a%e6%98%93%2c2133%2c20260915%2c1&ot=in
臺灣高等法院 114 年度 上易 字第 2133 號刑事判決,115.09.15,妨害名譽,11,113年8月6日,下午2時27分,ig,chuuaanihh,被告發布告訴人照片並表示：我得出原因就是她可能有躁鬱症才會自言自語一直罵．．．像神經病．．．她又開始散佈說這裡帳號是因為忌妒他,指稱告訴人神經病，躁鬱症,公然侮辱,38,https://judgment.judicial.gov.tw/FJUD/data.aspx?ty=JD&id=TPHM%2c114%2c%e4%b8%8a%e6%98%93%2c2133%2c20260915%2c1&ot=in
臺灣高等法院 114 年度 上易 字第 2133 號刑事判決,115.09.15,妨害名譽,12,113年8月6日,下午2時27分,ig,chuuaanihh,被告發布告訴人照片並表示：我得出原因就是她可能有躁鬱症才會自言自語一直罵．．．像神經病．．．她又開始散佈說這裡帳號是因為忌妒他,指稱告訴人有躁鬱症，並且自言自語一直罵與散布其之不實言論,加重誹謗,38,https://judgment.judicial.gov.tw/FJUD/data.aspx?ty=JD&id=TPHM%2c114%2c%e4%b8%8a%e6%98%93%2c2133%2c20260915%2c1&ot=in
臺灣高等法院 114 年度 上易 字第 2133 號刑事判決,115.09.15,妨害名譽,13,113年8月7日,下午7時49分,ig,chuuaanihh,被告發布告訴人兒子照片並表示：相信我這是不懂事／智障,指稱告訴人之子是智障,公然侮辱,39,https://judgment.judicial.gov.tw/FJUD/data.aspx?ty=JD&id=TPHM%2c114%2c%e4%b8%8a%e6%98%93%2c2133%2c20260915%2c1&ot=in
臺灣高等法院 114 年度 上易 字第 2133 號刑事判決,115.09.15,妨害名譽,14,113年8月7日,下午11時33分,ig,chuuaanihh,被告發布告訴人照片並發文表是：「我想拿棍子把她打到她再也沒有任何想煩的念頭　打到賤寫打到腦震盪」,公開表示：「我想拿棍子把她打到她再也沒有任何想煩的念頭　打到賤寫打到腦震盪」,恐嚇危安,56,https://judgment.judicial.gov.tw/FJUD/data.aspx?ty=JD&id=TPHM%2c114%2c%e4%b8%8a%e6%98%93%2c2133%2c20260915%2c1&ot=in
臺灣高等法院 114 年度 上易 字第 2133 號刑事判決,115.09.15,妨害名譽,15,113年8月7日,下午11時34分,ig,chuuaanihh,被告發布告訴人照片並發文表是：「我想拿棍子把她打到她再也沒有任何想煩的念頭　打到賤寫打到腦震盪．．．」,公開表示：「我想拿棍子把她打到她再也沒有任何想煩的念頭　打到賤寫打到腦震盪」,恐嚇危安,57,https://judgment.judicial.gov.tw/FJUD/data.aspx?ty=JD&id=TPHM%2c114%2c%e4%b8%8a%e6%98%93%2c2133%2c20260915%2c1&ot=in
臺灣高等法院 114 年度 上易 字第 2133 號刑事判決,115.09.15,妨害名譽,16,113年8月7日,下午11時34分,ig,chuuaanihh,被告發布告訴人照片並發文表示：「我想拿棍子把她打到她再也沒有任何想煩的念頭　打到賤寫打到腦震盪．．．」,公開表示：「我想拿棍子把她打到她再也沒有任何想煩的念頭　打到賤寫打到腦震盪」,恐嚇危安,62,https://judgment.judicial.gov.tw/FJUD/data.aspx?ty=JD&id=TPHM%2c114%2c%e4%b8%8a%e6%98%93%2c2133%2c20260915%2c1&ot=in
臺灣高等法院 114 年度 上易 字第 2133 號刑事判決,115.09.15,妨害名譽,17,113年8月8日,下午5時54分,ig,chuuaanihh,被告發布告訴人社群網站截圖後表示：好噁心的搞笑女，滾回去水溝．．．．發一個思想比你低級又自我感覺良好而且照片部好看又胖又醜的女生的照片感覺有多噁心．．．花心思了解她發文真的是她媽最噁心的事情，噁心到五臟六腑,指稱告訴人噁心搞笑女，滾回去水溝，又胖又醜，噁心,公然侮辱,40,https://judgment.judicial.gov.tw/FJUD/data.aspx?ty=JD&id=TPHM%2c114%2c%e4%b8%8a%e6%98%93%2c2133%2c20260915%2c1&ot=in
臺灣高等法院 114 年度 上易 字第 2133 號刑事判決,115.09.15,妨害名譽,18,113年8月9日,,ig,iosbabe_（不同於另一全英文大寫之帳號）,被告發布貼文表示：．．．我讓你知道死是甚麼感覺　震撼教育．．．但她跟是情無關現在只要真的遇到她我貞德會打她　把她變成鼻青臉腫的免費品質人．．．現在我承諾我會把他整個人徹底逐出為止就像沒有水的魚一動也不動再也爬不起來　我看不順眼這個人．．．我讓你知道死是甚麼感覺,公開表示：「我讓你知道死是甚麼感覺　震撼教育．．．但她跟是情無關現在只要真的遇到她我貞德會打她　把她變成鼻青臉腫的免費品質人」,恐嚇危安,55,https://judgment.judicial.gov.tw/FJUD/data.aspx?ty=JD&id=TPHM%2c114%2c%e4%b8%8a%e6%98%93%2c2133%2c20260915%2c1&ot=in
臺灣高等法院 114 年度 上易 字第 2133 號刑事判決,115.09.15,妨害名譽,19,113年8月9日,,ig,iosbabe_（不同於另一全英文大寫之帳號）,被告發布告訴人照片並發文表示：「我要讓你知道死是甚麼感覺　震撼教育　．．．但她跟示情無關現在只要真的遇到她我真的會打她　把她變成鼻青臉腫免費品質人．．．把他整個人徹底逐出為止　就像沒有水的魚一動也不動再也爬不起來　我讓你知道死是甚麼感覺」,公開表示意圖殺害告訴人與傷害告訴人身體,恐嚇危安,61,https://judgment.judicial.gov.tw/FJUD/data.aspx?ty=JD&id=TPHM%2c114%2c%e4%b8%8a%e6%98%93%2c2133%2c20260915%2c1&ot=in
臺灣高等法院 114 年度 上易 字第 2133 號刑事判決,115.09.15,妨害名譽,20,113年8月10日,上午9時14分,ig,iosbabe_,被告發布告訴人社群網站截圖並表示：．．．像醜小孩／屁妹．．．強迫跟他相處半年整體感覺讓人噁心到抓狂,指稱告訴人為醜小孩，屁妹，噁心,公然侮辱,19,https://judgment.judicial.gov.tw/FJUD/data.aspx?ty=JD&id=TPHM%2c114%2c%e4%b8%8a%e6%98%93%2c2133%2c20260915%2c1&ot=in
臺灣高等法院 114 年度 上易 字第 2133 號刑事判決,115.09.15,妨害名譽,21,113年8月10日,上午11時47分,ig,iosbabe_,被告發布告訴人照片並表示：．．．你只是他的手下而已被利用的棋子而已，長那麼醜誰要保護你？自以為是　想要做些甚麼在不認識的人這裡　造成大家的困擾．．．你跟店裡那些女的長得哪裡不一樣你是標準醜女長相．．．免費品質計畫通,指稱告訴人為醜女,公然侮辱,43,https://judgment.judicial.gov.tw/FJUD/data.aspx?ty=JD&id=TPHM%2c114%2c%e4%b8%8a%e6%98%93%2c2133%2c20260915%2c1&ot=in
臺灣高等法院 114 年度 上易 字第 2133 號刑事判決,115.09.15,妨害名譽,22,113年8月10日,上午11時49分,ig,iosbabe_（不同於另一全英文大寫之帳號）,被告發文表示：你他媽是誰憑甚麼用跟我認識很久的姿態一樣跟我說話說我是毽子？還去私訊我朋友問我的事，她覺得你他媽像蟲子,指稱告訴人侮辱其為毽子（意旨賤人）,加重誹謗,18,https://judgment.judicial.gov.tw/FJUD/data.aspx?ty=JD&id=TPHM%2c114%2c%e4%b8%8a%e6%98%93%2c2133%2c20260915%2c1&ot=in
臺灣高等法院 114 年度 上易 字第 2133 號刑事判決,115.09.15,妨害名譽,23,113年8月10日,上午11時47分,ig,iosbabe_(不同於另一全英文大寫之帳號),被告發布告訴人照片並表示：．．．你只是他的手下而已被利用的棋子而已，長那麼醜誰要保護你？自以為是　想要做些甚麼在不認識的人這裡　造成大家的困擾．．．你跟店裡那些女的長得哪裡不一樣你是標準醜女長相．．．免費品質計畫通,指稱告訴人被利用並且造成大家困擾,加重誹謗,43,https://judgment.judicial.gov.tw/FJUD/data.aspx?ty=JD&id=TPHM%2c114%2c%e4%b8%8a%e6%98%93%2c2133%2c20260915%2c1&ot=in
臺灣高等法院 114 年度 上易 字第 2133 號刑事判決,115.09.15,妨害名譽,24,113年8月10日,下午5時32分,ig,iosbabe_（不同於另一全英文大寫之帳號）,被告發布告訴人照片並發文表示：「開直播把妳打成侏儒，再發文試試看？就是妳不能發　到那時候誰還在乎妳死不死，邊打邊說，騷擾幾天踹幾次」,公開表示意圖傷害告訴人身體,恐嚇危安,60,https://judgment.judicial.gov.tw/FJUD/data.aspx?ty=JD&id=TPHM%2c114%2c%e4%b8%8a%e6%98%93%2c2133%2c20260915%2c1&ot=in
臺灣高等法院 114 年度 上易 字第 2133 號刑事判決,115.09.15,妨害名譽,25,113年8月19日,下午10時,ig,ariana__greenblattt,被告發布告訴人照片並發文表示：因為她是便宜妹　用胖子的照片說幅大家　然後表面上大家都還在　做到支持他就足夠了　寫文章「終於靠自己把那女的趕出去了」,指稱告訴人是便宜妹（意旨英文cheap girl為蕩婦）,公然侮辱,17,https://judgment.judicial.gov.tw/FJUD/data.aspx?ty=JD&id=TPHM%2c114%2c%e4%b8%8a%e6%98%93%2c2133%2c20260915%2c1&ot=in
臺灣高等法院 114 年度 上易 字第 2133 號刑事判決,115.09.15,妨害名譽,26,113年8月19日,下午10時,ig,ariana__greenblattt,被告發布告訴人照片並表示：操你媽浪費時間在這種身上．．．不要來學愛看宮鬥劇或是搶別人男友行為真的很低級．．．低級台女．．．但你真的很村姑論長相跟行為都是很喜歡一直提交男友的事　一直說宮鬥劇,指稱告訴人為低級行為，搶人男友，村姑（意旨位受教育且行為舉措不文明），低級台女,公然侮辱,33,https://judgment.judicial.gov.tw/FJUD/data.aspx?ty=JD&id=TPHM%2c114%2c%e4%b8%8a%e6%98%93%2c2133%2c20260915%2c1&ot=in
臺灣高等法院 114 年度 上易 字第 2133 號刑事判決,115.09.15,妨害名譽,27,113年8月19日,下午10時,ig,ariana__greenblattt,被告發布告訴人照片並發文表示：因為她是便宜妹　用胖子的照片說幅大家　然後表面上大家都還在　做到支持他就足夠了　寫文章「終於靠自己把那女的趕出去了」,指稱告訴人用假照片,加重誹謗,17,https://judgment.judicial.gov.tw/FJUD/data.aspx?ty=JD&id=TPHM%2c114%2c%e4%b8%8a%e6%98%93%2c2133%2c20260915%2c1&ot=in
臺灣高等法院 114 年度 上易 字第 2133 號刑事判決,115.09.15,妨害名譽,28,113年8月20日,下午1時30分,ig,ariana__greenblattt,被告發布告訴人照片並發文表示：．．．先是發文再來找人私訊我留言我然後拿胖子的照片說幅大家刪除我其中一隻帳號好友　然後我發文說我不想跟他接觸　他去申請跟蹤騷擾　他甚麼東西啊？．．．27歲、無業、孕婦、醜陋、沒有正常社交生活、沒有自由、只有照顧小孩生活當然很無聊？．．．她騷擾我一陣子後發文說自己熱衷再踢毽子　意思在騷擾我,指稱告訴人無業，醜陋，沒有正常設活，沒有自由,公然侮辱,20,https://judgment.judicial.gov.tw/FJUD/data.aspx?ty=JD&id=TPHM%2c114%2c%e4%b8%8a%e6%98%93%2c2133%2c20260915%2c1&ot=in
臺灣高等法院 114 年度 上易 字第 2133 號刑事判決,115.09.15,妨害名譽,29,113年8月20日,下午1時,ig,ariana__greenblattt,被告發布貼文表示：哪來的畜生超噁心．．．但我不花心思在畜生身上，她就是凹免費品質的畜牲．．．我見到她她就完蛋了．．．,指稱告訴人是畜生，噁心,公然侮辱,21,https://judgment.judicial.gov.tw/FJUD/data.aspx?ty=JD&id=TPHM%2c114%2c%e4%b8%8a%e6%98%93%2c2133%2c20260915%2c1&ot=in
臺灣高等法院 114 年度 上易 字第 2133 號刑事判決,115.09.15,妨害名譽,30,113年8月20日,下午11時31分,ig,ariana__greenblattt,被告發布告訴人照片並發文表示：．．．希望這個村姑早死早早超生　吐爆　有夠噁　吐到不行　她害到我是她賺到　超噁　超想吐．．．智障台女少在那邊裝模作樣．．．你配踢甚麼毽子,指稱告訴人是村姑，應該早死早超生，噁心，智障台女,公然侮辱,23,https://judgment.judicial.gov.tw/FJUD/data.aspx?ty=JD&id=TPHM%2c114%2c%e4%b8%8a%e6%98%93%2c2133%2c20260915%2c1&ot=in
臺灣高等法院 114 年度 上易 字第 2133 號刑事判決,115.09.15,妨害名譽,31,113年8月20日,下午10時6分,ig,ariana__greenblattt,被告發布告訴人照片並發文表示：噁心的胖子．．．一個醜陋的胖子,指稱告訴人是噁心的胖子，醜陋的胖子,公然侮辱,24,https://judgment.judicial.gov.tw/FJUD/data.aspx?ty=JD&id=TPHM%2c114%2c%e4%b8%8a%e6%98%93%2c2133%2c20260915%2c1&ot=in
臺灣高等法院 114 年度 上易 字第 2133 號刑事判決,115.09.15,妨害名譽,32,113年8月20日,下午9時23分,ig,ariana__greenblattt,被告發布告訴人照片並發文表示：垃圾廢物　有夠低級　騷擾男生身邊的女生,指稱告訴人是廢物垃圾，低級，騷擾男生身旁的女生,公然侮辱,25,https://judgment.judicial.gov.tw/FJUD/data.aspx?ty=JD&id=TPHM%2c114%2c%e4%b8%8a%e6%98%93%2c2133%2c20260915%2c1&ot=in
臺灣高等法院 114 年度 上易 字第 2133 號刑事判決,115.09.15,妨害名譽,33,113年8月20日,下午7時9分,ig,ariana__greenblattt,被告發布告訴人照片並發文表示：這個醜女怎麼處置？追捕最醜的醜女追到南港,指稱告訴人是醜女,公然侮辱,26,https://judgment.judicial.gov.tw/FJUD/data.aspx?ty=JD&id=TPHM%2c114%2c%e4%b8%8a%e6%98%93%2c2133%2c20260915%2c1&ot=in
臺灣高等法院 114 年度 上易 字第 2133 號刑事判決,115.09.15,妨害名譽,34,113年8月20日,下午4時30分,ig,ariana__greenblattt,被告發布告訴人兒子照片並發文表示：真的她媽全家很醜,指稱告訴人全家都很醜,公然侮辱,28,https://judgment.judicial.gov.tw/FJUD/data.aspx?ty=JD&id=TPHM%2c114%2c%e4%b8%8a%e6%98%93%2c2133%2c20260915%2c1&ot=in
臺灣高等法院 114 年度 上易 字第 2133 號刑事判決,115.09.15,妨害名譽,35,113年8月20日,下午10時6分,ig,ariana__greenblattt,被告發布告訴人照片並表示：噁心的胖子玩什麼感情遊戲．．．一個醜陋的胖子,指稱告訴人為噁心的胖子，醜陋的小胖子,公然侮辱,32,https://judgment.judicial.gov.tw/FJUD/data.aspx?ty=JD&id=TPHM%2c114%2c%e4%b8%8a%e6%98%93%2c2133%2c20260915%2c1&ot=in
臺灣高等法院 114 年度 上易 字第 2133 號刑事判決,115.09.15,妨害名譽,36,113年8月20日,下午1時30分,ig,ariana__greenblattt,被告發布告訴人照片並發文表示：．．．先是發文再來找人私訊我留言我然後拿胖子的照片說幅大家刪除我其中一隻帳號好友　然後我發文說我不想跟他接觸　他去申請跟蹤騷擾　他甚麼東西啊？．．．27歲、無業、孕婦、醜陋、沒有正常社交生活、沒有自由、只有照顧小孩生活當然很無聊？．．．她騷擾我一陣子後發文說自己熱衷再踢毽子　意思在騷擾我,指稱告訴人以身材肥胖之圖片侮辱他人，並騷擾他人,加重誹謗,20,https://judgment.judicial.gov.tw/FJUD/data.aspx?ty=JD&id=TPHM%2c114%2c%e4%b8%8a%e6%98%93%2c2133%2c20260915%2c1&ot=in
臺灣高等法院 114 年度 上易 字第 2133 號刑事判決,115.09.15,妨害名譽,37,113年8月20日,下午10時6分,ig,ariana__greenblattt,被告發不告訴人照片並表示：噁心的胖子玩什麼感情遊戲．．．一個醜陋的胖子,指稱告訴人玩感情遊戲,加重誹謗,32,https://judgment.judicial.gov.tw/FJUD/data.aspx?ty=JD&id=TPHM%2c114%2c%e4%b8%8a%e6%98%93%2c2133%2c20260915%2c1&ot=in
臺灣高等法院 114 年度 上易 字第 2133 號刑事判決,115.09.15,妨害名譽,38,113年8月20日,下午1時,ig,ariana__greenblattt,被告發布貼文表示：哪來的畜生超噁心．．．但我不花心思在畜生身上，她就是凹免費品質的畜牲．．．我見到她她就完蛋了．．．,明示告知告訴人見到他就完蛋（意旨將侵害其身體或生命）了,恐嚇危安,21,https://judgment.judicial.gov.tw/FJUD/data.aspx?ty=JD&id=TPHM%2c114%2c%e4%b8%8a%e6%98%93%2c2133%2c20260915%2c1&ot=in
臺灣高等法院 114 年度 上易 字第 2133 號刑事判決,115.09.15,妨害名譽,39,113年8月20日,下午7時9分,ig,ariana__greenblattt,被告發布告訴人照片並發文表示：這個醜女怎麼處置？追捕最醜的醜女追到南港,截圖告訴人照片並表示「如何處置？．．．．到南港」（南港為告訴人住址）,恐嚇危安,26,https://judgment.judicial.gov.tw/FJUD/data.aspx?ty=JD&id=TPHM%2c114%2c%e4%b8%8a%e6%98%93%2c2133%2c20260915%2c1&ot=in
臺灣高等法院 114 年度 上易 字第 2133 號刑事判決,115.09.15,妨害名譽,40,113年8月20日,下午4時13分,ig,ariana__greenblattt,被告發布告訴人兒子照片並發文表示：讓你他媽看看甚麼是瘋婊子，你完蛋了,截圖告訴人發布之親子照片並註明「讓你看看甚麼是瘋婊子，你完蛋了」,恐嚇危安,27,https://judgment.judicial.gov.tw/FJUD/data.aspx?ty=JD&id=TPHM%2c114%2c%e4%b8%8a%e6%98%93%2c2133%2c20260915%2c1&ot=in
臺灣高等法院 114 年度 上易 字第 2133 號刑事判決,115.09.15,妨害名譽,41,113年8月21日,上午8時27分,ig,ariana__greenblattt,．．．為什麼那個長手跟腳有頭髮的牲畜還笑得出來？．．．你有做錯事為什麼不道歉　為什麼我做錯的部分我都道歉了卻還要繼續　畜生行為,指稱告訴人牲畜,公然侮辱,8,https://judgment.judicial.gov.tw/FJUD/data.aspx?ty=JD&id=TPHM%2c114%2c%e4%b8%8a%e6%98%93%2c2133%2c20260915%2c1&ot=in
臺灣高等法院 114 年度 上易 字第 2133 號刑事判決,115.09.15,妨害名譽,42,113年8月21日,上午7時26分,ig,ariana__greenblattt,被告發布告訴人照片並發文表示：．．．我想封殺這兩個賤人．．．跟她被老公離婚的那種感覺是一樣,指稱告訴人是賤人,公然侮辱,22,https://judgment.judicial.gov.tw/FJUD/data.aspx?ty=JD&id=TPHM%2c114%2c%e4%b8%8a%e6%98%93%2c2133%2c20260915%2c1&ot=in
臺灣高等法院 114 年度 上易 字第 2133 號刑事判決,115.09.15,妨害名譽,43,113年8月21日,上午7時34分,ig,ariana__greenblattt,被告發布告訴人社群軟體帳號截圖並表示：．．．我被不認識的女生發文在版面上我去問秋天岳這個行為哪裡是神經病？．．．殺了妳這個不值得被當人的假掰畜生,指稱告訴人為假掰畜生，不值得被當人,公然侮辱,29,https://judgment.judicial.gov.tw/FJUD/data.aspx?ty=JD&id=TPHM%2c114%2c%e4%b8%8a%e6%98%93%2c2133%2c20260915%2c1&ot=in
臺灣高等法院 114 年度 上易 字第 2133 號刑事判決,115.09.15,妨害名譽,44,113年8月21日,,ig,ariana__greenblattt,被告發布告訴人兒子照片並表示：去自殺,命告訴人去自殺,公然侮辱,30,https://judgment.judicial.gov.tw/FJUD/data.aspx?ty=JD&id=TPHM%2c114%2c%e4%b8%8a%e6%98%93%2c2133%2c20260915%2c1&ot=in
臺灣高等法院 114 年度 上易 字第 2133 號刑事判決,115.09.15,妨害名譽,45,113年8月21日,上午8時10分,ig,ariana__greenblattt,被告發布告訴人照片並表示：．．．一直想交男朋友？．．．把你手腳打斷看你怎麼做自己的事情，關我屁是，打到華答出請問我這個人是核備騷擾嗎這個問句　女妓,指稱告訴人一直想交男朋友（告訴人已婚，意旨告訴人想有婚外情），女妓,公然侮辱,31,https://judgment.judicial.gov.tw/FJUD/data.aspx?ty=JD&id=TPHM%2c114%2c%e4%b8%8a%e6%98%93%2c2133%2c20260915%2c1&ot=in
臺灣高等法院 114 年度 上易 字第 2133 號刑事判決,115.09.15,妨害名譽,46,113年8月21日,上午8時27分,ig,ariana__greenblattt,．．．為什麼那個長手跟腳有頭髮的牲畜還笑得出來？．．．你有做錯事為什麼不道歉　為什麼我做錯的部分我都道歉了卻還要繼續　畜生行為,指稱告訴人做錯事情不道歉,加重誹謗,8,https://judgment.judicial.gov.tw/FJUD/data.aspx?ty=JD&id=TPHM%2c114%2c%e4%b8%8a%e6%98%93%2c2133%2c20260915%2c1&ot=in
臺灣高等法院 114 年度 上易 字第 2133 號刑事判決,115.09.15,妨害名譽,47,113年8月21日,上午7時34分,ig,ariana__greenblattt,被告發布告訴人社群軟體帳號截圖並表示：．．．我被不認識的女生發文在版面上我去問秋天岳這個行為哪裡是神經病？．．．殺了妳這個不值得被當人的假掰畜生,指稱告訴人誹謗犯罪人,加重誹謗,29,https://judgment.judicial.gov.tw/FJUD/data.aspx?ty=JD&id=TPHM%2c114%2c%e4%b8%8a%e6%98%93%2c2133%2c20260915%2c1&ot=in
臺灣高等法院 114 年度 上易 字第 2133 號刑事判決,115.09.15,妨害名譽,48,113年8月21日,上午7時34分,ig,ariana__greenblattt,被告發布告訴人社群軟體帳號截圖並表示：．．．我被不認識的女生發文在版面上我去問秋天岳這個行為哪裡是神經病？．．．殺了妳這個不值得被當人的假掰畜生,公開表示「殺了妳這個不值得被當人的假掰畜生」,恐嚇危安,29,https://judgment.judicial.gov.tw/FJUD/data.aspx?ty=JD&id=TPHM%2c114%2c%e4%b8%8a%e6%98%93%2c2133%2c20260915%2c1&ot=in
臺灣高等法院 114 年度 上易 字第 2133 號刑事判決,115.09.15,妨害名譽,49,113年8月21日,上午8時10分,ig,ariana__greenblattt,被告發布告訴人照片並表示：．．．一直想交男朋友？．．．把你手腳打斷看你怎麼做自己的事情，關我屁是，打到華答出請問我這個人是核備騷擾嗎這個問句　女妓,公開表示「把你手腳打斷看你怎麼做自己的事情」,恐嚇危安,31,https://judgment.judicial.gov.tw/FJUD/data.aspx?ty=JD&id=TPHM%2c114%2c%e4%b8%8a%e6%98%93%2c2133%2c20260915%2c1&ot=in
臺灣高等法院 114 年度 上易 字第 2133 號刑事判決,115.09.15,妨害名譽,50,113年8月21日,中午12時,ig,ariana__greenblattt,被告發布告訴人好友社群網站截圖並表示：「隔兩周發現這個女的也有一起刪?？我真他媽活該？我只想殺人」,公開表示意圖殺害告訴人與告訴人好友,恐嚇危安,58,https://judgment.judicial.gov.tw/FJUD/data.aspx?ty=JD&id=TPHM%2c114%2c%e4%b8%8a%e6%98%93%2c2133%2c20260915%2c1&ot=in
臺灣高等法院 114 年度 上易 字第 2133 號刑事判決,115.09.15,妨害名譽,51,113年8月21日,上午7時54分,ig,ariana__greenblattt,被告發布告訴人社群網站之截圖表示：「殺了妳這個不值得ˊ被當人的假掰畜生」,公開表示意圖殺害告訴人,恐嚇危安,63,https://judgment.judicial.gov.tw/FJUD/data.aspx?ty=JD&id=TPHM%2c114%2c%e4%b8%8a%e6%98%93%2c2133%2c20260915%2c1&ot=in
臺灣高等法院 114 年度 上易 字第 2133 號刑事判決,115.09.15,妨害名譽,52,113年8月21日,中午12時,ig,ariana__greenblattt,被告發布貼文表示：「我們就選今天好了有人知道他今天要去哪嗎」,於公開表示意圖殺害告訴人後隨即公開募集告訴人行蹤,恐嚇危安,64,https://judgment.judicial.gov.tw/FJUD/data.aspx?ty=JD&id=TPHM%2c114%2c%e4%b8%8a%e6%98%93%2c2133%2c20260915%2c1&ot=in
臺灣高等法院 114 年度 上易 字第 2133 號刑事判決,115.09.15,妨害名譽,53,113年8月26日,上午10時53分,ig,iosbabe_（不同於另一全英文大寫之帳號）,被告發布告訴人照片並發文表示：「只想動用暴力絕對是百分之百正常反應．．．我遇到一定打」,公開表示意圖傷害告訴人身體,恐嚇危安,59,https://judgment.judicial.gov.tw/FJUD/data.aspx?ty=JD&id=TPHM%2c114%2c%e4%b8%8a%e6%98%93%2c2133%2c20260915%2c1&ot=in
臺灣高等法院 114 年度 上易 字第 2133 號刑事判決,115.09.15,妨害名譽,54,113年9月2日,下午2時40分,ig,bullshit____r,被告發布告訴人照片並發文表示：宅在家的圓臉土黃人．．．自從2021年過後就開始膨脹，只會有一個一般廢物玩咖的標籤,指稱告訴人為宅在家的圓臉土黃人，廢物玩d咖。,公然侮辱,4,https://judgment.judicial.gov.tw/FJUD/data.aspx?ty=JD&id=TPHM%2c114%2c%e4%b8%8a%e6%98%93%2c2133%2c20260915%2c1&ot=in
臺灣高等法院 114 年度 上易 字第 2133 號刑事判決,115.09.15,妨害名譽,55,113年9月2日,上午5時,ig,BULLSHIT__R,被告發文表示：．．．裝那副樣子讓人很有好感可以避免即使本質是個爛得要死想索取免費品質一直想當完咖的人？而且重點她媽還不會尊重任何女生　這個女的　只活在男性世界．．．女方真的是用方法的作做低能老阿姨，變醜了才願意犧牲為了談戀愛，其實爛得要死本來就常常騷擾女生．．．不要再幻想了醜的要死x2 圓雞蛋土黃人,指稱告訴人為做作低能老阿姨，醜，騷擾他人，圓雞蛋土黃人臉,公然侮辱,7,https://judgment.judicial.gov.tw/FJUD/data.aspx?ty=JD&id=TPHM%2c114%2c%e4%b8%8a%e6%98%93%2c2133%2c20260915%2c1&ot=in
臺灣高等法院 114 年度 上易 字第 2133 號刑事判決,115.09.15,妨害名譽,56,113年9月2日,下午2時40分,ig,bullshit____r,被告發布告訴人照片並表示：一個宅在家的圓臉土黃人　覺得認識DAG那些人就得到全世界．．．自從2021年過後就開始膨脹只會有一個一般廢物完咖的標籤．．．憑你是一個圓臉土黃人就可以得到幫助？隨便聽秋天口述ˋ然後誤會我隨意發文我？,指稱告訴人為圓臉土黃人，廢物玩咖,公然侮辱,47,https://judgment.judicial.gov.tw/FJUD/data.aspx?ty=JD&id=TPHM%2c114%2c%e4%b8%8a%e6%98%93%2c2133%2c20260915%2c1&ot=in
臺灣高等法院 114 年度 上易 字第 2133 號刑事判決,115.09.15,妨害名譽,57,113年9月2日,下午4時24分,ig,bullshit____r,被告發布告訴人照片並表示：．．．幸好被我發文的人不太聰明所以也沒有怎麼樣,指稱告訴人不聰明,公然侮辱,48,https://judgment.judicial.gov.tw/FJUD/data.aspx?ty=JD&id=TPHM%2c114%2c%e4%b8%8a%e6%98%93%2c2133%2c20260915%2c1&ot=in
臺灣高等法院 114 年度 上易 字第 2133 號刑事判決,115.09.15,妨害名譽,58,113年9月2日,,ig,bullshit____r,被告發布告訴人配偶與小孩照片表示：那麼胖你在說甚麼呢？,指稱告訴人胖,公然侮辱,51,https://judgment.judicial.gov.tw/FJUD/data.aspx?ty=JD&id=TPHM%2c114%2c%e4%b8%8a%e6%98%93%2c2133%2c20260915%2c1&ot=in
臺灣高等法院 114 年度 上易 字第 2133 號刑事判決,115.09.15,妨害名譽,59,113年9月2日,下午2時40分,ig,bullshit____r,被告發布告訴人照片並表示：一個宅在家的圓臉土黃人　覺得認識DAG那些人就得到全世界．．．自從2021年過後就開始膨脹只會有一個一般廢物完咖的標籤．．．憑你是一個圓臉土黃人就可以得到幫助？隨便聽秋天口述ˋ然後誤會我隨意發文我？,指稱告訴人自信膨脹，並且發文騷擾,加重誹謗,47,https://judgment.judicial.gov.tw/FJUD/data.aspx?ty=JD&id=TPHM%2c114%2c%e4%b8%8a%e6%98%93%2c2133%2c20260915%2c1&ot=in
臺灣高等法院 114 年度 上易 字第 2133 號刑事判決,115.09.15,妨害名譽,60,113年9月4日,下午10時,ig,bullshit____r,被告發布告訴人寵物照片並表示：ios喜歡看別人被騷擾．．．只要跟她接觸五分鐘我就受不了了．．．因為被她掃擾太久了，我身陷爛泥之中她是畜生我發誓她是,指稱告訴人是畜生,公然侮辱,49,https://judgment.judicial.gov.tw/FJUD/data.aspx?ty=JD&id=TPHM%2c114%2c%e4%b8%8a%e6%98%93%2c2133%2c20260915%2c1&ot=in
臺灣高等法院 114 年度 上易 字第 2133 號刑事判決,115.09.15,妨害名譽,61,113年9月4日,下午10時,ig,bullshit____r,被告發文表示：你才是最底層的人,指稱告訴人是底層,公然侮辱,50,https://judgment.judicial.gov.tw/FJUD/data.aspx?ty=JD&id=TPHM%2c114%2c%e4%b8%8a%e6%98%93%2c2133%2c20260915%2c1&ot=in
臺灣高等法院 114 年度 上易 字第 2133 號刑事判決,115.09.15,妨害名譽,62,113年9月4日,下午10時,ig,bullshit____r,被告發布告訴人寵物照片並表示：ios喜歡看別人被騷擾．．．只要跟她接觸五分鐘我就受不了了．．．因為被她掃擾太久了，我身陷爛泥之中她是畜生我發誓她是,指稱告訴人喜歡被騷擾，而且會與其接觸，並且騷擾其,加重誹謗,49,https://judgment.judicial.gov.tw/FJUD/data.aspx?ty=JD&id=TPHM%2c114%2c%e4%b8%8a%e6%98%93%2c2133%2c20260915%2c1&ot=in
臺灣高等法院 114 年度 上易 字第 2133 號刑事判決,115.09.15,妨害名譽,63,113年9月5日,下午9時52分,ig,bullshit____r,被告發布告訴人照片並表示：當你不喜歡的東西騷擾妳被妳用難聽話攻擊時她卻也不在乎　然後繼續發這些好像過得很開心．．．除了帳號被刪除歡迎匿名投稿　我會等待這個時機　讓她整個人都慘．．．長那副德性還想要用這些爛方式　讓人感到不快　明台不要強迫任何不想跟他接觸的人　影響對方自由跟生活,指稱告訴人騷擾他人,加重誹謗,52,https://judgment.judicial.gov.tw/FJUD/data.aspx?ty=JD&id=TPHM%2c114%2c%e4%b8%8a%e6%98%93%2c2133%2c20260915%2c1&ot=in
臺灣高等法院 114 年度 上易 字第 2133 號刑事判決,115.09.15,妨害名譽,64,113年9月7日,下午7時4分,ig,bullshit____r,被告發布告訴人所有之社群網站照片並貼文表示：一直寫甚麼要回應我　把我形容成她兒子　感謝什麼？關妳甚麼事？就連她現在找到自以為是證據的證據都在一開始遇到ios時形容她是一隻蟑螂，好可憐處處惹人嫌　愛擾騷擾陌生人的人大家小心！！！,指稱告訴人騷擾他人,加重誹謗,53,https://judgment.judicial.gov.tw/FJUD/data.aspx?ty=JD&id=TPHM%2c114%2c%e4%b8%8a%e6%98%93%2c2133%2c20260915%2c1&ot=in
臺灣高等法院 114 年度 上易 字第 2133 號刑事判決,115.09.15,妨害名譽,65,113年9月8日,上午9時36分,ig,bullshit____r,被告發文表示：．．．他向一個智障依樣，然後事後發文說熱衷於騷擾我，誰想認識這個低級東西？（許芳瑜很低級）．．．他臉書多年前就為會一直形容罵別的女生是塑膠過　我們有些人不會做很多事然後公開場合　約束自己　不撕破臉不等於就是用來給許芳瑜這種人用來免費容忍他的拉或是搶朋友的男友．．．然後她會被當垃圾堆遺忘，許芳像智障喜憨兒與國中生許芳不像是任何人的女朋友他只是一個不尊重任何女生的村姑跟國中生,指稱告訴人為智障，低級東西，低級，被當垃圾遺忘，智障，喜憨兒，國中生（意旨幼稚），不尊重他人，村姑（意指未受教育且行為舉措不文明）,公然侮辱,3,https://judgment.judicial.gov.tw/FJUD/data.aspx?ty=JD&id=TPHM%2c114%2c%e4%b8%8a%e6%98%93%2c2133%2c20260915%2c1&ot=in
臺灣高等法院 114 年度 上易 字第 2133 號刑事判決,115.09.15,妨害名譽,66,113年9月8日,上午9時36分,ig,bullshit____r,被告發文表示：他會被當垃圾堆遺忘，許方向智障喜憨兒跟國中生．．．他只是一個不尊重任何女生的村姑跟國中生．．．看那個胖子以後還囂張甚麼．．．許芳喜歡公豆句就硬要強加在別人身上強迫別人配合他留言幻想的劇情,指稱告訴人會被當垃圾堆遺忘，智障，喜憨兒，國中生（意旨幼稚），不尊重他人，村姑（意指未受教育且行為舉措不文明），囂張的胖子，喜歡宮鬥（意旨喜好問題人際關係），強迫他人配合想像,公然侮辱,5,https://judgment.judicial.gov.tw/FJUD/data.aspx?ty=JD&id=TPHM%2c114%2c%e4%b8%8a%e6%98%93%2c2133%2c20260915%2c1&ot=in
臺灣高等法院 114 年度 上易 字第 2133 號刑事判決,115.09.15,妨害名譽,67,113年9月8日,上午9時25分,ig,bullshit____r,被告發布告訴人照片並發文表示：拿許芳瑜這種跟我比狗都不如的垃圾來糟蹋我,指稱告訴人狗都不如，是垃圾,公然侮辱,6,https://judgment.judicial.gov.tw/FJUD/data.aspx?ty=JD&id=TPHM%2c114%2c%e4%b8%8a%e6%98%93%2c2133%2c20260915%2c1&ot=in
臺灣高等法院 114 年度 上易 字第 2133 號刑事判決,115.09.15,妨害名譽,68,113年9月8日,上午9時36分,ig,bullshit____r,被告發文表示：．．．他向一個智障依樣，然後事後發文說熱衷於騷擾我，誰想認識這個低級東西？（許芳瑜很低級）．．．他臉書多年前就為會一直形容罵別的女生是塑膠過　我們有些人不會做很多事然後公開場合　約束自己　不撕破臉不等於就是用來給許芳瑜這種人用來免費容忍他的拉或是搶朋友的男友．．．然後她會被當垃圾堆遺忘，許芳像智障喜憨兒與國中生許芳不像是任何人的女朋友他只是一個不尊重任何女生的村姑跟國中生,指稱告訴人搶他人男友並公開騷擾他人,加重誹謗,3,https://judgment.judicial.gov.tw/FJUD/data.aspx?ty=JD&id=TPHM%2c114%2c%e4%b8%8a%e6%98%93%2c2133%2c20260915%2c1&ot=in
臺灣高等法院 114 年度 上易 字第 2133 號刑事判決,115.09.15,妨害名譽,69,113年9月12日,下午2時4分,ig,bullshit____r,被告發文表示：告訴人發文罵我粉絲狂掉好幾千，還發現時動態說老公幫忙妳做得不好，幫忙你再騷擾人嗎？．．．形容他是屎．．．其他男生是寶寶我看來她根本就也不愛你，我才想笑，爛完咖在公開場合經營爛關係,指稱告訴人為爛玩咖,公然侮辱,1,https://judgment.judicial.gov.tw/FJUD/data.aspx?ty=JD&id=TPHM%2c114%2c%e4%b8%8a%e6%98%93%2c2133%2c20260915%2c1&ot=in
臺灣高等法院 114 年度 上易 字第 2133 號刑事判決,115.09.15,妨害名譽,70,113年9月12日,下午1時46分,ig,bullshit____r,被告發文表示：兩個不顧形象的老爛人，自以為台北圈內老玩咖許芳瑜的長相根本直接構成騷擾罪．．．女方變得又醜又胖,指稱告訴人為不顧形象的老爛人，指稱告訴人長相犯騷擾罪（意旨貶損告訴人外觀評價），又醜又胖,公然侮辱,2,https://judgment.judicial.gov.tw/FJUD/data.aspx?ty=JD&id=TPHM%2c114%2c%e4%b8%8a%e6%98%93%2c2133%2c20260915%2c1&ot=in
臺灣高等法院 114 年度 上易 字第 2133 號刑事判決,115.09.15,妨害名譽,71,113年9月12日,下午2時4分,ig,bullshit____r,被告發文表示：告訴人發文罵我粉絲狂掉好幾千，還發現時動態說老公幫忙妳做得不好，幫忙你再騷擾人嗎？．．．形容他是屎．．．其他男生是寶寶我看來她根本就也不愛你，我才想笑，爛完咖在公開場合經營爛關係,指稱告訴人家事不合，社交關係有問題,加重誹謗,1,https://judgment.judicial.gov.tw/FJUD/data.aspx?ty=JD&id=TPHM%2c114%2c%e4%b8%8a%e6%98%93%2c2133%2c20260915%2c1&ot=in
臺灣高等法院 114 年度 上易 字第 2133 號刑事判決,115.09.15,妨害名譽,72,113年9月12日,下午1時46分,ig,bullshit____r,被告發文表示：兩個不顧形象的老爛人，自以為台北圈內老玩咖許芳瑜的長相根本直接構成騷擾罪．．．女方變得又醜又胖,指稱告訴人長期在外妨礙他人名譽,加重誹謗,2,https://judgment.judicial.gov.tw/FJUD/data.aspx?ty=JD&id=TPHM%2c114%2c%e4%b8%8a%e6%98%93%2c2133%2c20260915%2c1&ot=in
臺灣高等法院 114 年度 上易 字第 2133 號刑事判決,115.09.15,妨害名譽,73,113年9月18日,下午7時22分,ig,menu_m__,被告發文表示：一個好媽媽不能做甚麼要變好然後去妨礙自由找人不斷的騷擾　公開騷擾．．．發那些醜照片．．．好像傷害別人攻擊別人他自己感覺就會好一點，我感覺他還沒經營網路前可能常常被欺負　被言語霸凌　可悲的孩子．．．明明現在外型是阿姨,指稱告訴人醜，外型是阿姨（意旨老態，抨擊告訴人外觀）,公然侮辱,9,https://judgment.judicial.gov.tw/FJUD/data.aspx?ty=JD&id=TPHM%2c114%2c%e4%b8%8a%e6%98%93%2c2133%2c20260915%2c1&ot=in
臺灣高等法院 114 年度 上易 字第 2133 號刑事判決,115.09.15,妨害名譽,74,113年9月18日,下午 07:22:00,ig,menu_m__,被告發文表示：一個好媽媽不能做甚麼要變好然後去妨礙自由找人不斷的騷擾　公開騷擾．．．發那些醜照片．．．好像傷害別人攻擊別人他自己感覺就會好一點，我感覺他還沒經營網路前可能常常被欺負　被言語霸凌　可悲的孩子．．．明明現在外型是阿姨,指稱告訴人妨礙他人自由，騷擾他人，習慣傷害他人，曾被言語霸凌,加重誹謗,9,https://judgment.judicial.gov.tw/FJUD/data.aspx?ty=JD&id=TPHM%2c114%2c%e4%b8%8a%e6%98%93%2c2133%2c20260915%2c1&ot=in
臺灣高等法院 114 年度 上易 字第 2133 號刑事判決,115.09.15,妨害名譽,75,113年9月18日,下午9時31分,ig,menu_m__,被告發文表示：被他人員其實一點都不好　她曾經被霸凌他怕被霸凌　她老公一點都不愛她　第一張　她老公罵他是狗牽著別人　因為不得不幫她說話　所以只能免強形容兩個女生都是狗,指稱告訴人人緣差，被霸凌，家庭失和，受丈夫侮辱為狗，而告訴人會污辱他人為狗,加重誹謗,10,https://judgment.judicial.gov.tw/FJUD/data.aspx?ty=JD&id=TPHM%2c114%2c%e4%b8%8a%e6%98%93%2c2133%2c20260915%2c1&ot=in
臺灣高等法院 114 年度 上易 字第 2133 號刑事判決,115.09.15,妨害名譽,76,113年9月23日,下午1時30分,ig,menu_m__,被告發布告訴人小孩之照片並重點標註與發文表示：找一個這麼噁心的東西來騷擾我,指稱告訴人之子為噁心的東西,公然侮辱,11,https://judgment.judicial.gov.tw/FJUD/data.aspx?ty=JD&id=TPHM%2c114%2c%e4%b8%8a%e6%98%93%2c2133%2c20260915%2c1&ot=in
臺灣高等法院 114 年度 上易 字第 2133 號刑事判決,115.09.15,妨害名譽,77,113年9月23日,下午5時20分,ig,menu_m__,被告截圖告訴人之社群帳號並發文表示：去自殺吧，胖智障肥油．．．老公是屎．．．喜歡騷擾人的不是神經病躁鬱症是甚麼？,指稱告訴人去自殺，胖智障肥油,公然侮辱,12,https://judgment.judicial.gov.tw/FJUD/data.aspx?ty=JD&id=TPHM%2c114%2c%e4%b8%8a%e6%98%93%2c2133%2c20260915%2c1&ot=in
臺灣高等法院 114 年度 上易 字第 2133 號刑事判決,115.09.15,妨害名譽,78,113年9月23日,下午2時38分,ig,menu_m__,被告發文表示：許芳瑜騷擾不認識的人七個月超像她會做的人配合秋天岳一起超好笑不意外．．．被利用　超笨　超好利用　都不怎麼樣．．．太笨了,指稱告訴人被利用，笨,公然侮辱,34,https://judgment.judicial.gov.tw/FJUD/data.aspx?ty=JD&id=TPHM%2c114%2c%e4%b8%8a%e6%98%93%2c2133%2c20260915%2c1&ot=in
臺灣高等法院 114 年度 上易 字第 2133 號刑事判決,115.09.15,妨害名譽,79,113年9月23日,下午5時20分,ig,menu_m__,被告截圖告訴人之社群帳號並發文表示：去自殺吧，胖智障肥油．．．老公是屎．．．喜歡騷擾人的不是神經病躁鬱症是甚麼？,指稱告訴人稱呼自己丈夫為排泄物，並且是個喜歡騷擾人的神經病躁鬱症,加重誹謗,12,https://judgment.judicial.gov.tw/FJUD/data.aspx?ty=JD&id=TPHM%2c114%2c%e4%b8%8a%e6%98%93%2c2133%2c20260915%2c1&ot=in
臺灣高等法院 114 年度 上易 字第 2133 號刑事判決,115.09.15,妨害名譽,80,113年9月23日,下午2時38分,ig,menu_m__,被告發布告訴人照片並表示：操你媽浪費時間在這種身上．．．不要來學愛看宮鬥劇或是搶別人男友行為真的很低級．．．低級台女．．．但你真的很村姑論長相跟行為都是很喜歡一直提交男友的事　一直說宮鬥劇,指稱告訴人騷擾他人,加重誹謗,34,https://judgment.judicial.gov.tw/FJUD/data.aspx?ty=JD&id=TPHM%2c114%2c%e4%b8%8a%e6%98%93%2c2133%2c20260915%2c1&ot=in
臺灣高等法院 114 年度 上易 字第 2133 號刑事判決,115.09.15,妨害名譽,81,113年9月24日,下午3時28分,ig,menu_m__,被告發文表示：許芳瑜身形矮胖，沒女人味，不亮眼，沒氣場，沒有魅力,指稱告訴人身形矮胖、沒女人味、不亮眼、沒有魅力,公然侮辱,13,https://judgment.judicial.gov.tw/FJUD/data.aspx?ty=JD&id=TPHM%2c114%2c%e4%b8%8a%e6%98%93%2c2133%2c20260915%2c1&ot=in
臺灣高等法院 114 年度 上易 字第 2133 號刑事判決,115.09.15,妨害名譽,82,113年9月24日,下午3時28分,ig,menu_m__,被告發布告訴人照片並表示：許芳瑜身形矮胖、沒女人味、不亮眼、沒氣場、沒有魅力,指稱告訴人身形矮胖、沒女人味、不亮眼、沒氣場,公然侮辱,35,https://judgment.judicial.gov.tw/FJUD/data.aspx?ty=JD&id=TPHM%2c114%2c%e4%b8%8a%e6%98%93%2c2133%2c20260915%2c1&ot=in
臺灣高等法院 114 年度 上易 字第 2133 號刑事判決,115.09.15,妨害名譽,83,113年10月14日,下午12時20分,ig,xo.emma.eaaa,被告發不告訴人與其配偶之照片表示：雙重肥油交響樂．．．去想想自己為什麼自己這麼賤,指稱告訴人是雙重肥油交響樂，賤,公然侮辱,65,https://judgment.judicial.gov.tw/FJUD/data.aspx?ty=JD&id=TPHM%2c114%2c%e4%b8%8a%e6%98%93%2c2133%2c20260915%2c1&ot=in
臺灣高等法院 114 年度 上易 字第 2133 號刑事判決,115.09.15,妨害名譽,84,不詳,不詳,ig,IOSBABE____,被告發文表示：．．．Iosbabe就連繫其他同事叫所有人封殺女生臉書帳號刪好友跟封鎖,指稱告訴人嘗試網路暴力他人,加重誹謗,16,https://judgment.judicial.gov.tw/FJUD/data.aspx?ty=JD&id=TPHM%2c114%2c%e4%b8%8a%e6%98%93%2c2133%2c20260915%2c1&ot=in
臺灣彰化地方法院 115 年度 簡 字第 1704 號刑事判決,115.09.15,妨害名譽,,,,,,未明確提取,及,甲〇〇犯公然侮辱罪，處拘役拾日，如易科罰金，以新臺幣壹仟元折算壹日。,,https://judgment.judicial.gov.tw/FJUD/data.aspx?ty=JD&id=CHDM%2c115%2c%e7%b0%a1%2c1704%2c20260915%2c1&ot=in
臺灣彰化地方法院 115 年度 易 字第 1006 號刑事判決,115.09.15,妨害名譽,,,,,,徐佳君 | 只有一個字，爛 餐點：1/5|服務：1/5|氣氛：1/5,徐佳君因賴氏家族股份有限公司代表人賴陳怡瑄對其配偶廖忠義提起刑事訴訟，心生不滿，明知自己並未至賴氏家族股份有限公司進行消費或接受任何服務，竟意圖散布於眾，基於加重誹謗之犯意，於民國115年1月3日某時，在賴氏家族股份有限公司Google地圖評論頁面上，以暱稱「徐佳君」留言「只有一個字，爛 餐點：1/5|服務：1/5|氣氛：1/5」，並給予1顆星之評價，以此方式散布賴氏家族股份有限公司經營之餐點、服務、氣氛極差之不實事項於眾，足以損害賴氏家族股份有限公司之社會評價。,"徐佳君犯散布文字誹謗罪，處拘役10日，如易科罰金，以新臺幣1,000元折算1日。",,https://judgment.judicial.gov.tw/FJUD/data.aspx?ty=JD&id=CHDM%2c115%2c%e6%98%93%2c1006%2c20260915%2c1&ot=in
臺灣新北地方法院 115 年度 易 字第 846 號刑事判決,115.09.15,妨害名譽,,,,,,王世平 | Wang Josh | 新莊副都心-短影音第一世平,王世平原為通澤地產股份有限公司（下稱通澤地產公司）之員工，林松憲係通澤地產公司之負責人，得邦廣告股份有限公司（下稱得邦公司）則為新北市新店區北新路1段碧波白建案之代銷公司。王世平自通澤地產公司離職後因心存不滿，意圖散布於眾，基於加重誹謗之犯意，接續於附表一、二所示時間(起訴書附表一、二所載錯漏字部分皆逕予更正)，在不詳地點，以不詳設備連結網際網路，登入FACEBOOK社群網站（下稱臉書）後，以臉書帳號暱稱「王世平」、「Wang Josh」、「新莊副都心-短影音第一世平」臉書帳號，在不特定多數人得共見共聞之個人臉書頁面上，張貼如附表一、二所示之文章內容，足生損害於林松憲、得邦公司之名譽。,王世平犯散布文字誹謗罪，共貳罪，各處拘役貳拾日，如易科罰金，均以新臺幣壹仟元折算壹日。應執行拘役參拾日，如易科罰金，以新臺幣壹仟元折算壹日。,,https://judgment.judicial.gov.tw/FJUD/data.aspx?ty=JD&id=PCDM%2c115%2c%e6%98%93%2c846%2c20260915%2c1&ot=in
臺灣高等法院 高雄分院 115 年度 上易 字第 281 號刑事判決,115.09.11,妨害名譽,,,,,,未明確提取,"一、緣Ａ０１之父前與建商合建房屋，後出售部分房舍予Ａ０２，Ａ０２之房舍因此與Ａ０１住處車庫相鄰。嗣Ａ０１認上開房舍道路產權有疑，遂向Ａ０２提起拆屋還地之訴，Ａ０２則認Ａ０１無端興訟，亦檢舉Ａ０１佔用水利用地，二人嫌隙日深。詎Ａ０１因不滿Ａ０２之舉，竟意圖散布於眾，基於誹謗及公然侮辱之接續犯意，於附表所示時間，在屏東縣○○市○○路000巷00號前之不特定人或特定多數人可共見共聞場所，公開發表如附表所示客觀上足以貶抑Ａ０２名譽及社會評價之言論，足生損害於Ａ０２之人格及社會評價。
二、案經Ａ０２訴由臺灣屏東地方檢察署檢察官偵查起訴。",上訴駁回。,,https://judgment.judicial.gov.tw/FJUD/data.aspx?ty=JD&id=KSHM%2c115%2c%e4%b8%8a%e6%98%93%2c281%2c20260911%2c1&ot=in
臺灣臺北地方法院 115 年度 審附民 字第 2227 號刑事裁定,115.09.11,因妨害名譽案附帶民訴,,,,,,未明確提取,,,,https://judgment.judicial.gov.tw/FJUD/data.aspx?ty=JD&id=TPDM%2c115%2c%e5%af%a9%e9%99%84%e6%b0%91%2c2227%2c20260911%2c1&ot=in
臺灣臺中地方法院 115 年度 易 字第 980 號刑事判決,115.09.11,妨害名譽,,,,,,未明確提取,,本件公訴不受理。,,https://judgment.judicial.gov.tw/FJUD/data.aspx?ty=JD&id=TCDM%2c115%2c%e6%98%93%2c980%2c20260911%2c1&ot=in
臺灣臺北地方法院 115 年度 簡 字第 2431 號刑事判決,115.09.11,妨害名譽,,,,,,未明確提取,及,項立行犯散布文字誹謗罪，處罰金新臺幣伍仟元，如易服勞役，以新臺幣壹仟元折算壹日。,,https://judgment.judicial.gov.tw/FJUD/data.aspx?ty=JD&id=TPDM%2c115%2c%e7%b0%a1%2c2431%2c20260911%2c1&ot=in
臺灣花蓮地方法院 115 年度 易 字第 226 號刑事判決,115.09.11,妨害名譽,,,,,,未明確提取,,本件公訴不受理。,,https://judgment.judicial.gov.tw/FJUD/data.aspx?ty=JD&id=HLDM%2c115%2c%e6%98%93%2c226%2c20260911%2c1&ot=in
臺灣臺北地方法院 115 年度 審簡 字第 1843 號刑事判決,115.09.11,妨害名譽,,,,,,未明確提取,及,鄭育昀犯散布文字誹謗罪，處拘役伍拾日，如易科罰金，以新臺幣壹仟元折算壹日。,,https://judgment.judicial.gov.tw/FJUD/data.aspx?ty=JD&id=TPDM%2c115%2c%e5%af%a9%e7%b0%a1%2c1843%2c20260911%2c1&ot=in
臺灣高等法院 113 年度 上易 字第 1674 號刑事判決,115.09.10,妨害名譽,,,,,,蘇煥智,"應依證據認定之，無證據不得認定其犯罪事實；又不能證明被告犯罪者，應諭知被告無罪之判決，刑事訴訟法第154條第2項、第301條第1項分別定有明文。而事實之認定，應憑證據，如未發現相當證據或證據不足以證明，自不能以推測或擬制之方法，為裁判基礎。
三、公訴意旨認被告涉犯刑法第310條第2項之加重誹謗罪嫌，無非係以：被告於偵查中之供述、告訴人於偵查中之證述、臉書網站文章列印資料3份等為其主要論據。　　
四、訊據被告固不否認有於如附表所示時間以臉書公開貼文方式傳述上開事項，然堅詞否認有何加重誹謗犯行，並辯稱：我所寫的文章大致可以分三段，第一段是轉述民進黨立委前往祭拜之見聞，第二段是該名立委感嘆政治影響力...",上訴駁回。,,https://judgment.judicial.gov.tw/FJUD/data.aspx?ty=JD&id=TPHM%2c113%2c%e4%b8%8a%e6%98%93%2c1674%2c20260910%2c1&ot=in
臺灣新竹地方法院 115 年度 易 字第 845 號刑事判決,115.09.09,妨害名譽,,,,,,○○○ | ○○○ | 這男的跟本就是噁心的髒東西(嘔吐臉)(嘔吐臉),"壹、吳昀蓁基於公然侮辱之犯意，於民國114年7月24日23時30分許，在其位於新竹市○區○○街00號住處，透過手機連接網際網路登入社群媒體臉書，在不特定多數人得共見共聞之暱稱「○○○」所張貼附有Ａ０１照片之貼文下留言區，以暱稱「○○○」之帳號，發表「這男的跟本就是噁心的髒東西(嘔吐臉)(嘔吐臉)」等語侮辱謾罵Ａ０１，足以貶損Ａ０１之人格尊嚴及社會評價。
貳、案經Ａ０１訴由新竹縣政府警察局新埔分局報告臺灣新竹地方檢察署檢察官偵查起訴。",吳昀蓁犯公然侮辱罪，處拘役伍拾伍日，如易科罰金，以新臺幣壹仟元折算壹日。,,https://judgment.judicial.gov.tw/FJUD/data.aspx?ty=JD&id=SCDM%2c115%2c%e6%98%93%2c845%2c20260909%2c1&ot=in
臺灣高等法院 115 年度 聲再 字第 320 號刑事裁定,115.09.03,妨害名譽等,,,,,,惡害通知 | 聲請再審，由判決之原審法院管轄 | 判決在第三審確定者，對於該判決聲請再審，除以第三審法院之法官有第420第1項第5款情形為原因者外，應由第二審法院管轄之。 | 有罪之判決確定後，有左列情形之一者，為受判決人之利益，得聲請再審 | 不得上訴於第三審法院之案件，除前條規定外，其經第二審確定之有罪判決，如就足生影響於判決之重要證據漏未審酌者，亦得為受判決人之利益，聲請再審 | 有罪、無罪、免訴或不受理之判決確定後，有左列情形之一者，為受判決人之不利益，得聲請再審,"（即編號6、19、20）之貼文，均為第二篇貼文所發布的內容。但由前述4項證據資料，可知告訴人許純瑜於111年11月23日前已封鎖聲請人，無法閱覽聲請人於111年11月23日的貼文（即第二篇貼文），且聲請人認為已遭告訴人許純瑜刪除好友，亦將貼文的閱覽者限縮於臉書好友之間，於客觀或主觀上均未構成「惡害通知」的要件。是以，上述4項證據可得出有利於聲請人的結論，並關係犯罪成立的要件，可動搖原審判決認定，自應符合開啟再審的情況。
二、聲請人提起本件再審聲請符合法定程式：
　㈠刑事訴訟法第426條第1項、第3項規定：「聲請再審，由判決之原審法院管轄」、「判決在第三審確定者，對於該判決聲請再審，除以第三審法...",再審之聲請駁回。,,https://judgment.judicial.gov.tw/FJUD/data.aspx?ty=JD&id=TPHM%2c115%2c%e8%81%b2%e5%86%8d%2c320%2c20260903%2c1&ot=in
臺灣高等法院 臺中分院 115 年度 上易 字第 654 號刑事判決,115.09.03,妨害名譽,,,,,,Joe | 不能調查 | 無調查必要 | 被告身分 | 法院應立於客觀聽訟地位 | 具體數位識別線索 | 家裡有人請人了解相關法律……晚點會再拉個群 | Joe | Joe | 詐騙 | 吸金 | Joe | Joe | Joe | Joe | Joe | 被告,（「Joe」之真實身分）、調查方法（函詢Google等機關調取Gmail資料）、關聯性（攸關自訴合法性與實體審理）以及法院職權調查之必要（私人無權調取，亟需法院協助）。原審理應依證據調查程序審酌該聲請之關聯性與可行性，並依法以裁定准駁。然原審並未具體說明有何「不能調查」或「無調查必要」之情形，即逕於不受理判決中概括排除，顯與法定程序不符。況本案屬網路匿名妨害名譽事件，受限於平台規範與個資法規，一般私人客觀上無法先自行取得完整年籍資料始提起自訴。自訴人並非請求法院代行全面蒐證，而是針對已提出之具體帳號與調查途徑，請求法院為最低限度之查證，法院依職權函調平台紀錄，旨在釐清「被告身分」此一進入實體審...,上訴駁回。,,https://judgment.judicial.gov.tw/FJUD/data.aspx?ty=JD&id=TCHM%2c115%2c%e4%b8%8a%e6%98%93%2c654%2c20260903%2c1&ot=in
臺灣高等法院 115 年度 上易 字第 750 號刑事判決,115.09.03,妨害名譽,,,,,,毛孩時代 | PS BUBU Dog&Cat | 超級黑酵母 | 留言時間,一、盧胤勳為騰勢股份有限公司（下稱騰勢公司）董事而為該公司負責人，又騰勢公司於民國109年間成立「毛孩時代」品牌並販售含葡聚多醣成分之寵物保健食品，並為盧胤勳負責銷售，屬於提供商品從事交易之人；博恩能國際生醫股份有限公司（下稱博恩能公司）設有「PS BUBU Dog&Cat」品牌並販售含葡聚醣之寵物保健食品「超級黑酵母」，盧胤勳與博恩能公司間即具有公平交易法第4條之競爭關係。詎盧胤勳竟意圖散布於眾，基於散布文字誹謗及以網際網路散布流言妨害信用之犯意，接續於附表一、二「留言時間」欄所示時間，使用不詳手機以所申設之0000-000-000號門號連結網際網路，在附表一、二所示部落格留言不實內容（IP...,"原判決撤銷。
盧胤勳犯以網際網路散布流言妨害信用罪，處有期徒刑陸月，如易科罰金，以新臺幣壹仟元折算壹日。緩刑參年，緩刑期間付保護管束，並應於本判決確定之日起1年內應向檢察官指定之政府機關、政府機構、行政法人、社區或其他符合公益目的之機構或團體，提供40小時之義務勞務。",,https://judgment.judicial.gov.tw/FJUD/data.aspx?ty=JD&id=TPHM%2c115%2c%e4%b8%8a%e6%98%93%2c750%2c20260903%2c1&ot=in
臺灣高等法院 臺中分院 115 年度 上易 字第 441 號刑事判決,115.09.02,妨害名譽,,,,,,未明確提取,之積極證據，仍執前詞，指摘原審諭知無罪判決不當，為無,上訴駁回。,,https://judgment.judicial.gov.tw/FJUD/data.aspx?ty=JD&id=TCHM%2c115%2c%e4%b8%8a%e6%98%93%2c441%2c20260902%2c1&ot=in
臺灣高雄地方法院 115 年度 簡 字第 3249 號刑事判決,115.09.02,妨害名譽,,,,,,未明確提取,及,洪敏恩犯公然侮辱罪，科罰金新臺幣參仟元，如易服勞役，以新臺幣壹仟元折算壹日。,,https://judgment.judicial.gov.tw/FJUD/data.aspx?ty=JD&id=KSDM%2c115%2c%e7%b0%a1%2c3249%2c20260902%2c1&ot=in
臺灣臺北地方法院 115 年度 審簡 字第 1954 號刑事判決,115.09.02,妨害名譽,,,,,,未明確提取,及,陳宥菲犯散布文字誹謗罪，處拘役肆拾日，如易科罰金，以新臺幣壹仟元折算壹日。,,https://judgment.judicial.gov.tw/FJUD/data.aspx?ty=JD&id=TPDM%2c115%2c%e5%af%a9%e7%b0%a1%2c1954%2c20260902%2c1&ot=in
臺灣士林地方法院 114 年度 自 字第 1 號刑事判決,115.09.02,妨害名譽,,,,,,陳先生您好，我是蕭小姐的丈夫，您與她的line紀錄對已經造成她本人不舒服，若您持續進行，那我也會對貴單位舉報職場性騷擾 | 你們單位的均龍，目前已離婚，但持續對其他已婚同仁職場性騷擾，並且留言字樣已造成其它人員不舒服 | 意圖散布於眾 | 散布於眾 | 陳先生您好，我是蕭小姐的丈夫，您與她的line紀錄對已經造成她本人不舒服，若您持續進行，那我也會對貴單位舉報職場性騷擾 | 其他已婚同仁 | 同仁 | 其他已婚同仁 | 故意違反訴訟目的、逾越言詞辯論範圍之明顯惡意，或藉此場合故意傳述、指摘或散布不實文字或消息，藉以誹謗、貶損被害人名譽之不法意圖 | 已婚同仁 | 均龍,"應依證據認定之，無證據不得認定犯罪事實；不能證明被告犯罪者，應諭知無罪之判決，刑事訴訟法第154條第2項、第301條第1項分別定有明文。次按事實之認定，應憑證據，如未能發現相當證據，或證據不足以證明，自不能以推測或擬制之方法，以為裁判基礎（最高法院40年度台上字第86號判決參照）。
三、自訴意旨認被告2人均涉有誹謗罪嫌，無非係以紙條照片、被告蕭雅文與自訴人往來照片、農業部113年4月25日首長信箱來函、水產試驗所113年7月8日農水試人字第1133935274號開會通知單、基隆市政府113年10月17日基府社工貳密字第1130249307B函及所附基隆市政府性騷擾事件申訴審查決議書、113年4...",鄭時彥、蕭雅文均無罪。,,https://judgment.judicial.gov.tw/FJUD/data.aspx?ty=JD&id=SLDM%2c114%2c%e8%87%aa%2c1%2c20260902%2c1&ot=in
臺灣高等法院 高雄分院 115 年度 上易 字第 357 號刑事判決,115.09.01,妨害名譽,,,,,,未明確提取,"一、夏美玉居住於高雄市○鎮區○○街00巷00弄00號（下稱系爭住宅），與羅翊菲為鄰居關係，雙方因代繳水塔清潔費之事有所爭執，夏美玉於下列時地，見羅翊菲登門討要水塔清潔費，竟分別為下列行為：
　㈠基於意圖散布於眾之誹謗犯意及公然侮辱犯意，於民國113年6月24日17時許，在公眾得出入之系爭住宅外巷道及不特定多數人得共見共聞之系爭住宅騎樓處，以附表編號1-1所示言語指摘羅翊菲、編號1-2所示言語辱罵羅翊菲，足以貶損羅翊菲名譽及社會評價。
　㈡基於公然侮辱犯意，於113年9月5日13時許，在不特定多數人得共見共聞之系爭住宅騎樓處，以附表編號2所示言語辱罵羅翊菲，足以貶損羅翊菲名譽及社會評價。　
二、...","原判決關於附表編號1所示部分暨定應執行刑部分，均撤銷。
夏美玉犯如附表編號1「本院主文」欄所示之罪，處如該編號「本院主文」欄所示之刑。
其他上訴駁回。",,https://judgment.judicial.gov.tw/FJUD/data.aspx?ty=JD&id=KSHM%2c115%2c%e4%b8%8a%e6%98%93%2c357%2c20260901%2c1&ot=in
臺灣彰化地方法院 115 年度 簡 字第 1445 號刑事判決,115.09.01,妨害名譽,,,,,,未明確提取,及,謝瓊莉犯公然侮辱罪，處罰金新臺幣參仟元，如易服勞役，以新臺幣壹仟元折算壹日。,,https://judgment.judicial.gov.tw/FJUD/data.aspx?ty=JD&id=CHDM%2c115%2c%e7%b0%a1%2c1445%2c20260901%2c1&ot=in
臺灣高雄地方法院 115 年度 簡 字第 3337 號刑事判決,115.09.01,妨害名譽等,,,,,,未明確提取,及,Ａ０２犯散布文字誹謗罪，處拘役伍拾日，如易科罰金，以新臺幣壹仟元折算壹日。,,https://judgment.judicial.gov.tw/FJUD/data.aspx?ty=JD&id=KSDM%2c115%2c%e7%b0%a1%2c3337%2c20260901%2c1&ot=in
臺灣屏東地方法院 113 年度 易 字第 77 號刑事判決,115.09.01,妨害名譽,,,,,,對於所誹謗之事，能證明其為真實者，不罰 | 言論真實性 | 言論真實性 | 言論真實性 | 言論真實性,應依證據認定之，無證據不得認定犯罪事實；不能證明被告犯罪者應諭知無罪之判決，刑事訴訟法第154條第2項、第301條第1項分別定有明文。再認定不利於被告之事實，須依積極證據，苟積極證據不足為不利於被告事實之認定時，即應為有利於被告之認定，更不必有何有利之證據。而認定犯罪事實所憑之證據，雖不以直接證據為限，間接證據亦包括在內；然而無論直接或間接證據，其為訴訟上之證明，須於通常一般之人均不致有所懷疑，而得確信其為真實之程度者，始得據為有罪之認定，倘其證明尚未達到此一程度，而有合理之懷疑存在，致無從為有罪之確信時，即應為無罪之判決（最高法院76年台上字第4986號判例、82年度台上字第163號判決意旨...,Ａ０２無罪。,,https://judgment.judicial.gov.tw/FJUD/data.aspx?ty=JD&id=PTDM%2c113%2c%e6%98%93%2c77%2c20260901%2c2&ot=in
臺灣高等法院 臺南分院 115 年度 上易 字第 506 號刑事判決,115.08.31,妨害名譽,,,,,,斗六人社交圈 | 斗六人社交圈 | 價錢高像傳播？ | 只有臉書私訊沒有電話號碼地址會不會是詐騙集團？ | 斗六人社交圈 | 價錢高像傳播？ | 只有臉書私訊沒有電話號碼地址會不會是詐騙集團？ | 斗六人社交圈 | 名譽 | 真實社會名譽 | 名譽人格（自然人） | 名譽感情 | 依個案之表意脈絡 | 故意公然貶損他人名譽 | 對他人名譽之影響已逾一般人合理忍受範圍,應依證據認定之，無證據不得認定犯罪事實；不能證明被告犯罪者，應諭知無罪之判決，刑事訴訟法第154條第2項、第301條第1項分別定有明文。次按，事實之認定，應憑證據，如未能發現相當證據，或證據不足以證明，自不能以推測或擬制之方法，為裁判基礎；且認定不利於被告之事實須依積極證據，苟積極證據不足為不利於被告事實之認定時，即應為有利於被告之認定；另認定犯罪事實所憑之證據，雖不以直接證據為限，間接證據亦包括在內，然無論直接證據或間接證據，其為訴訟上之證明，須於通常一般之人均不致有所懷疑，而得確信其為真實之程度者，始得據之為有罪之認定，倘其證明尚未達到此一程度，而有合理之懷疑存在，無從使事實審法院得有罪之...,上訴駁回。,,https://judgment.judicial.gov.tw/FJUD/data.aspx?ty=JD&id=TNHM%2c115%2c%e4%b8%8a%e6%98%93%2c506%2c20260831%2c1&ot=in
臺灣臺中地方法院 115 年度 審易 字第 2714 號刑事判決,115.08.31,妨害名譽,,,,,,未明確提取,,本件公訴不受理。,,https://judgment.judicial.gov.tw/FJUD/data.aspx?ty=JD&id=TCDM%2c115%2c%e5%af%a9%e6%98%93%2c2714%2c20260831%2c1&ot=in
臺灣彰化地方法院 115 年度 簡 字第 2343 號刑事判決,115.08.31,妨害名譽,,,,,,未明確提取,及,"蕭依珍犯散布文字誹謗罪，處拘役20日，如易科罰金，以新臺幣1,000元折算1日。",,https://judgment.judicial.gov.tw/FJUD/data.aspx?ty=JD&id=CHDM%2c115%2c%e7%b0%a1%2c2343%2c20260831%2c1&ot=in
臺灣臺北地方法院 115 年度 簡 字第 2065 號刑事判決,115.08.31,妨害名譽,,,,,,未明確提取,及,金軒宇犯公然侮辱罪，處罰金伍仟元，如易服勞役，以新臺幣壹仟元折算壹日。,,https://judgment.judicial.gov.tw/FJUD/data.aspx?ty=JD&id=TPDM%2c115%2c%e7%b0%a1%2c2065%2c20260831%2c1&ot=in
臺灣屏東地方法院 115 年度 簡 字第 1478 號刑事判決,115.08.31,妨害名譽,,,,,,未明確提取,及,何小萍犯誹謗罪，處拘役伍拾日，如易科罰金，以新臺幣壹仟元折算壹日。,,https://judgment.judicial.gov.tw/FJUD/data.aspx?ty=JD&id=PTDM%2c115%2c%e7%b0%a1%2c1478%2c20260831%2c1&ot=in
臺灣宜蘭地方法院 115 年度 簡 字第 670 號刑事判決,115.08.31,妨害名譽,,,,,,未明確提取,及,DEWI PUSPITA犯散布文字、圖畫誹謗罪，處拘役肆拾日，如易科罰金，以新臺幣壹仟元折算壹日。,,https://judgment.judicial.gov.tw/FJUD/data.aspx?ty=JD&id=ILDM%2c115%2c%e7%b0%a1%2c670%2c20260831%2c1&ot=in
臺灣臺北地方法院 115 年度 審易 字第 2120 號刑事判決,115.08.31,妨害名譽,,,,,,未明確提取,,本件公訴不受理。,,https://judgment.judicial.gov.tw/FJUD/data.aspx?ty=JD&id=TPDM%2c115%2c%e5%af%a9%e6%98%93%2c2120%2c20260831%2c1&ot=in
臺灣雲林地方法院 115 年度 簡 字第 291 號刑事判決,115.08.31,妨害名譽,,,,,,未明確提取,及,"許富美犯加重誹謗罪，處拘役5日，如易科罰金，以新臺幣1,000元折算1日。",,https://judgment.judicial.gov.tw/FJUD/data.aspx?ty=JD&id=ULDM%2c115%2c%e7%b0%a1%2c291%2c20260831%2c1&ot=in
臺灣臺中地方法院 115 年度 中簡 字第 1414 號刑事判決,115.08.31,妨害名譽,,,,,,未明確提取,及,呂瑀葳犯散布文字誹謗罪，處拘役肆拾伍日，如易科罰金，以新臺幣壹仟元折算壹日。,,https://judgment.judicial.gov.tw/FJUD/data.aspx?ty=JD&id=TCDM%2c115%2c%e4%b8%ad%e7%b0%a1%2c1414%2c20260831%2c1&ot=in
臺灣高等法院 高雄分院 115 年度 上易 字第 246 號刑事判決,115.08.28,妨害名譽,,,,,,幹你娘機掰（臺語） | 幹你娘機掰（臺語） | 幹你娘 | 幹你娘機掰，怎麼開車的啦！（臺語） | 來呀！你再𧮙來呀！嘿呀，你再𧮙呀！（臺語） | 幹你娘機掰咧！（臺語） | 來，你再𧮙來呀！嘿呀！ | 我有行車紀錄器啊，你在那邊𧮙我兩次，現在這裡又𧮙我兩次！我看你要賠多少錢啦！來啊，再𧮙呀！來，還不大聲一點！我等下順便幫你PO爆料公社，讓你紅一點。（臺語） | 最好是連行車紀錄器都PO上去啦！（臺語） | 有啦！有啦！不用擔心！（臺語） | 你不敢PO嘿！ | 啊不再𧮙下去，大聲一點！（臺語） | 幹你娘機掰。（臺語） | 嘿，大聲一點，大聲一點。（臺語） | 幹你娘機掰（臺語） | 幹你娘機掰（臺語）,應依證據認定之，無證據不得認定犯罪事實；又不能證明被告犯罪者應諭知無罪之判決，刑事訴訟法第154條第2項、第301條第1項分別定有明文。次按刑法第309條第1項所處罰之公然侮辱行為，係指依個案之表意脈絡，表意人公然貶損他人名譽之言論，已逾越一般人可合理忍受之範圍；而語言文字等意見表達是否構成侮辱，不得僅因該語言文字本身用語負面、粗鄙即認定之，而應就其表意脈絡整體觀察評價，除應參照其前後語言、文句情境及其文化脈絡予以理解外，亦應考量表意人之個人條件（如年齡、性別、教育、職業、社會地位等）、被害人之處境（如被害人是否屬於結構性弱勢群體之成員等）、表意人與被害人之關係及事件情狀（如無端謾罵、涉及私人...,上訴駁回。,,https://judgment.judicial.gov.tw/FJUD/data.aspx?ty=JD&id=KSHM%2c115%2c%e4%b8%8a%e6%98%93%2c246%2c20260828%2c1&ot=in
臺灣高等法院 115 年度 抗 字第 1561 號刑事裁定,115.08.28,妨害名譽,,,,,,有罪判決之高度可能 | 得為有罪判決之高度可能性 | 實體審理 | 誣告 | 亂告 | 意見表達 | 事實陳述 | 忍受 | 誣告 | 亂告 | 真實惡意 | FACEBOOK | 誣告 | 誣告 | 真實惡意 | 誣告 | 亂告 | 誣告 | 亂告,，應負舉證責任，並指出證明之方法，此觀刑事訴訟法第161條第1項即明，該規定於自訴程序之自訴人同有其適用，且在自訴程序，法院如認案件有同法第252條至第254條情形，自得逕依同法第326條第3項規定，以裁定駁回自訴，無須先裁定通知命自訴人補正（最高法院91年度第4次刑事庭會議決議意旨足資參照）。此乃因遭提起公訴或自訴之對象，無論事實上或法律上，在精神、時間、經濟、家庭等各層面均承受極大負擔，故必有確實、高度之犯罪嫌疑，始允提起公訴或自訴，易言之，提起公訴或自訴應以「有罪判決之高度可能」為要件，此與開始偵查之單純嫌疑（刑事訴訟法第228條第1項）及有罪判決之毫無合理懷疑之確信（刑事訴訟法第299...,抗告駁回。,,https://judgment.judicial.gov.tw/FJUD/data.aspx?ty=JD&id=TPHM%2c115%2c%e6%8a%97%2c1561%2c20260828%2c1&ot=in
臺灣臺北地方法院 115 年度 附民 字第 786 號刑事裁定,115.08.28,因妨害名譽案附帶民訴,,,,,,未明確提取,,,,https://judgment.judicial.gov.tw/FJUD/data.aspx?ty=JD&id=TPDM%2c115%2c%e9%99%84%e6%b0%91%2c786%2c20260828%2c1&ot=in
臺灣臺北地方法院 115 年度 附民 字第 783 號刑事裁定,115.08.28,因妨害名譽案附帶民訴,,,,,,未明確提取,,,,https://judgment.judicial.gov.tw/FJUD/data.aspx?ty=JD&id=TPDM%2c115%2c%e9%99%84%e6%b0%91%2c783%2c20260828%2c1&ot=in
臺灣南投地方法院 115 年度 投簡附民 字第 54 號刑事裁定,115.08.28,因妨害名譽案提起附帶民事訴訟,,,,,,未明確提取,,,,https://judgment.judicial.gov.tw/FJUD/data.aspx?ty=JD&id=NTDM%2c115%2c%e6%8a%95%e7%b0%a1%e9%99%84%e6%b0%91%2c54%2c20260828%2c1&ot=in
臺灣宜蘭地方法院 115 年度 易 字第 321 號刑事判決,115.08.28,妨害名譽,,,,,,未明確提取,,本件公訴不受理。,,https://judgment.judicial.gov.tw/FJUD/data.aspx?ty=JD&id=ILDM%2c115%2c%e6%98%93%2c321%2c20260828%2c1&ot=in
臺灣臺北地方法院 115 年度 審易 字第 1754 號刑事判決,115.08.28,妨害名譽,,,,,,未明確提取,,本件公訴不受理。,,https://judgment.judicial.gov.tw/FJUD/data.aspx?ty=JD&id=TPDM%2c115%2c%e5%af%a9%e6%98%93%2c1754%2c20260828%2c1&ot=in
臺灣南投地方法院 115 年度 投簡 字第 408 號刑事判決,115.08.28,妨害名譽,,,,,,未明確提取,及,Ａ０４犯公然侮辱罪，處罰金新臺幣2000元，罰金如易服勞役，以新臺幣1000元折算1日。,,https://judgment.judicial.gov.tw/FJUD/data.aspx?ty=JD&id=NTDM%2c115%2c%e6%8a%95%e7%b0%a1%2c408%2c20260828%2c1&ot=in
臺灣臺北地方法院 115 年度 易 字第 635 號刑事判決,115.08.28,妨害名譽,,,,,,所以這個一連串這個都是他們當詐騙集團 | 這個又不同的客兄，這個是不同的客兄。 | 這個是不同的客兄。 | 不同男人哦，又不同的男人，哇，那新聞很精彩耶，哇！本人也有，然後霸佔的人也被你們拍到。 | 很精彩，你們有拍到她還有開門哩，她還有客兄在裡面。 | 客兄,林茂樹係台大華廈社區之管理委員會主任委員，而那耀南將位於台大華廈社區【即址設臺北市○○區○○○路0段000巷00弄0號1樓之房屋（下稱本案房屋）】無償借予趙民瀕居住，嗣趙民瀕與那耀南因本案房屋之居住權產生糾紛，林茂樹知悉上情，竟意圖散布於眾，基於誹謗之犯意，於民國114年11月24日上午9時40分許，趁記者至本案房屋門口欲採訪趙民瀕之際，對在場之數名記者指稱趙民瀕占用本案房屋地下室及雙方後續所衍生之爭執、傷害事宜，再以「所以這個一連串這個都是他們當詐騙集團」等語指謫趙民瀕，復待現場記者欲採訪趙民瀕時，林茂樹見趙民瀕友人王鴻隆出面協助答覆之際，當場大喊指摘「這個又不同的客兄，這個是不同的客兄。」...,林茂樹犯誹謗罪，處拘役伍拾伍日，如易科罰金，以新臺幣壹仟元折算壹日。,,https://judgment.judicial.gov.tw/FJUD/data.aspx?ty=JD&id=TPDM%2c115%2c%e6%98%93%2c635%2c20260828%2c1&ot=in
臺灣高等法院 115 年度 上易 字第 1219 號刑事判決,115.08.27,妨害名譽,,,,,,松進A班船邊組 | 339、0828、989、0508操你媽，是把我當很軟嗎，很好欺負是不是，我隨時等 | 操你媽 | 別以為契約車很大，在我眼裡不給你們工作，你們什麼都不是 | （上開言論） | （上開言論） | （回覆他人）兄弟，你挺我知道，這是我們公司的事情，你不要介入 | 告訴人：請問阿忠我0508哪裡得罪你了？在公開的群組上你這樣子謾罵 | 你們平時只做欣泰的工作，我們松進櫃子不多，我就因為欣泰當時沒櫃子，而我我們剛好有櫃子出，操你媽的，你究竟在跟我說什麼廢話 | 告訴人：請問阿忠你今天在這個公開群組上公然指責謾罵我們，是松進公司給你這個權利嗎？ | 你是在靠背啥小，不然我們約出來講清楚 | 哪裡你現在說啊 | （黃俊誠松進經理已將告訴人退出群組。） | 你算殺小，欣泰都要封殺妳 | 副總，謝謝你，因為職場上我忍氣吞聲很多 | 操你媽,應依證據認定之，無證據不得認定犯罪事實。不能證明被告犯罪者，應諭知無罪之判決，刑事訴訟法第154條第2項、第301條第1項分別定有明文。刑法第309條第1項所處罰之公然侮辱行為，係指依個案之表意脈絡，表意人公然貶損他人名譽之言論，已逾越一般人可合理忍受之範圍。而語言文字等意見表達是否構成侮辱，不得僅因該語言文字本身用語負面、粗鄙即認定之，而應就其表意脈絡整體觀察評價，除應參照其前後語言、文句情境及其文化脈絡予以理解外，亦應考量表意人之個人條件（如年齡、性別、教育、職業、社會地位等）、被害人之處境（如被害人是否屬於結構性弱勢群體之成員等）、表意人與被害人之關係及事件情狀（如無端謾罵、涉及私人恩怨...,上訴駁回。,,https://judgment.judicial.gov.tw/FJUD/data.aspx?ty=JD&id=TPHM%2c115%2c%e4%b8%8a%e6%98%93%2c1219%2c20260827%2c1&ot=in
臺灣高等法院 高雄分院 115 年度 上易 字第 240 號刑事判決,115.08.27,妨害名譽,,,,,,楊茶王 | 衣冠禽獸 | 為富不仁 | 有小三 | 聽說你還擅長賣大陸琴撕掉標籤當義大利琴詐騙家長,"一、Ａ０１自民國109年8月1日起聘請Ａ０２擔任其長子小提琴家教老師，於111年4至8月間因向Ａ０２購買小提琴及大提琴弓（下稱系爭琴弓）乙事，認系爭琴弓真偽有疑且欠缺國際認證之證書，產生買賣糾紛，Ａ０１心生不滿，竟意圖散布於眾，基於散布文字誹謗及公然侮辱之犯意，於附表所示時間，在不詳地點，以不詳設備連結網際網路後，以其所有社群軟體臉書帳號「楊茶王」接續發表如附表所示內容貼文，指摘Ａ０２「衣冠禽獸」、「為富不仁」且「有小三」、「聽說你還擅長賣大陸琴撕掉標籤當義大利琴詐騙家長」等語，使Ａ０１臉書好友至少337人得以見聞，以此方式指摘、傳述足以貶損Ａ０２名譽之事。
二、案經Ａ０２訴由臺灣屏東地方檢察...","原判決撤銷。
Ａ０１犯散布文字誹謗罪，處拘役參拾日，如易科罰金，以新臺幣壹仟元折算壹日。",,https://judgment.judicial.gov.tw/FJUD/data.aspx?ty=JD&id=KSHM%2c115%2c%e4%b8%8a%e6%98%93%2c240%2c20260827%2c1&ot=in
臺灣高雄地方法院 115 年度 簡 字第 2946 號刑事判決,115.08.27,妨害名譽,,,,,,未明確提取,及,莊晉銘犯公然侮辱罪，科罰金新臺幣貳仟元，如易服勞役，以新臺幣壹仟元折算壹日。,,https://judgment.judicial.gov.tw/FJUD/data.aspx?ty=JD&id=KSDM%2c115%2c%e7%b0%a1%2c2946%2c20260827%2c1&ot=in
臺灣士林地方法院 115 年度 易 字第 479 號刑事判決,115.08.27,妨害名譽,,,,,,謝X川 | 劉X豐旭 | 精品雞排北新店,一、張逸然前與謝銘川、劉謝豐旭合夥經營雞排店，因財務糾紛而拆夥，張逸然因而心生不滿，竟意圖散布於眾，基於誹謗之犯意，於民國114年1月16日前某日製作內容含有如附表所示不實文字內容、並加註「謝X川」、「劉X豐旭」及遮掩謝銘川眼睛部位照片之傳單（下稱本案傳單）等涉於私德而與公共利益無關之語，再接續於附表編號1至3、5、7所示之時間，將本案傳單張貼在謝銘川、劉謝豐旭所經營位在新北市○○區○○路000巷0號「精品雞排北新店」門口、附近巷內及謝銘川與劉謝豐旭住處附近之騎樓處，並分別與陳祥瑜、真實姓名年籍不詳、騎乘車牌號碼000-000號普通重型機車之成年人（下稱某甲）基於前開犯意聯絡，於附表編號4、6...,"張逸然共同犯散布文字、圖畫誹謗罪，處拘役參拾日，如易科罰金，以新臺幣壹仟元折算壹日。
陳祥瑜共同犯散布文字、圖畫誹謗罪，處拘役伍日，如易科罰金，以新臺幣壹仟元折算壹日。",,https://judgment.judicial.gov.tw/FJUD/data.aspx?ty=JD&id=SLDM%2c115%2c%e6%98%93%2c479%2c20260827%2c1&ot=in
臺灣新北地方法院 115 年度 附民 字第 1469 號刑事裁定,115.08.26,妨害名譽,,,,,,未明確提取,,,,https://judgment.judicial.gov.tw/FJUD/data.aspx?ty=JD&id=PCDM%2c115%2c%e9%99%84%e6%b0%91%2c1469%2c20260826%2c1&ot=in
臺灣臺北地方法院 115 年度 附民 字第 558 號刑事判決,115.08.26,因妨害名譽案附帶民訴,,,,,,未明確提取,及,原告之訴及假執行之聲請均駁回。,,https://judgment.judicial.gov.tw/FJUD/data.aspx?ty=JD&id=TPDM%2c115%2c%e9%99%84%e6%b0%91%2c558%2c20260826%2c1&ot=in
臺灣臺北地方法院 115 年度 審易 字第 1387 號刑事判決,115.08.26,妨害名譽,,,,,,未明確提取,,本件公訴不受理。,,https://judgment.judicial.gov.tw/FJUD/data.aspx?ty=JD&id=TPDM%2c115%2c%e5%af%a9%e6%98%93%2c1387%2c20260826%2c1&ot=in
臺灣臺中地方法院 114 年度 中簡 字第 3021 號刑事判決,115.08.26,妨害名譽,,,,,,未明確提取,及,Ａ０３犯公然侮辱罪，處罰金新臺幣伍仟元，如易服勞役，以新臺幣壹仟元折算壹日。,,https://judgment.judicial.gov.tw/FJUD/data.aspx?ty=JD&id=TCDM%2c114%2c%e4%b8%ad%e7%b0%a1%2c3021%2c20260826%2c1&ot=in
臺灣臺北地方法院 115 年度 易 字第 452 號刑事判決,115.08.26,妨害名譽,,,,,,黃小姐 | 黃小姐 | 黃小姐 | 黃小姐 | 黃小姐 | 黃小姐 | JIN | 黃小姐 | JIN | 0000000000 | JIN | JIN | 黃小姐 | JIN | 然後就找了這個許淑華辦公室的黃小姐 | 然後找了靜安會來處理這件事情 | 黃小姐 | 靜安會 | 黃小姐 | 靜安會,應依證據認定之，無證據不得認定犯罪事實；不能證明被告犯罪或其行為不罰者，應諭知無罪之判決，刑事訴訟法第154條第2項、第301條第1項分別定有明文。又認定不利於被告之事實，須依積極證據，苟積極證據不足為不利於被告事實之認定時，即應為有利被告之認定，更不必有何有利之證據，復有最高法院30年上字第816號判決先例可資參考。另事實之認定，應憑證據，如未能發現相當證據，或證據不足以證明，自不能以推測或擬制之方法，為裁判基礎；認定犯罪事實，所憑之證據，雖不以直接證據為限，間接證據亦包括在內，然無論直接或間接證據，其為訴訟上之證明，須於通常一般之人均不致於有所懷疑，而得確信其為真實之程度者，始得據之為有罪...,蔡佩君無罪。,,https://judgment.judicial.gov.tw/FJUD/data.aspx?ty=JD&id=TPDM%2c115%2c%e6%98%93%2c452%2c20260826%2c1&ot=in
臺灣新北地方法院 115 年度 易 字第 1118 號刑事判決,115.08.26,妨害名譽,,,,,,未明確提取,翁子涵為蔡杰恩之胞妹蔡雱婷之友人，緣蔡雱婷因醫療事故於民國114年5月25日至國立臺灣大學醫學院（下稱臺大醫院）急診就治，翁子涵因不滿蔡杰恩及其母為蔡雱婷所為之醫療決定，竟意圖散布於眾，基於散布文字誹謗之犯意，於民國114年5月30日起至同年6月13日前某日，登入如附表所示之社群媒體，以如附表所示之公開帳號，接續發布如附表所示之文字內容之限時動態，意指蔡杰恩貪圖蔡雱婷之財產、賠償金而放棄治療云云，指摘傳述足以毀損蔡杰恩名譽之事。,翁子涵犯散布文字誹謗罪，處有期徒刑肆月，如易科罰金，以新臺幣壹仟元折算壹日。,,https://judgment.judicial.gov.tw/FJUD/data.aspx?ty=JD&id=PCDM%2c115%2c%e6%98%93%2c1118%2c20260826%2c1&ot=in
臺灣基隆地方法院 114 年度 易 字第 822 號刑事判決,115.08.26,妨害名譽,,,,,,未明確提取,黃地養意圖散布於眾，基於誹謗之犯意，於民國114年4月27日15時54分許，在不特定多數人均得共見共聞之基隆市信義區信一路與中興路交岔路口之玉兔橋上，大聲發表吳盛義做賊、小偷，行竊盜行為、闖空門，只是沒抓到而已，有竊盜前科，林北已經抓到你了等語之不實言論，足以毀損吳盛義之名譽、人格及社會評價。,黃地養犯誹謗罪，處有期徒刑肆月，如易科罰金，以新臺幣壹仟元折算壹日。,,https://judgment.judicial.gov.tw/FJUD/data.aspx?ty=JD&id=KLDM%2c114%2c%e6%98%93%2c822%2c20260826%2c1&ot=in
臺灣臺北地方法院 115 年度 易 字第 86 號刑事判決,115.08.26,妨害名譽,,,,,,綠茶婊就是形容你這種人，把自己裝無辜，什麼事都沒做，是別人誤會她 | 來！以下開放留言，請問是綠茶婊有問題還是我有問題？？歡迎賜教，本人從不會拿我老公手機回覆訊息！你真的是第一個 | 一個當婊子還要立牌坊的故事 | 每天要說自己感情史，還要傳小孩的照片和影片，到底有何用意？ | 不斷的硬要傳自己小孩照片聊自己感情史？？ | 婊子都喜歡把自己表現的很可憐，在討拍嗎？ | 到底多缺男友啊？這裏直接幫妳徵！！76年次、兩個小孩、離婚兩次，第三次沒辦登記，誰喜歡誰來跟我要她資料。 | 問了人家老婆會不會自己顧，然後搶著要去醫院看別人老公？自己老爸外勞顧？？,林若蘋意圖散布於眾，於民國114年6月23日上午7時許至同年6月24日凌晨1時31分之間某時，在其社交軟體Facebook帳號朋友可查看、留言及回覆私人訊息討論之限時動態，張貼其與朱采芸之通訊軟體LINE對話紀錄截圖、其配偶林凱宸與朱采芸之LINE對話截圖，並在上開對話紀錄截圖上加註「綠茶婊就是形容你這種人，把自己裝無辜，什麼事都沒做，是別人誤會她」、「來！以下開放留言，請問是綠茶婊有問題還是我有問題？？歡迎賜教，本人從不會拿我老公手機回覆訊息！你真的是第一個」、「一個當婊子還要立牌坊的故事」、「每天要說自己感情史，還要傳小孩的照片和影片，到底有何用意？」、「不斷的硬要傳自己小孩照片聊自己感情...,林若蘋犯散布文字誹謗罪，處罰金新臺幣伍仟元，如易服勞役，以新臺幣壹仟元折算壹日。,,https://judgment.judicial.gov.tw/FJUD/data.aspx?ty=JD&id=TPDM%2c115%2c%e6%98%93%2c86%2c20260826%2c1&ot=in
臺灣高等法院 花蓮分院 114 年度 上易 字第 108 號刑事裁定,115.08.25,妨害名譽,,,,,,未明確提取,,,,https://judgment.judicial.gov.tw/FJUD/data.aspx?ty=JD&id=HLHM%2c114%2c%e4%b8%8a%e6%98%93%2c108%2c20260825%2c1&ot=in
臺灣高等法院 115 年度 上易 字第 1071 號刑事判決,115.08.25,妨害名譽,,,,,,名譽 | 真實社會名譽 | 名譽人格（自然人） | 名譽感情 | 依個案之表意脈絡 | 故意公然貶損他人名譽 | 對他人名譽之影響已逾一般人合理忍受範圍 | 辱罵 | 打掃工具置放問題而發生爭執 | 打掃工具置放問題,"，尚屬無法證明，自難憑採。
　㈡次按刑法第309條第1項之公然侮辱罪，係事後以刑罰追懲侮辱性言論之規定，惟侮辱性言論涉及個人價值立場表達之言論自由保障核心，亦可能同具高價值言論之性質，或具表現自我功能，並不因其冒犯性即當然不受憲法言論自由之保障，其規範文義、可及範圍與適用結果涵蓋過廣，應依刑法最後手段性原則，確認其合憲之立法目的，並由法院於具體個案適用該規定時，權衡侮辱性言論與名譽權而適度限縮。本此，該規定所處罰之侮辱性言論，指依個案之表意脈絡，表意人故意發表公然貶損他人名譽之言論，已逾越一般人可合理忍受之範圍；經權衡該言論對他人名譽權之影響，及該言論依其表意脈絡是否有益於公共事務之思辯，或屬...",上訴駁回。,,https://judgment.judicial.gov.tw/FJUD/data.aspx?ty=JD&id=TPHM%2c115%2c%e4%b8%8a%e6%98%93%2c1071%2c20260825%2c1&ot=in
臺灣臺北地方法院 115 年度 附民 字第 716 號刑事裁定,115.08.25,因妨害名譽案附帶民訴,,,,,,未明確提取,,,,https://judgment.judicial.gov.tw/FJUD/data.aspx?ty=JD&id=TPDM%2c115%2c%e9%99%84%e6%b0%91%2c716%2c20260825%2c1&ot=in
臺灣屏東地方法院 115 年度 簡 字第 1012 號刑事判決,115.08.25,妨害名譽,,,,,,未明確提取,及,Ａ０１犯散布文字誹謗罪，處拘役肆拾日，如易科罰金，以新臺幣壹仟元折算壹日。,,https://judgment.judicial.gov.tw/FJUD/data.aspx?ty=JD&id=PTDM%2c115%2c%e7%b0%a1%2c1012%2c20260825%2c1&ot=in
臺灣臺中地方法院 115 年度 中簡 字第 772 號刑事判決,115.08.25,妨害名譽等,,,,,,未明確提取,及,AB000-K114102A犯散布文字誹謗罪，處有期徒刑肆月，如易科罰金，以新臺幣壹仟元折算壹日。,,https://judgment.judicial.gov.tw/FJUD/data.aspx?ty=JD&id=TCDM%2c115%2c%e4%b8%ad%e7%b0%a1%2c772%2c20260825%2c1&ot=in
臺灣臺北地方法院 115 年度 易 字第 519 號刑事判決,115.08.25,妨害名譽,,,,,,000 0000,蔡明憲與李芝瑩前為朋友關係，因不滿李芝瑩缺席其為李芝瑩安排之講座活動，竟意圖散布於眾，基於加重誹謗之犯意，於附表所示之時間，透過網際網路登入臉書社群網站，以暱稱「000 0000」之帳號，在特定多數人均得瀏覽之臉書個人頁面發表如附表編號1所示文字，並在附表編號1所示文字下方留言處回覆如附表編號2所示文字，指摘李芝瑩拿錢不辦事、沒有誠信，足以貶抑李芝瑩之名譽及人格評價。嗣瀏覽該臉書頁面附表編號1、2留言之人截圖並詢問0000工作室之人，李芝瑩方輾轉得知。,蔡明憲犯散布文字誹謗罪，處拘役伍拾日，如易科罰金，以新臺幣壹仟元折算壹日。,,https://judgment.judicial.gov.tw/FJUD/data.aspx?ty=JD&id=TPDM%2c115%2c%e6%98%93%2c519%2c20260825%2c1&ot=in
臺灣高等法院 115 年度 聲再 字第 109 號刑事裁定,115.08.24,妨害名譽等,,,,,,未明確提取,,抗告駁回。,,https://judgment.judicial.gov.tw/FJUD/data.aspx?ty=JD&id=TPHM%2c115%2c%e8%81%b2%e5%86%8d%2c109%2c20260824%2c3&ot=in
臺灣宜蘭地方法院 115 年度 易 字第 371 號刑事判決,115.08.24,妨害名譽,,,,,,未明確提取,,本件公訴不受理。,,https://judgment.judicial.gov.tw/FJUD/data.aspx?ty=JD&id=ILDM%2c115%2c%e6%98%93%2c371%2c20260824%2c1&ot=in
臺灣臺中地方法院 115 年度 中簡 字第 2263 號刑事判決,115.08.24,妨害名譽,,,,,,未明確提取,及,Ａ０３犯公然侮辱罪，處拘役貳拾日，如易科罰金，以新臺幣壹仟元折算壹日。,,https://judgment.judicial.gov.tw/FJUD/data.aspx?ty=JD&id=TCDM%2c115%2c%e4%b8%ad%e7%b0%a1%2c2263%2c20260824%2c1&ot=in
臺灣臺北地方法院 115 年度 附民 字第 767 號刑事判決,115.08.21,因妨害名譽案附帶民訴,,,,,,未明確提取,及,原告之訴駁回。,,https://judgment.judicial.gov.tw/FJUD/data.aspx?ty=JD&id=TPDM%2c115%2c%e9%99%84%e6%b0%91%2c767%2c20260821%2c1&ot=in
臺灣臺北地方法院 115 年度 附民 字第 661 號刑事判決,115.08.21,因妨害名譽案附帶民訴,,,,,,未明確提取,及,原告之訴駁回。,,https://judgment.judicial.gov.tw/FJUD/data.aspx?ty=JD&id=TPDM%2c115%2c%e9%99%84%e6%b0%91%2c661%2c20260821%2c1&ot=in
臺灣高雄地方法院 115 年度 簡 字第 4708 號刑事判決,115.08.21,妨害名譽,,,,,,未明確提取,及,林育聖犯散布文字誹謗罪，處拘役貳拾伍日，如易科罰金，以新臺幣壹仟元折算壹日。,,https://judgment.judicial.gov.tw/FJUD/data.aspx?ty=JD&id=KSDM%2c115%2c%e7%b0%a1%2c4708%2c20260821%2c1&ot=in
臺灣臺北地方法院 115 年度 易 字第 564 號刑事判決,115.08.21,妨害名譽,,,,,,公然狀態 | 刑法第309條第1項所處罰之公然侮辱行為，應依個案之表意脈絡，判斷表意人故意發表公然貶損他人名譽之言論，是否已逾越一般人可合理忍受之範圍。先就表意脈絡而言，語言文字等意見表達是否構成侮辱，不得僅因該語言文字本身具有貶損他人名譽之意涵即認定之，而應就其表意脈絡整體觀察評價。具體言之，除應參照其前後語言、文句情境及其文化脈絡予以理解外，亦應考量表意人之個人條件、被害人之處境、表意人與被害人之關係及事件情狀等因素，而為綜合評價。例如被害人自行引發爭端或自願加入爭端，致表意人以負面語言予以回擊，尚屬一般人之常見反應，仍應從寬容忍此等回應言論。反之，具言論市場優勢地位之媒體經營者或公眾人物透過網路或傳媒，故意公開羞辱他人，由於此等言論對他人之社會名譽或名譽人格可能會造成更大影響，即應承擔較大之言論責任。次就故意公然貶損他人名譽而言，則應考量表意人是否有意直接針對他人名譽予以恣意攻擊，或只是在雙方衝突過程中因失言或衝動以致附帶、偶然傷及對方之名譽。個人語言使用習慣及修養本有差異，有些人之日常言談確可能習慣性混雜某些粗鄙髒話，或只是以此類粗話來表達一時之不滿情緒，縱使粗俗不得體，亦非必然蓄意貶抑他人之社會名譽或名譽人格。尤其於衝突當場之短暫言語攻擊，如非反覆、持續出現之恣意謾罵，即難逕認表意人係故意貶損他人之社會名譽或名譽人格。是就此等情形亦處以公然侮辱罪，實屬過苛。又就對他人社會名譽或名譽人格之影響，是否已逾一般人可合理忍受之範圍而言，按個人在日常人際關係中，難免會因自己言行而受到他人之月旦品評，此乃社會生活之常態。一人對他人之負面語言或文字評論，縱會造成他人之一時不悅，然如其冒犯及影響程度輕微，則尚難逕認已逾一般人可合理忍受之範圍。例如於街頭以言語嘲諷他人，且當場見聞者不多，或社群媒體中常見之偶發、輕率之負面文字留言，此等冒犯言論雖有輕蔑、不屑之意，而會造成他人之一時不快或難堪，然實未必會直接貶損他人之社會名譽或名譽人格，而逾越一般人可合理忍受之範圍。惟如一人對他人之負面評價，依社會共同生活之一般通念，確會對他人造成精神上痛苦，並足以對其心理狀態或生活關係造成不利影響，甚至自我否定其人格尊嚴者，即已逾一般人可合理忍受之限度，而得以刑法處罰之 | 確定故意（直接故意） | 不確定故意（間接故意） | 不確定故意（學理上亦稱間接故意、未必故意） | 有認識過失 | 認識 | 意欲 | 認識 | 意欲,應依證據認定之，無證據不得認定犯罪事實；不能證明被告犯罪者，應諭知無罪之判決，刑事訴訟法第154條第2項、第301條第1項分別定有明文。又所謂認定犯罪事實之證據，係指足以認定被告確有犯罪行為之積極證據而言，如未發現相當證據，或證據不足以證明，自不能以推測或擬制之方法，以為裁判基礎。再認定不利於被告之事實，需依積極證據，茍積極證據不足為不利於被告事實之認定時，即應為有利於被告之認定，更不必有何有利之證據。再者，刑事訴訟上證明之資料，無論其為直接證據或間接證據，均須達於通常一般人均不致於有所懷疑，而得確信其為真實之程度，始得據為有罪之認定，若其關於被告是否犯罪之證明未能達此程度，而有合理性懷疑之存...,楊有慶無罪。,,https://judgment.judicial.gov.tw/FJUD/data.aspx?ty=JD&id=TPDM%2c115%2c%e6%98%93%2c564%2c20260821%2c1&ot=in
臺灣高等法院 114 年度 上易 字第 2321 號刑事判決,115.08.20,家暴妨害名譽,,,,,,未明確提取,、證據及,上訴駁回。,,https://judgment.judicial.gov.tw/FJUD/data.aspx?ty=JD&id=TPHM%2c114%2c%e4%b8%8a%e6%98%93%2c2321%2c20260820%2c1&ot=in
臺灣新北地方法院 115 年度 審易 字第 1410 號刑事判決,115.08.20,妨害名譽,,,,,,未明確提取,,本件公訴不受理。,,https://judgment.judicial.gov.tw/FJUD/data.aspx?ty=JD&id=PCDM%2c115%2c%e5%af%a9%e6%98%93%2c1410%2c20260820%2c1&ot=in
臺灣士林地方法院 115 年度 簡上 字第 125 號刑事判決,115.08.20,妨害名譽,,,,,,未明確提取,部分，則不在第二審之審判範圍。」是科刑事項已可不隨同其犯罪事實而單獨成為上訴之標的，且上訴人明示僅就科刑事項上訴時，第二審法院即不再就原審法院所認定之犯罪事實為審查，而應以原審法院所認定之犯罪事實，作為論認原審量刑妥適與否之判斷基礎。又上開規定，依刑事訴訟法第455條之1第3項規定，於簡易判決之上訴亦準用之。經查，本件上訴人即臺灣士林地方檢察署檢察官提起上訴，其已明示僅就原判決之量刑部分上訴（本院卷第61、71頁)，依前揭規定，本院僅就原判決量刑妥適與否進行審理，至於原判決認定犯罪事實及罪名部分，均非本院審理範圍，故就此等部分之認定，均引用原判決所記載之事實、證據及,上訴駁回。,,https://judgment.judicial.gov.tw/FJUD/data.aspx?ty=JD&id=SLDM%2c115%2c%e7%b0%a1%e4%b8%8a%2c125%2c20260820%2c1&ot=in
臺灣新北地方法院 115 年度 簡附民 字第 63 號刑事判決,115.08.19,妨害名譽,,,,,,未明確提取,"一、原告方面：訴之聲明及陳述詳如附件刑事附帶民事訴訟起訴狀所載。
二、被告未為任何聲明或陳述，亦未提出任何書狀。",原告之訴及假執行之聲請均駁回。,,https://judgment.judicial.gov.tw/FJUD/data.aspx?ty=JD&id=PCDM%2c115%2c%e7%b0%a1%e9%99%84%e6%b0%91%2c63%2c20260819%2c1&ot=in
臺灣臺中地方法院 115 年度 審易 字第 2404 號刑事判決,115.08.19,妨害名譽,,,,,,未明確提取,,本件公訴不受理。,,https://judgment.judicial.gov.tw/FJUD/data.aspx?ty=JD&id=TCDM%2c115%2c%e5%af%a9%e6%98%93%2c2404%2c20260819%2c1&ot=in
臺灣高等法院 115 年度 原上易 字第 30 號刑事判決,115.08.18,妨害名譽,,,,,,你這個沒有懶趴的人 | 幹你娘 | 你這個吃錢的頭目 | 你這個沒有懶趴的人 | 幹你娘 | 你這個吃錢的頭目,"，堪以認定。被告3人雖否認有於前揭時間在告訴人住處外以「你這個沒有懶趴的人」、「幹你娘」、「你這個吃錢的頭目」等語批評告訴人，然此部分之事實，業經告訴人蘇萬法、證人張志銘、蘇春花於偵查及原審審理時證述明確，故被告3人確有於告訴人住處外以「你這個沒有懶趴的人」、「幹你娘」、「你這個吃錢的頭目」等語批評告訴人無誤。　
　㈡關於被訴加重誹謗部分
　⒈按言論自由為人民之基本權利，憲法第11條有明文保障，國家應給予最大限度之維護，俾其實現自我、溝通意見、追求真理及監督各種政治或社會活動之功能得以發揮。惟為兼顧對個人名譽、隱私及公共利益之保護，法律尚非不得對言論自由依其傳播方式為合理之限制。刑法第310條...",上訴駁回。,,https://judgment.judicial.gov.tw/FJUD/data.aspx?ty=JD&id=TPHM%2c115%2c%e5%8e%9f%e4%b8%8a%e6%98%93%2c30%2c20260818%2c1&ot=in
臺灣新北地方法院 115 年度 易 字第 1691 號刑事判決,115.08.18,妨害名譽,,,,,,未明確提取,,本件公訴不受理。,,https://judgment.judicial.gov.tw/FJUD/data.aspx?ty=JD&id=PCDM%2c115%2c%e6%98%93%2c1691%2c20260818%2c1&ot=in
臺灣臺北地方法院 115 年度 審簡上 字第 98 號刑事判決,115.08.18,妨害名譽,,,,,,未明確提取,及,上訴駁回。,,https://judgment.judicial.gov.tw/FJUD/data.aspx?ty=JD&id=TPDM%2c115%2c%e5%af%a9%e7%b0%a1%e4%b8%8a%2c98%2c20260818%2c1&ot=in
臺灣臺北地方法院 115 年度 自 字第 17 號刑事裁定,115.08.17,妨害名譽,,,,,,刑事追加被告狀,即其犯罪之日、時、處所、方法及證據並所犯法條。㈡被告林鳳秋構成犯罪之具體事實即其犯罪之日、時、處所、方法及證據並所犯法條。㈢按被告之人數提出民國115年4月17日「刑事追加被告狀」之繕本。,自訴人應於本裁定送達翌日起伍日內補正下列事項：㈠被告「尚軒宇」之性別、年齡、住所或居所，或其他足資辨別之特徵，及構成犯罪之具體,,https://judgment.judicial.gov.tw/FJUD/data.aspx?ty=JD&id=TPDM%2c115%2c%e8%87%aa%2c17%2c20260817%2c1&ot=in
臺灣臺北地方法院 114 年度 易 字第 386 號刑事判決,115.08.17,妨害名譽,,,,,,未明確提取,,本案公訴不受理。,,https://judgment.judicial.gov.tw/FJUD/data.aspx?ty=JD&id=TPDM%2c114%2c%e6%98%93%2c386%2c20260817%2c1&ot=in
臺灣臺北地方法院 115 年度 審簡上 字第 178 號刑事判決,115.08.14,妨害名譽等,,,,,,未明確提取,,"原判決關於刑之部分撤銷。
上開撤銷部分，卓士鈞處有期徒刑叁月，如易科罰金，以新臺幣壹仟元折算壹日。",,https://judgment.judicial.gov.tw/FJUD/data.aspx?ty=JD&id=TPDM%2c115%2c%e5%af%a9%e7%b0%a1%e4%b8%8a%2c178%2c20260814%2c1&ot=in
臺灣新北地方法院 115 年度 審簡 字第 1224 號刑事判決,115.08.14,妨害名譽,,,,,,未明確提取,及,尤美雀犯散布文字誹謗罪，處拘役參拾日，如易科罰金，以新臺幣壹仟元折算壹日。,,https://judgment.judicial.gov.tw/FJUD/data.aspx?ty=JD&id=PCDM%2c115%2c%e5%af%a9%e7%b0%a1%2c1224%2c20260814%2c1&ot=in
臺灣士林地方法院 115 年度 易 字第 449 號刑事判決,115.08.14,妨害名譽,,,,,,1.修繕房屋將近半年，擾鄰已久，可有尊重他人？2.『三芝米蘭住戶規約 | 47號6F留言,黃金田與關佳姍分別為居住○○市○○區○○街00號6樓、47號6樓之鄰居，其等前因社區公共設備問題而有嫌隙。嗣同社區45號3樓之住戶於民國113年11月18日某時許，在社區之公共電梯內張貼施工公告後，隨即有同社區大樓其他住戶在前開施工公告另貼上載有以紅筆書寫「1.修繕房屋將近半年，擾鄰已久，可有尊重他人？2.『三芝米蘭住戶規約』，可有遵守？3.6梯電梯打包髒亂已久，何時修復？」等文字之紙張（下稱本案紙張），詎黃金田未查證本案紙條來源，竟意圖使社區住戶誤認本案紙條為關佳姍或與其同住家人所書寫張貼，於翌(19)日22時56分許，在本案紙條上書寫加註「47號6F留言」等文字，以此方式散布不實事項，使4...,黃金田犯散布文字誹謗罪，處拘役肆拾日，如易科罰金，以新臺幣壹仟元折算壹日。,,https://judgment.judicial.gov.tw/FJUD/data.aspx?ty=JD&id=SLDM%2c115%2c%e6%98%93%2c449%2c20260814%2c1&ot=in
臺灣屏東地方法院 114 年度 易 字第 405 號刑事判決,115.08.14,妨害名譽,,,,,,你只能坐在這裡沒有用，要不要付你坐檯費 | 幹你娘機掰,一、劉庚停於民國113年10月30日15時45分許，在屏東縣○○市○○路000號屏東縣政府社會處（下稱社會處）辦公室外走廊之座位處，向社會處社工代號BQ000-H113119之人（真實姓名詳卷，下稱A女）反映其欲參加崙上村社區照護關懷據點（下稱關懷據點）之相關問題時，因A女未依其要求立即書立紙條，竟心生不滿，基於公然侮辱之犯意，在不特定多數人共見共聞之走廊上，對A女口出「你只能坐在這裡沒有用，要不要付你坐檯費」，經A女請其冷靜後，劉庚停再稱「幹你娘機掰」，而以此等方式辱罵A女，侵害A女之名譽人格。嗣社會處科長林鼎雲在社會處辦公室聽聞前語，遂出外安撫劉庚停，A女並於113年11月1日報警處理，始...,劉庚停犯公然侮辱罪，處罰金新臺幣伍仟元，如易服勞役，以新臺幣壹仟元折算壹日。,,https://judgment.judicial.gov.tw/FJUD/data.aspx?ty=JD&id=PTDM%2c114%2c%e6%98%93%2c405%2c20260814%2c2&ot=in
臺灣高等法院 115 年度 上易 字第 1118 號刑事判決,115.08.13,妨害名譽,,,,,,未明確提取,及,"上訴駁回。
潘桂華緩刑貳年。",,https://judgment.judicial.gov.tw/FJUD/data.aspx?ty=JD&id=TPHM%2c115%2c%e4%b8%8a%e6%98%93%2c1118%2c20260813%2c1&ot=in
臺灣苗栗地方法院 115 年度 苗簡 字第 356 號刑事判決,115.08.13,妨害名譽等,,,,,,未明確提取,及,Ａ０１犯非公務機關非法利用個人資料罪，處有期徒刑貳月，如易科罰金，以新臺幣壹仟元折算壹日。,,https://judgment.judicial.gov.tw/FJUD/data.aspx?ty=JD&id=MLDM%2c115%2c%e8%8b%97%e7%b0%a1%2c356%2c20260813%2c1&ot=in
臺灣臺中地方法院 115 年度 簡上 字第 180 號刑事判決,115.08.13,妨害名譽,,,,,,未明確提取,及,上訴駁回。,,https://judgment.judicial.gov.tw/FJUD/data.aspx?ty=JD&id=TCDM%2c115%2c%e7%b0%a1%e4%b8%8a%2c180%2c20260813%2c1&ot=in
臺灣臺中地方法院 114 年度 易 字第 3170 號刑事判決,115.08.13,妨害名譽,,,,,,幹你娘雞掰 | 幹你娘雞掰 | 幹伶娘雞掰啥小 | 幹伶娘雞掰啥小你很行嗎 | 幹伶娘雞掰你很屌嗎 | 幹伶娘你啥小啦 | 幹伶娘雞掰你也是啦 | 幹伶娘雞掰你啥小啦 | 你們給我小心一點 | 幹你娘雞掰 | 這你傳的是不是 | 你很屌是不是 | 幹你娘雞掰 | 你們給我小心一點 | 你覺得你很行嗎 | 你很屌嗎 | 幹你娘雞掰 | 幹你娘雞掰你啥小你很行嗎 | 幹你娘雞掰你很屌嗎 | 幹你娘雞掰你啥小拉 | 你們給我小心一點 | 幹你娘擊敗你也是啦 | 幹你娘雞掰 | 幹你娘雞掰,應依證據認定之，無證據不得認定犯罪事實；不能證明被告犯罪者，應諭知無罪之判決，刑事訴訟法第154條第2項、第301條第1項定有明文。而認定犯罪事實所憑之證據，雖不以直接證據為限，間接證據亦包括在內。然無論直接或間接證據，其為訴訟上之證明，須於通常一般之人均不至於有所懷疑，而得確信其為真實之程度者，始得據之為有罪之認定，倘其證明尚未達到此一程度，而有合理之懷疑存在，致無從為有罪之確信時，即應為無罪之判決。檢察官就被告犯罪事實，應負舉證責任，並指出證明之方法，刑事訴訟法第161條第1項定有明文。因此，檢察官對於起訴之犯罪事實，應負提出證據及說服之實質舉證責任。倘其所提出之證據，不足為被告有罪之積極...,Ａ０７無罪。,,https://judgment.judicial.gov.tw/FJUD/data.aspx?ty=JD&id=TCDM%2c114%2c%e6%98%93%2c3170%2c20260813%2c1&ot=in
臺灣新竹地方法院 115 年度 易 字第 461 號刑事判決,115.08.13,妨害名譽,,,,,,貓咪狂想曲 | 每天不是掰故事就是在那邊噁心人設，募款帳目不清不楚...買1000一罐的441，去社團報2000一罐募款....居清還搞的比小學生不如，每天在那邊人設什麼，怎麼現在檯面上得不到好處，私下搞群組撈 ...反正你被法院認證也不是第一次＃還專業價嘞 | 貓咪狂想曲 | 阿龍 | 比小學生還不如 | 貓咪狂想曲 | 每天不是掰故事就是在那邊噁心人設，募款帳目不清不楚...買1000一罐的441，去社團報2000一罐募款....居清還搞的比小學生不如，每天在那邊人設什麼，怎麼現在檯面上得不到好處，私下搞群組撈 ...反正你被法院認證也不是第一次＃還專業價嘞 | 貓咪狂想曲（公開版） | 言論 | 事實陳述 | 意見表達 | 事實陳述 | 意見表達 | 評論 | 意圖散布於眾，而指摘或傳述足以毀損他人名譽之事者，為誹謗罪 | 對於所誹謗之事，能證明其為真實者，不罰 | 事實 | 事實陳述 | 意見表達 | 合理評論原則 | 事實陳述 | 實質惡意原則 | 意見表達 | 合理評論原則 | 貓咪狂想曲（公開版） | 每天不是掰故事就是在那邊噁心人設，募款帳目不清不楚 | 買1000一罐的441，去社團報2000一罐募款 | 每天在那邊人設什麼，怎麼現在檯面上得不到好處，私下搞群組撈 | 反正你被法院認證也不是第一次＃還專業價嘞 | 阿龍,"，仍基於誹謗之犯意，於113年7月21日，在「貓咪狂想曲」(公開版)網站張貼：「每天不是掰故事就是在那邊噁心人設，募款帳目不清不楚...買1000一罐的441，去社團報2000一罐募款....居清還搞的比小學生不如，每天在那邊人設什麼，怎麼現在檯面上得不到好處，私下搞群組撈 ...反正你被法院認證也不是第一次＃還專業價嘞」等文字(標點符號為檢察官加註)，嘲諷告訴人募款帳目不實、藉募款圖私人利益，且曾經被法院判決認定類似事實，足以貶損告訴人之社會評價。因認被告涉犯刑法第310條第2項之加重誹謗罪嫌等語。
二、按犯罪事實應依證據認定之，無證據不得認定犯罪事實；不能證明被告犯罪者，應諭知無罪之判決，...",邱聖榮無罪。,,https://judgment.judicial.gov.tw/FJUD/data.aspx?ty=JD&id=SCDM%2c115%2c%e6%98%93%2c461%2c20260813%2c1&ot=in
臺灣高等法院 115 年度 上易 字第 938 號刑事判決,115.08.12,妨害名譽,,,,,,未明確提取,應依證據認定之，無證據不得認定犯罪事實；又不能證明被告犯罪者，應諭知無罪之判決，刑事訴訟法第154條第2項、第301條第1項分別定有明文。次按事實之認定，應憑證據，如未能發現相當證據，或證據不足以證明，自不能以推測或擬制之方法，為裁判基礎；且認定不利於被告之事實須依積極證據，苟積極證據不足為不利於被告事實之認定時，即應為有利於被告之認定；另認定犯罪事實所憑之證據，雖不以直接證據為限，間接證據亦包括在內，然而無論直接證據或間接證據，其為訴訟上之證明，須於通常一般之人均不致有所懷疑，而得確信其為真實之程度者，始得據為有罪之認定，倘其證明尚未達到此一程度，而有合理之懷疑存在，無從使事實審法院得為有罪...,"原判決撤銷。
孫惠絹無罪。",,https://judgment.judicial.gov.tw/FJUD/data.aspx?ty=JD&id=TPHM%2c115%2c%e4%b8%8a%e6%98%93%2c938%2c20260812%2c1&ot=in
臺灣新北地方法院 115 年度 易 字第 1169 號刑事裁定,115.08.12,妨害名譽,,,,,,未明確提取,,本件公訴不受理。,,https://judgment.judicial.gov.tw/FJUD/data.aspx?ty=JD&id=PCDM%2c115%2c%e6%98%93%2c1169%2c20260812%2c1&ot=in
臺灣高雄地方法院 115 年度 易 字第 358 號刑事判決,115.08.12,妨害名譽,,,,,,罪證有疑，利於被告 | 削告 | Natascha | 這位員工的先生幾日前，還在公開場合跟員工的主管嗆聲，公然侮辱＋恐嚇耶！果然是夫妻，哈！單位這幾年還真流年不利，怎麼老遇到削告 | 名譽 | 真實社會名譽 | 名譽人格（自然人） | 名譽感情 | 依個案之表意脈絡 | 故意公然貶損他人名譽 | 對他人名譽之影響已逾一般人合理忍受範圍 | 我有做什麼事情嗎,應依證據認定之，無證據不得認定犯罪事實；不能證明被告犯罪，應諭知無罪之判決，刑事訴訟法第154條第2項、第301條第1項分別定有明文。復按認定不利於被告之事實，須依積極證據，苟積極證據不足為不利於被告事實之認定時，即應為有利於被告之認定，更不必有何有利之證據；而所謂認定犯罪事實之積極證據，係指適合於被告犯罪事實之認定之積極證據而言，雖不以直接證據為限，間接證據亦包括在內；然而無論直接或間接證據，其為訴訟上之證明，須於通常一般之人均不致有所懷疑，而得確信其為真實之程度者，始得據為有罪之認定，倘其證明尚未達到此一程度，而有合理之懷疑存在時，致使無從形成有罪之確信，根據「罪證有疑，利於被告」之證據法...,尹紫瀞無罪。,,https://judgment.judicial.gov.tw/FJUD/data.aspx?ty=JD&id=KSDM%2c115%2c%e6%98%93%2c358%2c20260812%2c1&ot=in
臺灣臺中地方法院 115 年度 自 字第 2 號刑事判決,115.08.12,妨害名譽,,,,,,痞子、垃圾、敗類、危險人物 | 調查小組查證甲男（即被害人）高一沒有抽菸被懲處紀錄，甲男高一跟０男不同班，０男與丙男（即被告）因為晚自習事件有嚴重衝突，因此調查小組認定０男的說詞可信度較低 | 實質惡意原則 | 意見表達 | 很危險 | 垃圾 | 很危險 | 很危險,應依證據認定之，無證據不得認定犯罪事實；不能證明被告犯罪者，應諭知無罪之判決，刑事訴訟法第154條第2項、第301條第1項分別定有明文。又認定不利於被告之事實，須依積極證據，茍積極證據不足為不利於被告事實之認定，即應為有利於被告之認定，更不必有何有利之證據，而此用以證明犯罪事實之證據，猶須於通常一般人均不至於有所懷疑，堪予確信其已臻真實者，始得據以為有罪之認定，倘其證明尚未達到此一程度，而有合理性之懷疑存在，致使無從為有罪之確信時，即應為無罪之判決（最高法院30年上字第816號、76年台上字第4986號判決意旨參照）。再檢察官就被告犯罪事實，應負舉證責任，並指出證明之方法，此為刑事訴訟法第16...,Ａ１０無罪。,,https://judgment.judicial.gov.tw/FJUD/data.aspx?ty=JD&id=TCDM%2c115%2c%e8%87%aa%2c2%2c20260812%2c1&ot=in
臺灣高等法院 115 年度 附民 字第 1172 號刑事判決,115.08.11,妨害名譽,,,,,,未明確提取,,原告之訴及假執行之聲請均駁回。,,https://judgment.judicial.gov.tw/FJUD/data.aspx?ty=JD&id=TPHM%2c115%2c%e9%99%84%e6%b0%91%2c1172%2c20260811%2c1&ot=in
臺灣高等法院 115 年度 上易 字第 904 號刑事判決,115.08.11,妨害名譽,,,,,,moron | 相罵無好話 | moron | 白癡 | moron | 噁心 | 自以為高水準 | 自以為 | moron,"，為被告所不否認（見原審卷第65頁及第73頁），核與告訴人於警詢、偵查中之證述大致相符（見偵卷第15頁至第19頁、第69頁至第71頁），並有本案群組對話紀錄截圖、「moron」翻譯搜尋結果（見偵卷第35頁至第39頁）各1份在卷可稽，是此部分事實，固堪認定。
　㈡按在無涉公益或公眾事務之私人爭端，如係被害人主動挑起，或自願參與爭論，基於遭污衊、詆毀時，予以語言回擊，尚屬符合人性之自然反應，況「相罵無好話」，且生活中負面語意之詞類五花八門，粗鄙、低俗程度不一，自非一有負面用詞，即構成公然侮辱罪。於此情形，被害人自應負有較大幅度之包容。至容忍之界限，則依社會通念及國人之法律感情為斷。易言之，應視一般...",上訴駁回。,,https://judgment.judicial.gov.tw/FJUD/data.aspx?ty=JD&id=TPHM%2c115%2c%e4%b8%8a%e6%98%93%2c904%2c20260811%2c1&ot=in
臺灣高等法院 高雄分院 115 年度 上易 字第 87 號刑事判決,115.08.11,妨害名譽,,,,,,孫寶兒,"一、孫達明前於民國113年2月間起，在周伯嶔獨資經營之上承診所擔任藥師，並於113年6月間離職。孫達明於113年7月至8月間，竟意圖散布於眾，基於散布文字誹謗之接續犯意，在上承診所之GOOGLE地圖評論頁面上，使用暱稱「孫寶兒」，多次修改並發表如附表所示之留言，足以貶損上承診所之名譽及社會評價。
二、案經周伯嶔即上承診所訴由臺灣高雄地方檢察署檢察官偵查起訴。",上訴駁回。,,https://judgment.judicial.gov.tw/FJUD/data.aspx?ty=JD&id=KSHM%2c115%2c%e4%b8%8a%e6%98%93%2c87%2c20260811%2c1&ot=in
臺灣高等法院 115 年度 上易 字第 1222 號刑事判決,115.08.11,妨害名譽,,,,,,未明確提取,及,上訴駁回。,,https://judgment.judicial.gov.tw/FJUD/data.aspx?ty=JD&id=TPHM%2c115%2c%e4%b8%8a%e6%98%93%2c1222%2c20260811%2c1&ot=in
臺灣臺中地方法院 115 年度 易 字第 871 號刑事判決,115.08.11,妨害名譽,,,,,,未明確提取,,本件公訴不受理。,,https://judgment.judicial.gov.tw/FJUD/data.aspx?ty=JD&id=TCDM%2c115%2c%e6%98%93%2c871%2c20260811%2c1&ot=in
臺灣臺南地方法院 115 年度 簡上 字第 229 號刑事判決,115.08.11,妨害名譽,,,,,,未明確提取,及,"原判決關於「Ａ０４、Ａ０５、Ａ０６及Ａ０７之刑之部分」均撤銷。
Ａ０４處有期徒刑參月，如易科罰金，以新臺幣壹仟元折算壹日；Ａ０５、Ａ０６及Ａ０７各處拘役伍拾日，如易科罰金，均以新臺幣壹仟元折算壹日。",,https://judgment.judicial.gov.tw/FJUD/data.aspx?ty=JD&id=TNDM%2c115%2c%e7%b0%a1%e4%b8%8a%2c229%2c20260811%2c1&ot=in
臺灣臺中地方法院 115 年度 中簡 字第 2104 號刑事判決,115.08.10,妨害名譽,,,,,,未明確提取,及,Ａ０２犯公然侮辱罪，處罰金新臺幣參仟元，如易服勞役，以新臺幣壹仟元折算壹日。,,https://judgment.judicial.gov.tw/FJUD/data.aspx?ty=JD&id=TCDM%2c115%2c%e4%b8%ad%e7%b0%a1%2c2104%2c20260810%2c1&ot=in
臺灣高等法院 115 年度 上易 字第 1017 號刑事裁定,115.08.07,妨害名譽,,,,,,未明確提取,,上訴駁回。,,https://judgment.judicial.gov.tw/FJUD/data.aspx?ty=JD&id=TPHM%2c115%2c%e4%b8%8a%e6%98%93%2c1017%2c20260807%2c2&ot=in
臺灣新北地方法院 115 年度 易 字第 1225 號刑事判決,115.08.07,妨害名譽,,,,,,未明確提取,,本件公訴不受理。,,https://judgment.judicial.gov.tw/FJUD/data.aspx?ty=JD&id=PCDM%2c115%2c%e6%98%93%2c1225%2c20260807%2c1&ot=in
臺灣臺中地方法院 115 年度 審易 字第 2519 號刑事判決,115.08.07,妨害名譽,,,,,,未明確提取,,本件公訴不受理。,,https://judgment.judicial.gov.tw/FJUD/data.aspx?ty=JD&id=TCDM%2c115%2c%e5%af%a9%e6%98%93%2c2519%2c20260807%2c1&ot=in
臺灣士林地方法院 115 年度 易 字第 482 號刑事判決,115.08.07,妨害名譽,,,,,,未明確提取,"一、張智暐於民國114年9月7日16時50分許，騎乘車牌號碼000-0000號機車，行經臺北市北投區承德路7段（往士林方向）時，因認為遭騎乘機車經過之Ａ０２出言辱罵，心生不滿，乃騎乘機車追至承德路7段139號前，將其機車停在正在該處機車待轉區內停等紅燈之Ａ０２旁，於下車後，基於以強暴方式公然侮辱之犯意，在該不特定多數人得共見共聞之處所，當場伸出右手揮打Ａ０２左臉頰1下（未成傷），而以此強暴方式侮辱Ａ０２，足以貶損Ａ０２之人格尊嚴及社會評價。
二、案經Ａ０２訴由臺北市政府警察局北投分局報告臺灣士林地方檢察署檢察官偵查起訴。",張智暐犯強暴公然侮辱罪，處罰金新臺幣壹萬元，如易服勞役，以新臺幣壹仟元折算壹日。,,https://judgment.judicial.gov.tw/FJUD/data.aspx?ty=JD&id=SLDM%2c115%2c%e6%98%93%2c482%2c20260807%2c1&ot=in
臺灣高等法院 高雄分院 115 年度 上易 字第 198 號刑事判決,115.08.06,妨害名譽,,,,,,未明確提取,、證據及,上訴駁回。,,https://judgment.judicial.gov.tw/FJUD/data.aspx?ty=JD&id=KSHM%2c115%2c%e4%b8%8a%e6%98%93%2c198%2c20260806%2c1&ot=in
臺灣彰化地方法院 115 年度 簡 字第 2116 號刑事判決,115.08.06,妨害名譽,,,,,,未明確提取,及,吳金昌犯散布文字誹謗罪，處有期徒刑參月，如易科罰金，以新臺幣壹仟元折算壹日。,,https://judgment.judicial.gov.tw/FJUD/data.aspx?ty=JD&id=CHDM%2c115%2c%e7%b0%a1%2c2116%2c20260806%2c1&ot=in
臺灣南投地方法院 114 年度 易 字第 790 號刑事判決,115.08.06,妨害名譽,,,,,,未明確提取,,本件公訴不受理。,,https://judgment.judicial.gov.tw/FJUD/data.aspx?ty=JD&id=NTDM%2c114%2c%e6%98%93%2c790%2c20260806%2c1&ot=in
臺灣臺中地方法院 115 年度 審簡 字第 372 號刑事判決,115.08.06,妨害名譽,,,,,,未明確提取,及,陳介立犯散布文字誹謗罪，處拘役伍拾日，如易科罰金，以新臺幣壹仟元折算壹日。,,https://judgment.judicial.gov.tw/FJUD/data.aspx?ty=JD&id=TCDM%2c115%2c%e5%af%a9%e7%b0%a1%2c372%2c20260806%2c1&ot=in
臺灣高等法院 115 年度 附民 字第 1026 號刑事裁定,115.08.05,妨害名譽,,,,,,未明確提取,,原告之訴及假執行之聲請均駁回。,,https://judgment.judicial.gov.tw/FJUD/data.aspx?ty=JD&id=TPHM%2c115%2c%e9%99%84%e6%b0%91%2c1026%2c20260805%2c1&ot=in
臺灣高等法院 115 年度 上易 字第 826 號刑事判決,115.08.05,妨害名譽,,,,,,未明確提取,應依證據認定之，無證據不能認定犯罪事實；又不能證明被告犯罪或其行為不罰者，應諭知無罪之判決，刑事訴訟法第154條第2項、第301條第1項分別定有明文。又認定不利於被告之事實，須依積極證據，苟積極證據不足為不利於被告事實之認定時，即應為有利於被告之認定，更不必有何有利之證據；另認定犯罪事實所憑之證據，雖不以直接證據為限，間接證據亦包括在內，然而無論直接或間接證據，其為訴訟上之證明，須於通常一般之人均不致有所懷疑，而得確信為真實之程度者，始得據為有罪之認定，倘其證明尚未達於此一程度，而有合理性懷疑存在時，即不得遽為被告犯罪之認定（最高法院30年上字第816號、76年台上字第4986號判例意旨參照）...,上訴駁回。,,https://judgment.judicial.gov.tw/FJUD/data.aspx?ty=JD&id=TPHM%2c115%2c%e4%b8%8a%e6%98%93%2c826%2c20260805%2c1&ot=in
臺灣新竹地方法院 115 年度 易 字第 800 號刑事判決,115.08.05,妨害名譽,,,,,,未明確提取,及,徐聰鐘犯散布文字誹謗罪，處有期徒刑參月，如易科罰金，以新臺幣壹仟元折算壹日。,,https://judgment.judicial.gov.tw/FJUD/data.aspx?ty=JD&id=SCDM%2c115%2c%e6%98%93%2c800%2c20260805%2c1&ot=in
臺灣高等法院 115 年度 上易 字第 1132 號刑事判決,115.08.04,妨害名譽,,,,,,未明確提取,"之性質，在客觀上尚屬於可接受公眾（該社區住戶）評論者。準此，揆諸上開說明，被告尚難逕以刑法第310條第2項之加重誹謗罪相繩。　
　㈢綜上所述，檢察官上訴仍執原審已詳予斟酌之證據，對於原判決已說明事項及屬原審採證認事職權之適法行使，徒憑己見而為相異評價，復未提出其他積極證據證明被告確有公訴意旨所稱前開犯行，尚難說服本院推翻原判決之認定，另為不利於被告之判決，故檢察官上訴為無",上訴駁回。,,https://judgment.judicial.gov.tw/FJUD/data.aspx?ty=JD&id=TPHM%2c115%2c%e4%b8%8a%e6%98%93%2c1132%2c20260804%2c1&ot=in
臺灣高等法院 高雄分院 114 年度 上易 字第 463 號刑事判決,115.08.04,妨害名譽,,,,,,Ａ09怎麼沒來 | ○○ | 這隻豬怎麼沒有來 | 那隻豬怎麼還沒來 | 那隻豬怎麼沒有來 | 妳今天在班上說過甚麼話妳還記得嗎？關於○○ | 我再三確認過話是從妳口中出 | ＠Ａ０５老師 妳今天說過什麼侮辱性極強的話要不要給我個說法 | 今天在班上說過關於A童之侮辱言語 | 老師又發飆啦！又吼到小朋友哭，拉小朋友耳朵，這個月第二次了 | 那隻豬 | 那朱呢？ | 朱（大聲）○○（小聲）呢，他沒有來考試怎麼辦呢 | 那隻豬 | 那隻豬 | 那隻豬 | 那隻豬怎麼沒來 | 名譽 | 真實社會名譽 | 名譽人格（自然人） | 名譽感情 | 依個案之表意脈絡 | 故意公然貶損他人名譽 | 對他人名譽之影響已逾一般人合理忍受範圍 | 不是都找過了 怎麼會出現在小朋友抽屜 要追究什麼責任 班導師沒有盡到責任 要追究誰？！ | 那隻豬怎麼沒來 | 那隻豬怎麼沒來 | 那隻豬怎麼還沒來,"應依證據認定之，無證據不得認定犯罪事實；不能證明被告犯罪者，應諭知無罪之判決，刑事訴訟法第154條第2項、第301條第1項分別定有明文。又按被告否認犯罪事實所持之辯解，縱屬不能成立，仍非有積極證據足以證明其犯罪行為，不能遽為有罪之認定。
三、本件公訴人認被告涉有罪嫌，係以被告於警詢時之供述、告訴人即A童之母林○○於警詢時之指訴，及證人丁○○即A童之同學於警詢時之證述，為其主要論據。訊據上訴人即被告Ａ０５（下稱被告）堅詞否認有何公然侮辱之犯行，辯稱：當天A童沒有來，沒有正式跟我請假，我是用關心的語氣說「Ａ09怎麼沒來」，只是「朱」講的比較大聲，名字的「○○」講的比較小聲，我沒有用手指著A童的座位...","原判決撤銷。
Ａ０５無罪。",,https://judgment.judicial.gov.tw/FJUD/data.aspx?ty=JD&id=KSHM%2c114%2c%e4%b8%8a%e6%98%93%2c463%2c20260804%2c2&ot=in
臺灣高等法院 115 年度 上易 字第 961 號刑事判決,115.08.04,妨害名譽,,,,,,你媽的機掰啦 | 醜八怪 | 妖怪 | 變態 | 欠錢不還 | 怎麼有閒雜人在這裡呀？ | 怎麼有閒雜人在這裡呀？ | 閒你媽的機掰啦 | 罵什麼髒話 | 罵你剛剛好，醜八怪、妖怪、變態 | 社會名譽 | 名譽人格 | 名譽感情,欄一所示刑法第309條第1項之公然侮辱罪嫌，業已就公訴人所提出之被告於檢察事務官詢問時之供述、告訴人於警詢及偵查中之證述、現場錄影光碟及譯文、臺灣桃園地方檢察署檢察官勘驗筆錄等案內其他相關證據資料，詳予調查後，而為論斷，並敘明：(1)被告固坦承有於上開時、地對告訴人口出「你媽的機掰啦」、「醜八怪」、「妖怪」、「變態」等語，惟堅詞否認有何公然侮辱犯行，辯稱：係因雙方先前即有債務糾紛，案發當日係告訴人先對其大喊「欠錢不還」、持手機錄影並稱「怎麼有閒雜人在這裡呀？」，其因被氣到一時情緒失控，始反擊回稱上開言詞，非無端惡意攻訐等語；(2)觀諸卷附臺灣桃園地方檢察署檢察官勘驗筆錄及現場錄影光碟譯文，被告...,上訴駁回。,,https://judgment.judicial.gov.tw/FJUD/data.aspx?ty=JD&id=TPHM%2c115%2c%e4%b8%8a%e6%98%93%2c961%2c20260804%2c1&ot=in
臺灣臺北地方法院 115 年度 審簡附民 字第 297 號刑事裁定,115.08.04,因妨害名譽案附帶民訴,,,,,,未明確提取,,本件移送本院民事庭。,,https://judgment.judicial.gov.tw/FJUD/data.aspx?ty=JD&id=TPDM%2c115%2c%e5%af%a9%e7%b0%a1%e9%99%84%e6%b0%91%2c297%2c20260804%2c1&ot=in
臺灣高等法院 高雄分院 115 年度 上易 字第 329 號刑事判決,115.08.03,妨害名譽,,,,,,幹你娘機掰 | 操機掰 | 您娘機掰,"一、林忠昇於民國114年6月10日下午4時58分許，前往址設高雄市○○區○○○路00號中華電信股份有限公司（下稱中華電信）大昌門市，欲以其太太之證件申辦手機門號時，因不滿櫃檯人員Ａ０２表示要向其太太致電確認，竟基於公然侮辱之犯意，在該處不特定多數人得以共見共聞之場所，接續對Ａ０２辱罵「幹你娘機掰」、「幹」、「操機掰」、「您娘機掰」等語，足以貶損Ａ０２之人格及社會名譽。
二、案經Ａ０２訴由高雄市政府警察局三民第二分局報告臺灣高雄地方檢察署檢察官偵查聲請簡易判決處刑後，臺灣高雄地方法院法官認為不宜，改依通常程序審理。",上訴駁回。,,https://judgment.judicial.gov.tw/FJUD/data.aspx?ty=JD&id=KSHM%2c115%2c%e4%b8%8a%e6%98%93%2c329%2c20260803%2c1&ot=in
臺灣高等法院 115 年度 抗 字第 1825 號刑事裁定,115.07.31,妨害名譽,,,,,,未明確提取,,抗告駁回。,,https://judgment.judicial.gov.tw/FJUD/data.aspx?ty=JD&id=TPHM%2c115%2c%e6%8a%97%2c1825%2c20260731%2c1&ot=in
臺灣新北地方法院 115 年度 易 字第 1123 號刑事判決,115.07.31,妨害名譽,,,,,,未明確提取,及,Ａ０４犯散布文字誹謗罪，處罰金新臺幣貳萬元，如易服勞役，以新臺幣壹仟元折算壹日。,,https://judgment.judicial.gov.tw/FJUD/data.aspx?ty=JD&id=PCDM%2c115%2c%e6%98%93%2c1123%2c20260731%2c1&ot=in
臺灣高雄地方法院 115 年度 簡 字第 3710 號刑事判決,115.07.31,妨害名譽,,,,,,未明確提取,及,Ａ０３犯公然侮辱罪，處罰金新臺幣伍仟元，如易服勞役，以新臺幣壹仟元折算壹日。,,https://judgment.judicial.gov.tw/FJUD/data.aspx?ty=JD&id=KSDM%2c115%2c%e7%b0%a1%2c3710%2c20260731%2c1&ot=in
臺灣嘉義地方法院 115 年度 易 字第 336 號刑事判決,115.07.31,妨害名譽,,,,,,000.0_00 | 0000000000000_00000 | 你們手上有哪些小三名單呀，蓋個避雷大樓如何？ | 來喔，不用謝,一、洪嘉徽與Ａ０2前係夫妻，渠等已於民國113年1月16日登記離婚。緣洪嘉徽認其婚姻係遭Ａ０１介入始致離婚，因而心生不滿，竟意圖散布於眾，基於加重誹謗之接續犯意，先於113年5月4日、6月4日，透過其不詳廠牌行動電話之連接網際網路，登入該行動電話所安裝之Threads社群軟體，藉由其使用之「000.0_00」帳號，張貼或在他人貼文下回覆意指Ａ０１介入其婚姻之文字，Ａ０１見聞後，隱忍不發，而洪嘉徽卻於114年11月17日瀏覽Threads社群軟體上之貼文時，繼續在使用「0000000000000_00000」帳號之人所張貼「你們手上有哪些小三名單呀，蓋個避雷大樓如何？」之留言下，回覆、張貼Ａ０１...,洪嘉徽犯加重誹謗罪，處拘役貳拾日，如易科罰金，以新臺幣壹仟元折算壹日。,,https://judgment.judicial.gov.tw/FJUD/data.aspx?ty=JD&id=CYDM%2c115%2c%e6%98%93%2c336%2c20260731%2c1&ot=in
臺灣高等法院 115 年度 上易 字第 945 號刑事判決,115.07.30,妨害名譽,,,,,,操你媽 | 犯賤 | 我想要打你 | 操你媽 | 犯賤 | 我想要打你 | 天小308家長班群 | 怎麼了，你怕她欺負我女兒 | 你才欺負我女兒吧 | 操你媽 | 犯賤 | 我想要打你 | 操你媽 | 犯賤 | 我想要打你,"應依證據認定之，無證據不得認定犯罪事實。不能證明被告犯罪者，應諭知無罪之判決，刑事訴訟法第154條第2項、第301條第1項分別定有明文。
三、公訴意旨認被告李佩蓉涉犯上開罪嫌，無非係以被告於警詢及偵訊時之供述、告訴人於警詢時之指述、警員製作之錄音檔譯文、113年5月19日○○國小門口之監視器錄影畫面翻拍照片、現場拍攝影音光碟為其主要論據。
四、訊據被告固不否認有於上揭時間、地點，對告訴人口出「操你媽」、「犯賤」、「我想要打你」等言詞之事實，惟堅決否認有何上揭公然侮辱犯行，辯稱：我們從112年10月開始就有因為小孩相處的事情發生爭執，告訴人的女兒還會叫其他人不要理我女兒，告訴人還有多次騷擾我，而...",上訴駁回。,,https://judgment.judicial.gov.tw/FJUD/data.aspx?ty=JD&id=TPHM%2c115%2c%e4%b8%8a%e6%98%93%2c945%2c20260730%2c1&ot=in
臺灣高等法院 115 年度 上易 字第 1005 號刑事判決,115.07.30,妨害名譽,,,,,,未明確提取,、論罪等部分之上訴，有本院準備程序筆錄及刑事撤回上訴狀在卷可憑（見本院卷第72、85頁），明示僅就原判決關於刑之部分提起上訴。是本院審理範圍僅限於原判決所處被告之刑部分，不及於原判決所認定之犯罪事實及論罪等部分，故關於量刑基礎之犯罪事實及論罪部分，均引用第一審判決書所記載之犯罪事實、證據及,"原判決關於刑之部分撤銷。
上開撤銷部分，處有期徒刑貳月，如易科罰金，以新臺幣壹仟元折算壹日。緩刑貳年。",,https://judgment.judicial.gov.tw/FJUD/data.aspx?ty=JD&id=TPHM%2c115%2c%e4%b8%8a%e6%98%93%2c1005%2c20260730%2c1&ot=in
臺灣臺北地方法院 115 年度 易 字第 230 號刑事判決,115.07.30,家庭暴力罪之妨害名譽,,,,,,未明確提取,及,抗告駁回。,,https://judgment.judicial.gov.tw/FJUD/qryresultlst.aspx?q=456277bcb64eb27144bad278893ae8a6&sort=DS&page=7&ot=in
臺灣臺北地方法院 115 年度 審簡 字第 1657 號刑事判決,115.07.30,妨害名譽,,,,,,未明確提取,及,Ａ０３犯公然侮辱罪，處罰金新臺幣陸仟元，如易服勞役，以新臺幣壹仟元折算壹日。,,https://judgment.judicial.gov.tw/FJUD/data.aspx?ty=JD&id=TPDM%2c115%2c%e5%af%a9%e7%b0%a1%2c1657%2c20260730%2c1&ot=in
臺灣高等法院 115 年度 上易 字第 801 號刑事判決,115.07.29,妨害名譽,,,,,,吃掉,，並以「吃掉」形容自訴人的行為是佔為己有，顯然主觀上是出於誹謗自訴人名譽之意思。另被告對外向客人發表系爭言論時，中間有一段比較長的時間沒有其他消費者，惟證人程譯慧證稱在買麵線期間，前面有一個客人，離開之前也有一位客人，還沒講完時後面有人來等語，可見當時不特定之人隨時可能經過，而大觀店店面屬於市場攤販，被告未考慮是否有其他顧客等候或購買而停止發言，其言論有可能被其他購買者或行經市場之人所聽到，主觀上當有散布於眾的意圖。況且被告與證人程譯慧並不熟識，僅在買麵線期間與被告攀談，被告卻將足以損害自訴人名譽之系爭言論散布於程譯慧，而程譯慧並未主動提及龍興店話題，被告也沒有刻意壓低音量或中斷談話內容，被告...,上訴駁回。,,https://judgment.judicial.gov.tw/FJUD/data.aspx?ty=JD&id=TPHM%2c115%2c%e4%b8%8a%e6%98%93%2c801%2c20260729%2c1&ot=in
臺灣高等法院 115 年度 上易 字第 174 號刑事判決,115.07.29,妨害名譽,,,,,,賤女人、不要臉的女人、到處勾引男人、跟局內男同事有不正常關係、夾娃娃,"一、蔡貿丞與周孟萱前為中華郵政股份有限公司（下稱郵局）北投郵局同事，其等長期相處不睦。蔡貿丞於民國111年冬天某日，前往臺北郵局受訓，於當日晚間受訓結束後與同事林玟、楊晴閔等人一同搭乘捷運返家，詎蔡貿丞因對周孟萱心生不滿，竟意圖散布於眾，基於誹謗之犯意，在不特定多數人均得共見共聞之捷運車廂內，大聲發表周孟萱為「賤女人、不要臉的女人、到處勾引男人、跟局內男同事有不正常關係、夾娃娃」等言論，以此方式指摘周孟萱與男性同事關係混亂，且曾墮胎等足以毀損周孟萱名譽、人格及社會評價之不實言論。
二、案經周孟萱告訴臺灣士林地方檢察署檢察官偵查起訴。","原判決撤銷。
蔡貿丞犯誹謗罪，處拘役貳拾日，如易科罰金，以新臺幣壹仟元折算壹日。",,https://judgment.judicial.gov.tw/FJUD/data.aspx?ty=JD&id=TPHM%2c115%2c%e4%b8%8a%e6%98%93%2c174%2c20260729%2c1&ot=in
臺灣高等法院 115 年度 上易 字第 902 號刑事判決,115.07.28,妨害名譽等,,,,,,未明確提取,及,上訴駁回。,,https://judgment.judicial.gov.tw/FJUD/data.aspx?ty=JD&id=TPHM%2c115%2c%e4%b8%8a%e6%98%93%2c902%2c20260728%2c1&ot=in
臺灣南投地方法院 115 年度 投簡附民 字第 44 號刑事裁定,115.07.28,因妨害名譽案提起附帶民事訴訟,,,,,,未明確提取,,,,https://judgment.judicial.gov.tw/FJUD/data.aspx?ty=JD&id=NTDM%2c115%2c%e6%8a%95%e7%b0%a1%e9%99%84%e6%b0%91%2c44%2c20260728%2c1&ot=in
臺灣南投地方法院 115 年度 原附民 字第 35 號刑事裁定,115.07.28,因妨害名譽案提起附帶民事訴訟,,,,,,未明確提取,,,,https://judgment.judicial.gov.tw/FJUD/data.aspx?ty=JD&id=NTDM%2c115%2c%e5%8e%9f%e9%99%84%e6%b0%91%2c35%2c20260728%2c1&ot=in
臺灣新北地方法院 115 年度 簡上 字第 104 號刑事判決,115.07.28,妨害名譽,,,,,,未明確提取,及,上訴駁回。,,https://judgment.judicial.gov.tw/FJUD/data.aspx?ty=JD&id=PCDM%2c115%2c%e7%b0%a1%e4%b8%8a%2c104%2c20260728%2c1&ot=in
臺灣南投地方法院 115 年度 投簡 字第 290 號刑事判決,115.07.28,妨害名譽,,,,,,未明確提取,及,"Ａ０４犯公然侮辱罪，處罰金新臺幣3,000元，如易服勞役，以新臺幣1,000元折算1日。",,https://judgment.judicial.gov.tw/FJUD/data.aspx?ty=JD&id=NTDM%2c115%2c%e6%8a%95%e7%b0%a1%2c290%2c20260728%2c1&ot=in
臺灣臺中地方法院 115 年度 簡上 字第 197 號刑事判決,115.07.28,妨害名譽,,,,,,未明確提取,及,上訴駁回。,,https://judgment.judicial.gov.tw/FJUD/data.aspx?ty=JD&id=TCDM%2c115%2c%e7%b0%a1%e4%b8%8a%2c197%2c20260728%2c1&ot=in
臺灣新竹地方法院 115 年度 簡上 字第 36 號刑事判決,115.07.28,妨害名譽,,,,,,未明確提取,及,"上訴駁回。
Ａ０１緩刑貳年，緩刑期內付保護管束，並應於期間內履行及遵守下列事項：於本案判決確定之日起壹年陸月內，向執行檢察官指定之政府機關、政府機構、行政法人、社區或其他符合公益目的之機構或團體，提供陸拾小時之義務勞務。",,https://judgment.judicial.gov.tw/FJUD/data.aspx?ty=JD&id=SCDM%2c115%2c%e7%b0%a1%e4%b8%8a%2c36%2c20260728%2c2&ot=in
臺灣南投地方法院 115 年度 原易 字第 14 號刑事判決,115.07.28,妨害名譽等,,,,,,未明確提取,"為有罪之陳述，經告以簡式審判程序之旨，並聽取當事人之意見後，本院依簡式審判程序，判決如下：
　　主　文
程永生犯如附表各編號「",程永生犯如附表各編號「論罪科刑」欄所示之罪，各處如附表各編號「論罪科刑」欄所示之刑。應執行拘役伍拾伍日，如易科罰金，以新臺幣壹仟元折算壹日。,,https://judgment.judicial.gov.tw/FJUD/data.aspx?ty=JD&id=NTDM%2c115%2c%e5%8e%9f%e6%98%93%2c14%2c20260728%2c1&ot=in
臺灣彰化地方法院 115 年度 簡 字第 1990 號刑事判決,115.07.27,妨害名譽,,,,,,未明確提取,及,李小娟犯誹謗罪，處拘役參拾日，如易科罰金，以新臺幣壹仟元折算壹日。,,https://judgment.judicial.gov.tw/FJUD/data.aspx?ty=JD&id=CHDM%2c115%2c%e7%b0%a1%2c1990%2c20260727%2c1&ot=in
臺灣新北地方法院 115 年度 審簡 字第 477 號刑事判決,115.07.27,妨害名譽,,,,,,未明確提取,及,張又仁犯公然侮辱罪，處罰金新臺幣玖仟元，如易服勞役，以新臺幣壹仟元折算壹日。,,https://judgment.judicial.gov.tw/FJUD/data.aspx?ty=JD&id=PCDM%2c115%2c%e5%af%a9%e7%b0%a1%2c477%2c20260727%2c1&ot=in
臺灣新北地方法院 115 年度 審易 字第 1875 號刑事判決,115.07.24,妨害名譽,,,,,,未明確提取,,本件公訴不受理。,,https://judgment.judicial.gov.tw/FJUD/data.aspx?ty=JD&id=PCDM%2c115%2c%e5%af%a9%e6%98%93%2c1875%2c20260724%2c1&ot=in
臺灣臺北地方法院 114 年度 附民 字第 2072 號刑事判決,115.07.24,因妨害名譽案附帶民訴,,,,,,未明確提取,,原告之訴及假執行之聲請均駁回。,,https://judgment.judicial.gov.tw/FJUD/data.aspx?ty=JD&id=TPDM%2c114%2c%e9%99%84%e6%b0%91%2c2072%2c20260724%2c1&ot=in
臺灣臺北地方法院 114 年度 自 字第 38 號刑事裁定,115.07.24,妨害名譽,,,,,,未明確提取,,自訴人應於本裁定送達翌日起伍日內補正被告「未知被告真實姓名和地址，懇請　鈞院調查」之姓名、性別、年齡、住所或居所，或其他足資辨別之特徵，並按被告之人數提出民國114年6月11日「刑事自訴暨聲請調查證據狀」、114年7月18日「刑事陳報狀」之繕本。,,https://judgment.judicial.gov.tw/FJUD/data.aspx?ty=JD&id=TPDM%2c114%2c%e8%87%aa%2c38%2c20260724%2c2&ot=in
臺灣士林地方法院 114 年度 易 字第 1006 號刑事判決,115.07.24,妨害名譽,,,,,,在台灣的外籍新娘成千上萬，又不是只有妳一個人，又不是只有妳這個畜生 | 就像妳老公正在跟妳恩愛時，不是下一秒他把那個直接塞進去，如果你的老公整根直接塞進去，那妳的洞就變成排水管了 | 我真的很同情妳父母，懷胎妳九個月又十天，把妳生下，把妳養育成人但是妳的腦袋裝大便 | 妳讓妳的老爸還有妳那個婊子老媽跟妳一樣變笨了 | 妳盯著幹什麼？妳想要舔我的雞掰對吧？舔不完，就叫妳老爸還有妳婊子老媽繼續舔，對吧？,陳蓓梢與范松薇素不相識，僅因影片直播產生爭執，竟基於公然侮辱之犯意，於民國114年1月11日13時許，以網際網路連線至TikTok（下稱抖音）網站，開啟直播，在直播過程中手持手機顯示范松薇臉部之直播影片，以越南話「在台灣的外籍新娘成千上萬，又不是只有妳一個人，又不是只有妳這個畜生」、「就像妳老公正在跟妳恩愛時，不是下一秒他把那個直接塞進去，如果你的老公整根直接塞進去，那妳的洞就變成排水管了」、「我真的很同情妳父母，懷胎妳九個月又十天，把妳生下，把妳養育成人但是妳的腦袋裝大便」、「妳讓妳的老爸還有妳那個婊子老媽跟妳一樣變笨了」、「妳盯著幹什麼？妳想要舔我的雞掰對吧？舔不完，就叫妳老爸還有妳婊子老...,陳蓓梢犯公然侮辱罪，處拘役拾日，如易科罰金，以新臺幣壹仟元折算壹日。,,https://judgment.judicial.gov.tw/FJUD/data.aspx?ty=JD&id=SLDM%2c114%2c%e6%98%93%2c1006%2c20260724%2c1&ot=in
臺灣臺北地方法院 114 年度 易 字第 1430 號刑事判決,115.07.24,妨害名譽,,,,,,悲哀、可憐 | 事實陳述 | 意見表達 | 事實陳述 | 意見表達 | 怠惰 | 懈怠懶惰 | 怠惰 | 瀆職 | 瀆職 | 意見表達,"應依證據認定之，無證據不得認定犯罪事實。不能證明被告犯罪，應諭知無罪之判決，刑事訴訟法第154條第2項、第301條第1項分別定有明文。又檢察官就被告犯罪事實，應負舉證責任，並指出證明之方法，同法第161條第1項亦有明定。因此，檢察官對於起訴之犯罪事實，應負提出證據及說服之實質舉證責任。倘其所提出之證據，不足為被告有罪之積極證明，或其指出證明之方法，無從說服法院以形成被告有罪之心證，基於無罪推定之原則，自應為被告無罪判決之諭知，最高法院92年台上字第128號判決先例意旨可資參照。
三、公訴意旨認被告涉犯妨害名譽罪嫌，無非係以被告之供述、證人即告訴人許阿萍之證述、證人即在場之潘信行之證述及114年...",陳銘謙無罪。,,https://judgment.judicial.gov.tw/FJUD/data.aspx?ty=JD&id=TPDM%2c114%2c%e6%98%93%2c1430%2c20260724%2c1&ot=in
臺灣士林地方法院 115 年度 簡 字第 207 號刑事判決,115.07.23,妨害名譽,,,,,,未明確提取,及,Ａ０５犯誹謗罪，處拘役拾伍日，如易科罰金，以新臺幣壹仟元折算壹日。,,https://judgment.judicial.gov.tw/FJUD/data.aspx?ty=JD&id=SLDM%2c115%2c%e7%b0%a1%2c207%2c20260723%2c1&ot=in
臺灣新北地方法院 115 年度 易 字第 677 號刑事判決,115.07.23,妨害名譽,,,,,,路霸之王 | 相罵無好話 | 停放車輛 | 外部社會的評價 | 名譽感情 | 臭機掰 | 幹你娘機掰 | 肖耶 | 臭機掰 | 幹你娘機掰 | 臭機掰 | 幹你娘機掰 | 路霸之王 | 臭機掰 | 幹你娘機掰 | 最低限度的道德 | 言論糾察隊 | 道德價值的決定者,"，應該依據證據，如果無法發現相當證據，或者是證據不能夠證明，自然不可以用推測或者擬制的方法，當作裁判的基礎。而且檢察官對於起訴的犯罪事實，負有提出證據及說服的實質舉證責任，如果檢察官提出的證據，無法積極證明被告有罪，或者檢察官指出的證明方法，不能說服法院而形成被告有罪之心證（必須達到通常一般人都沒有合理懷疑的程度），在無罪推定原則的要求下，就應該判決被告為無罪。
三、檢察官起訴主要的依據：㈠被告於警詢、偵查供述；㈡告訴人於警詢、偵查證述；㈢譯文、監視器影像擷圖及光碟。
四、被告否認犯罪，並辯稱：那天我開車從宜蘭來臺北找我的姐姐，車子就停在巷子的巷口，我出來的時候看到告訴人拿手機在拍，說我是路霸...",吳榮興無罪。,,https://judgment.judicial.gov.tw/FJUD/data.aspx?ty=JD&id=PCDM%2c115%2c%e6%98%93%2c677%2c20260723%2c1&ot=in
臺灣高等法院 115 年度 上易 字第 920 號刑事判決,115.07.22,妨害名譽,,,,,,幹你娘 | 幹你娘 | 大聲一點（台語） | 大聲一點（台語）,"，已經可以認定。
　㈡惟依上開告訴人、被告之陳述內容及監視器錄影畫面截圖暨採證照片顯示，本件被告之所以會辱罵告訴人「幹你娘」之三字經言語，係因告訴人的大賣場手推車撞到被告右腳踝，被告因疼痛難耐才對告訴人辱罵「幹你娘」之三字經言語，且之後因告訴人還對被告說「大聲一點（台語）」，被告因憤怒才踹踢告訴人，是可認被告係基於一時氣憤之情緒宣洩其對告訴人之不滿，屬於衝突當場之偶發性行為，衝突時間短暫並非持續，亦無累積性、擴散性之效果，縱有在旁見聞者應能知悉被告係因推車撞擊事件始為上開言語，亦不致因聽聞被告表述上開言語，而對告訴人產生負面評價，反可能認係被告之修養問題，尚不足以減損告訴人的聲譽。況被告其後以...",上訴駁回。,,https://judgment.judicial.gov.tw/FJUD/data.aspx?ty=JD&id=TPHM%2c115%2c%e4%b8%8a%e6%98%93%2c920%2c20260722%2c1&ot=in
臺灣臺北地方法院 115 年度 附民 字第 616 號刑事裁定,115.07.22,因妨害名譽案附帶民訴,,,,,,未明確提取,,,,https://judgment.judicial.gov.tw/FJUD/data.aspx?ty=JD&id=TPDM%2c115%2c%e9%99%84%e6%b0%91%2c616%2c20260722%2c1&ot=in
臺灣臺北地方法院 115 年度 易 字第 491 號刑事判決,115.07.22,妨害名譽,,,,,,全家福大樓社區 | 全家福大樓管委會 | 妳該吃藥就正常吃別瘋了20多年還未癒,"一、劉雲卿與Ａ０２分別為位於臺北市○○區○○○路000號11樓之7「全家福大樓社區」管理委員會前主任委員及住戶，雙方因移交社區帳冊及繳交管理費等問題發生糾紛，Ａ０３竟基於公然侮辱之犯意，於民國114年9月10日8時29分許，在多數人得以共見共聞之通訊軟體LINE群組「全家福大樓管委會」裡，公開留言「妳該吃藥就正常吃別瘋了20多年還未癒」等語，足以貶損Ａ０２之名譽及社會評價。
二、案經Ａ０２訴由臺北市政府警察局大同分局報告臺灣臺北地方檢察署檢察官偵查後聲請簡易判決處刑。",劉雲卿犯公然侮辱罪，處罰金新臺幣參仟元，如易服勞役，以新臺幣壹仟元折算壹日。,,https://judgment.judicial.gov.tw/FJUD/data.aspx?ty=JD&id=TPDM%2c115%2c%e6%98%93%2c491%2c20260722%2c1&ot=in
臺灣苗栗地方法院 115 年度 苗簡 字第 570 號刑事判決,115.07.22,妨害名譽,,,,,,未明確提取,及,Ａ０２犯公然侮辱罪，處罰金新臺幣陸仟元，如易服勞役，以新臺幣壹仟元折算壹日。,,https://judgment.judicial.gov.tw/FJUD/data.aspx?ty=JD&id=MLDM%2c115%2c%e8%8b%97%e7%b0%a1%2c570%2c20260722%2c1&ot=in
臺灣高等法院 115 年度 附民 字第 766 號刑事裁定,115.07.21,妨害名譽,,,,,,未明確提取,,,,https://judgment.judicial.gov.tw/FJUD/data.aspx?ty=JD&id=TPHM%2c115%2c%e9%99%84%e6%b0%91%2c766%2c20260721%2c1&ot=in
臺灣高等法院 高雄分院 115 年度 上易 字第 232 號刑事判決,115.07.21,妨害名譽,,,,,,名譽 | 真實社會名譽 | 名譽人格（自然人） | 名譽感情 | 依個案之表意脈絡 | 故意公然貶損他人名譽 | 對他人名譽之影響已逾一般人合理忍受範圍 | 要有水準一點,"，先堪以認定。
　㈡惟按刑法第309條第1項規定所處罰之公然侮辱行為，係指依個案之表意脈絡，表意人故意發表公然貶損他人名譽之言論，已逾越一般人可合理忍受之範圍；經權衡該言論對他人名譽權之影響，及該言論依其表意脈絡是否有益於公共事務之思辯，或屬文學、藝術之表現形式，或具學術、專業領域等正面價值，於個案足認他人之名譽權應優先於表意人之言論自由而受保障者。所謂「名譽」，僅限於「真實社會名譽」及「名譽人格（自然人）」，前者指第三人對於一人之客觀評價，後者即被害人在社會生活中應受平等對待及尊重之主體地位、人性尊嚴，不包含取決於個人主觀感受之「名譽感情」，且真實社會名譽縱受侮辱性言論侵害，倘非重大而仍可能...",上訴駁回。,,https://judgment.judicial.gov.tw/FJUD/data.aspx?ty=JD&id=KSHM%2c115%2c%e4%b8%8a%e6%98%93%2c232%2c20260721%2c1&ot=in
臺灣高等法院 115 年度 上易 字第 578 號刑事判決,115.07.21,妨害名譽,,,,,,未明確提取,,"原判決撤銷。
李維中無罪。",,https://judgment.judicial.gov.tw/FJUD/data.aspx?ty=JD&id=TPHM%2c115%2c%e4%b8%8a%e6%98%93%2c578%2c20260721%2c1&ot=in
臺灣高等法院 115 年度 上易 字第 873 號刑事判決,115.07.21,妨害名譽,,,,,,未明確提取,及,上訴駁回。,,https://judgment.judicial.gov.tw/FJUD/data.aspx?ty=JD&id=TPHM%2c115%2c%e4%b8%8a%e6%98%93%2c873%2c20260721%2c1&ot=in
臺灣士林地方法院 115 年度 易 字第 442 號刑事裁定,115.07.21,妨害名譽,,,,,,未明確提取,,本件逕以簡易判決處刑。,,https://judgment.judicial.gov.tw/FJUD/data.aspx?ty=JD&id=SLDM%2c115%2c%e6%98%93%2c442%2c20260721%2c1&ot=in
臺灣臺東地方法院 115 年度 東簡 字第 69 號刑事判決,115.07.21,妨害名譽等,,,,,,未明確提取,及,Ａ０３犯個人資料保護法第四十一條之非公務機關非法利用個人資料罪，處有期徒刑貳月，如易科罰金，以新臺幣壹仟元折算壹日。緩刑貳年。,,https://judgment.judicial.gov.tw/FJUD/data.aspx?ty=JD&id=TTDM%2c115%2c%e6%9d%b1%e7%b0%a1%2c69%2c20260721%2c1&ot=in
臺灣南投地方法院 115 年度 易 字第 280 號刑事判決,115.07.21,妨害名譽,,,,,,未明確提取,"為有罪之陳述，經告以簡式審判程序之旨，並聽取當事人之意見後，本院依簡式審判程序，判決如下：
　　主　文
戴進發犯公然侮辱罪，處拘役拾伍日，如易科罰金，以新臺幣壹仟元折算壹日。
　　事實及",戴進發犯公然侮辱罪，處拘役拾伍日，如易科罰金，以新臺幣壹仟元折算壹日。,,https://judgment.judicial.gov.tw/FJUD/data.aspx?ty=JD&id=NTDM%2c115%2c%e6%98%93%2c280%2c20260721%2c1&ot=in
臺灣彰化地方法院 115 年度 簡 字第 1755 號刑事判決,115.07.20,妨害名譽,,,,,,未明確提取,及,陳銘傑犯公然侮辱罪，處拘役拾日，如易科罰金，以新臺幣壹仟元折算壹日。,,https://judgment.judicial.gov.tw/FJUD/data.aspx?ty=JD&id=CHDM%2c115%2c%e7%b0%a1%2c1755%2c20260720%2c1&ot=in
臺灣苗栗地方法院 115 年度 苗原簡 字第 28 號刑事判決,115.07.20,家暴妨害名譽,,,,,,未明確提取,及,黃暐軒犯散布文字誹謗罪，處拘役貳拾日，如易科罰金，以新臺幣壹仟元折算壹日。,,https://judgment.judicial.gov.tw/FJUD/data.aspx?ty=JD&id=MLDM%2c115%2c%e8%8b%97%e5%8e%9f%e7%b0%a1%2c28%2c20260720%2c1&ot=in
臺灣高等法院 115 年度 上易 字第 1017 號刑事判決,115.07.17,妨害名譽,,,,,,甜甜圈怪規定前員工掃老闆家，如奴隸 | 奴隸 | 穿短褲打掃 | 控強迫學『抬頭蛙 | 如奴隸 | 強迫學抬頭蛙 | 扣薪 | 扣薪,"，逐項確認其真實性與可靠性，而被告2人僅就可見之外觀設施為拍攝，卻未查證核心指控是否屬實，尤未平衡呈現上訴人之完整說明，自難謂已盡合理查證義務。本件被告2人以下報導之具體指控，未詳加查證且未平衡呈現上訴人之說明如下：
　⒈標題：「甜甜圈怪規定前員工掃老闆家，如奴隸」；內容指稱員工休假日須至陽明山別墅打掃、整理泳池落葉、下水撿硬幣、裝設太陽能板，並有穿短褲打掃等情。實則上訴人提供休閒會館供同仁使用，清潔係由使用者與固定輪值人員於上班日處理，並無休假日強迫員工至老闆住處打掃之事，與「奴隸」之描述全然不同；太陽能板係由專業承包商及師傅安裝，未有員工參與；至於「穿短褲打掃」部分，上訴人否認，被告2人未...",上訴駁回。,,https://judgment.judicial.gov.tw/FJUD/data.aspx?ty=JD&id=TPHM%2c115%2c%e4%b8%8a%e6%98%93%2c1017%2c20260717%2c1&ot=in
臺灣屏東地方法院 115 年度 易 字第 502 號刑事判決,115.07.17,妨害名譽,,,,,,未明確提取,,本件公訴不受理。,,https://judgment.judicial.gov.tw/FJUD/data.aspx?ty=JD&id=PTDM%2c115%2c%e6%98%93%2c502%2c20260717%2c1&ot=in
臺灣臺中地方法院 115 年度 審易 字第 1852 號刑事判決,115.07.17,妨害名譽,,,,,,未明確提取,,本件公訴不受理。,,https://judgment.judicial.gov.tw/FJUD/data.aspx?ty=JD&id=TCDM%2c115%2c%e5%af%a9%e6%98%93%2c1852%2c20260717%2c1&ot=in
臺灣屏東地方法院 114 年度 易 字第 1106 號刑事判決,115.07.17,妨害名譽,,,,,,未明確提取,,本件公訴不受理。,,https://judgment.judicial.gov.tw/FJUD/data.aspx?ty=JD&id=PTDM%2c114%2c%e6%98%93%2c1106%2c20260717%2c1&ot=in
臺灣雲林地方法院 115 年度 易 字第 457 號刑事判決,115.07.17,妨害名譽,,,,,,此人廖翊傑 雲林人 偷錢 有消息請通知 重賞 | 此人廖翊傑 雲林人 嘉義錢櫃喝酒偷錢 幫高調 不求錢討回來 只求一個公道,"為有罪之陳述，本院合議庭裁定由受命法官獨任進行簡式審判程序，判決如下：
　　主　文
賴柏辰犯散布文字誹謗罪，處拘役15日，如易科罰金，以新臺幣1,000元折算1日。
　　犯罪事實
一、賴柏辰、廖翊傑及其他數名友人於民國114年12月7日，在嘉義市○區○○路000號錢櫃KTV包廂內唱歌期間，賴柏辰發現其所攜帶之現金新臺幣72,900元遺失，其未經合理查證，亦無證據證明該筆款項遺失與廖翊傑有關，竟意圖散布於眾，基於散布文字誹謗之犯意，於同日6時許，在其位於嘉義縣民雄鄉之住處（地址詳卷）連結網路上網，接續在其個人社群平臺Threads公開張貼「此人廖翊傑 雲林人 偷錢 有消息請通知 重賞」之文字及廖...","賴柏辰犯散布文字誹謗罪，處拘役15日，如易科罰金，以新臺幣1,000元折算1日。",,https://judgment.judicial.gov.tw/FJUD/data.aspx?ty=JD&id=ULDM%2c115%2c%e6%98%93%2c457%2c20260717%2c1&ot=in
臺灣臺中地方法院 115 年度 審簡 字第 1153 號刑事判決,115.07.17,妨害名譽,,,,,,未明確提取,及,Ａ０４犯加重誹謗罪，處拘役貳拾日，如易科罰金，以新臺幣壹仟元折算壹日。,,https://judgment.judicial.gov.tw/FJUD/data.aspx?ty=JD&id=TCDM%2c115%2c%e5%af%a9%e7%b0%a1%2c1153%2c20260717%2c1&ot=in
臺灣高雄地方法院 115 年度 簡 字第 2286 號刑事判決,115.07.16,妨害名譽,,,,,,未明確提取,及,劉丹麗犯散布文字誹謗罪，處拘役拾日，如易科罰金，以新臺幣壹仟元折算壹日。,,https://judgment.judicial.gov.tw/FJUD/data.aspx?ty=JD&id=KSDM%2c115%2c%e7%b0%a1%2c2286%2c20260716%2c1&ot=in
臺灣基隆地方法院 115 年度 原易 字第 20 號刑事判決,115.07.16,妨害名譽,,,,,,未明確提取,,本件公訴不受理。,,https://judgment.judicial.gov.tw/FJUD/data.aspx?ty=JD&id=KLDM%2c115%2c%e5%8e%9f%e6%98%93%2c20%2c20260716%2c1&ot=in
臺灣高等法院 臺中分院 115 年度 上易 字第 363 號刑事判決,115.07.15,妨害名譽,,,,,,未明確提取,及,上訴駁回。,,https://judgment.judicial.gov.tw/FJUD/data.aspx?ty=JD&id=TCHM%2c115%2c%e4%b8%8a%e6%98%93%2c363%2c20260715%2c1&ot=in
臺灣新北地方法院 115 年度 簡 字第 2727 號刑事判決,115.07.15,妨害名譽,,,,,,未明確提取,及,Ａ０２犯公然侮辱罪，處拘役參拾日，如易科罰金，以新臺幣壹仟元折算壹日。,,https://judgment.judicial.gov.tw/FJUD/data.aspx?ty=JD&id=PCDM%2c115%2c%e7%b0%a1%2c2727%2c20260715%2c1&ot=in
臺灣士林地方法院 115 年度 易 字第 398 號刑事判決,115.07.15,妨害名譽,,,,,,黑貓俱樂部 | 王孋儀 | @官卉妤 你跟Peter一夜情在新竹是Peter親口告訴我的 | @官卉妤 他為甚麼後來還沒選擇你他說你跟他發生關係後在歌友會你都沒理他有一次你喝醉了坐在沙發上腳開開的他就不想要你了 | 台灣之美歌友會 | 阿卿歡唱好友群 | 美麗的寶島歌舞會 | 王孋儀 | @官卉妤 這是我最後一次告誡妳，我很少參加歌友會，但請以後若在歌友會有看到我，請妳不要過來我這桌(除非我不在)因為妳是我的表姐，我覺得基於道德標準，我們不適合坐同桌，我看到妳，就會有你們在床上的畫面，對我來說太殘忍，聽說妳要告我，我也很期待人要懂點兒法律，懂人性還要知廉恥，我真想看看那兩個被妳睡過的人(全歌友會的人幾乎都知道)會不會出庭幫妳作證沒跟妳睡過...,"一、王孋儀因與前男友感情問題對官卉妤心生不滿，意圖散布於眾，基於散布文字誹謗之犯意，而接續為下列行為：
（一）於民國114年6月16日11時46分許，在臺北市○○區○○街0段000巷0弄0號3樓住處，以手機連接網際網路，在多數特定成員得以共見共聞之通訊軟體LINE「黑貓俱樂部」群組內（群組人數約200人至500人），以暱稱「王孋儀」發表「@官卉妤 你跟Peter一夜情在新竹是Peter親口告訴我的」、「@官卉妤 他為甚麼後來還沒選擇你他說你跟他發生關係後在歌友會你都沒理他有一次你喝醉了坐在沙發上腳開開的他就不想要你了」，以此方式指摘、傳述上開涉於私德而與公共利益無關事項，足以貶損官卉妤之名譽、...",王孋儀犯散布文字誹謗罪，處有期徒刑貳月，如易科罰金，以新臺幣壹仟元折算壹日。,,https://judgment.judicial.gov.tw/FJUD/data.aspx?ty=JD&id=SLDM%2c115%2c%e6%98%93%2c398%2c20260715%2c1&ot=in
臺灣彰化地方法院 115 年度 易 字第 119 號刑事判決,115.07.15,妨害名譽,,,,,,幹你娘 | 幹你娘 | 你老了，可以死了 | 你趕快去死啦 | 幹你老，早就要打你了，你還這麼白目 | 幹你老你這操機掰 | 幹你老 | 臭機掰 | 幹你娘 | 幹你老 | 臭機掰 | 幹你娘 | 幹你老 | 臭機掰 | 幹你娘 | 幹你娘 | 幹你娘 | 幹你娘 | 幹你娘,，仍無礙於告訴之效力。又告訴乃論之罪，告訴人之告訴，祇須指明所告訴之犯罪事實及表示希望訴追之意思，即為已足。其所訴之罪名是否正確或無遺漏，在所不問（最高法院74年台上字第1281號、73年台上字第5222號判決意旨可參）。是查，告訴人於警詢時之最後，經員警詢問要對何人提告、提出何告訴，告訴人雖僅回答：要對被告提出恐嚇告訴等語（見偵卷第15頁。又被告所涉恐嚇罪嫌，業經檢察官不另為不起訴處分，而不在本案起訴範圍），但告訴人於製作警詢筆錄之初，經員警詢問因何事來製作詢問筆錄，告訴人表示：因為遭到被告以言詞對其公然侮辱、恐嚇，所以到派出所報案提告等語，之後即敘述上述公訴意旨內容（見偵卷第13至14頁）...,施勝湖無罪。,,https://judgment.judicial.gov.tw/FJUD/data.aspx?ty=JD&id=CHDM%2c115%2c%e6%98%93%2c119%2c20260715%2c1&ot=in
臺灣臺中地方法院 113 年度 易 字第 3786 號刑事判決,115.07.15,妨害名譽等,,,,,,○○○（即甲女大學學號），從這開始吧,一、緣韓念凱前因喜愛甲女（真實姓名年籍詳卷）角色扮演之作品，透過社群軟體與甲女有所互動，並向其購買角色扮演之拍立得照片。嗣韓念凱因甲女久未回覆訊息，因而心生不滿，竟意圖散布於眾，基於恐嚇、公然侮辱、散布文字誹謗及跟蹤騷擾之犯意，於民國112年12月30日，以電子設備連結網際網路搜尋關於甲女就讀學校之學號後，透過其使用之社群軟體Insatgram（下稱IG）帳號（詳卷，下稱本案帳號），傳送訊息「○○○（即甲女大學學號），從這開始吧」等語予甲女，並透過社群軟體IG、臉書追蹤、瀏覽甲女及其親友之帳號貼文，反覆、持續於附表所示之時間，以本案帳號分別在社群軟體IG、Threads，公開發表如附表所示涉於...,韓念凱犯散布文字誹謗罪，處有期徒刑伍月，如易科罰金，以新臺幣壹仟元折算壹日。,,https://judgment.judicial.gov.tw/FJUD/data.aspx?ty=JD&id=TCDM%2c113%2c%e6%98%93%2c3786%2c20260715%2c1&ot=in
臺灣彰化地方法院 115 年度 易 字第 625 號刑事判決,115.07.14,妨害名譽,,,,,,林啟豪 | 觀之附表所示文章內容，為被告單方陳述，縱認雙方曾有交易糾紛，然尚與公益或公眾事務無涉，較屬個人私德事項，惟客觀上已損及告訴人之名譽，另被告於附表所示文章內容中使用『狗在那邊吠 | 神經病中猴 | 侮辱 | 林啟豪 | 神經病中猴 | 林啟豪 | 林啟豪,應依證據認定之，無證據不得認定犯罪事實；不能證明被告犯罪者應諭知無罪之判決，刑事訴訟法第154條第2項、第301條第1項分別定有明文。次按認定犯罪事實所憑之證據，雖不以直接證據為限，間接證據亦包括在內；然無論直接或間接證據，其為訴訟上之證明，須於通常一般之人均不致於有所懷疑，而得確信其為真實之程度者，始得據之為有罪之認定，倘其證明尚未達到此一程度，而有合理性懷疑之存在時，即難遽採為不利被告之認定（最高法院76年台上字第4986號判決參照）。再按刑事訴訟法第161條第1項規定：檢察官就被告犯罪事實，應負舉證責任，並指出證明之方法。因此，檢察官對於起訴之犯罪事實，應負提出證據及說服之實質舉證責任。...,林啟豪無罪。,,https://judgment.judicial.gov.tw/FJUD/data.aspx?ty=JD&id=CHDM%2c115%2c%e6%98%93%2c625%2c20260714%2c1&ot=in
臺灣士林地方法院 115 年度 審簡 字第 655 號刑事判決,115.07.13,妨害名譽,,,,,,未明確提取,及,江政哲犯公然侮辱罪，處罰金新臺幣伍仟元，如易服勞役，以新臺幣壹仟元折算壹日。,,https://judgment.judicial.gov.tw/FJUD/data.aspx?ty=JD&id=SLDM%2c115%2c%e5%af%a9%e7%b0%a1%2c655%2c20260713%2c1&ot=in
臺灣臺北地方法院 115 年度 簡 字第 2022 號刑事判決,115.07.13,妨害名譽,,,,,,未明確提取,及,劉勝宏犯散布文字誹謗罪，處罰金新臺幣伍仟元，如易服勞役，以新臺幣壹仟元折算壹日。,,https://judgment.judicial.gov.tw/FJUD/data.aspx?ty=JD&id=TPDM%2c115%2c%e7%b0%a1%2c2022%2c20260713%2c1&ot=in
臺灣高等法院 臺中分院 115 年度 上易 字第 312 號刑事判決,115.07.09,妨害名譽,,,,,,蕭查某 | 蕭查某 | 蕭查某 | 蕭查某 | IMG_6132.MOV | 蕭查某 | 蕭查某 | 你說什麼！不然你是蕭查埔嗎？ | 蕭查某 | 蕭查某 | 蕭查某,"應依證據認定之，無證據不得認定犯罪事實；檢察官就被告犯罪事實，應負舉證責任，並指出證明之方法；不能證明被告犯罪者，應諭知無罪之判決，刑事訴訟法第154條第2項、第161條第1項、第301條第1項分別定有明文。因此，檢察官對於起訴之犯罪事實，應負提出證據及說服之實質舉證責任，所提直接或間接證據倘不足為有罪之積極證明，或所指證明方法無從說服法院達通常一般人均不致有所懷疑之有罪確信心證，基於無罪推定原則，更不必有何有利證據，即應為有利被告認定之無罪諭知。　　
三、聲請簡易判決處刑意旨認被告涉犯上開公然侮辱罪嫌，無非係以被告於偵查中之供述、告訴人、證人即同院保全組長孫○邦於偵查中之證述、醫療暴力案件通...",上訴駁回。,,https://judgment.judicial.gov.tw/FJUD/data.aspx?ty=JD&id=TCHM%2c115%2c%e4%b8%8a%e6%98%93%2c312%2c20260709%2c1&ot=in
臺灣高等法院 115 年度 上易 字第 457 號刑事判決,115.07.09,妨害名譽,,,,,,未明確提取,"一、劉薇薇（原名劉珮瑄，於民國114年12月29日更名）為○○○○大學（下稱○○大學）○○○學院院長陳美華之學生，因不滿陳美華不願為其通報性騷擾、啟動性平調查，竟意圖散布於眾，基於散布文字誹謗之犯意，接續於附表所示之發布時間，在附表編號1至6所示社群網站，以使用者名稱，發布如附表編號1至6之不實文字內容，而對陳美華為各編號之不實指摘，足以貶損陳美華之名譽及社會評價。
二、案經陳美華提出告訴，臺灣新竹地方檢察署檢察官聲請簡易判決處刑。",上訴駁回。,,https://judgment.judicial.gov.tw/FJUD/data.aspx?ty=JD&id=TPHM%2c115%2c%e4%b8%8a%e6%98%93%2c457%2c20260709%2c1&ot=in
臺灣花蓮地方法院 115 年度 簡 字第 123 號刑事判決,115.07.09,妨害名譽,,,,,,未明確提取,及,鄭仁皓共同犯誹謗罪，處有期徒刑伍月，如易科罰金，以新臺幣壹仟元折算壹日。,,https://judgment.judicial.gov.tw/FJUD/data.aspx?ty=JD&id=HLDM%2c115%2c%e7%b0%a1%2c123%2c20260709%2c1&ot=in
臺灣高雄地方法院 115 年度 簡 字第 1577 號刑事判決,115.07.09,妨害名譽,,,,,,未明確提取,及,吳榮隨犯強暴侮辱罪，處罰金新臺幣肆仟元，如易服勞役，以新臺幣壹仟元折算壹日。,,https://judgment.judicial.gov.tw/FJUD/data.aspx?ty=JD&id=KSDM%2c115%2c%e7%b0%a1%2c1577%2c20260709%2c1&ot=in
臺灣花蓮地方法院 114 年度 簡上 字第 38 號刑事判決,115.07.09,妨害名譽等,,,,,,未明確提取,部分，則不在第二審之審判範圍。如為數罪併罰之案件，亦得僅針對各罪之刑、沒收、保安處分或對併罰所定之應執行刑、沒收、保安處分，提起上訴，其效力不及於原審所認定之各犯罪事實，此部分犯罪事實不在上訴審審查範圍。」查被告黃俊祥不服原審依簡易程序所為之第一審判決，提起本件上訴，檢察官未提起上訴，被告並明示僅就原判決之科刑部分提起上訴（見簡上卷第119頁），依前開說明，本件上訴範圍僅及於原判決之「刑」，其餘原審所認定之犯罪事實、論罪法條部分，即非本院之審理範圍，故就此部分，均引用原審判決書所載之事實、證據、,"原判決關於刑之部分撤銷。
上開撤銷部分，黃俊祥處拘役貳拾柒日，如易科罰金，以新臺幣壹仟元折算壹日。",,https://judgment.judicial.gov.tw/FJUD/data.aspx?ty=JD&id=HLDM%2c114%2c%e7%b0%a1%e4%b8%8a%2c38%2c20260709%2c1&ot=in
臺灣彰化地方法院 115 年度 易 字第 1046 號刑事判決,115.07.08,妨害名譽,,,,,,未明確提取,,本件公訴不受理。,,https://judgment.judicial.gov.tw/FJUD/data.aspx?ty=JD&id=CHDM%2c115%2c%e6%98%93%2c1046%2c20260708%2c1&ot=in
臺灣高雄地方法院 115 年度 簡 字第 1940 號刑事判決,115.07.08,妨害名譽,,,,,,未明確提取,及,潘正一犯公然侮辱罪，處罰金新臺幣捌仟元，如易服勞役，以新臺幣壹仟元折算壹日。,,https://judgment.judicial.gov.tw/FJUD/data.aspx?ty=JD&id=KSDM%2c115%2c%e7%b0%a1%2c1940%2c20260708%2c1&ot=in
臺灣橋頭地方法院 115 年度 簡 字第 1884 號刑事判決,115.07.08,妨害名譽,,,,,,未明確提取,及,Ａ０３犯公然侮辱罪，處罰金新臺幣8千元，如易服勞役，以新臺幣1千元折算1日。,,https://judgment.judicial.gov.tw/FJUD/data.aspx?ty=JD&id=CTDM%2c115%2c%e7%b0%a1%2c1884%2c20260708%2c1&ot=in
臺灣臺中地方法院 115 年度 中簡 字第 509 號刑事判決,115.07.08,妨害名譽,,,,,,未明確提取,及,Ａ０２犯散布文字誹謗罪，處拘役參拾日，如易科罰金，以新臺幣壹仟元折算壹日。,,https://judgment.judicial.gov.tw/FJUD/data.aspx?ty=JD&id=TCDM%2c115%2c%e4%b8%ad%e7%b0%a1%2c509%2c20260708%2c1&ot=in
臺灣彰化地方法院 115 年度 簡 字第 1684 號刑事判決,115.07.07,妨害名譽,,,,,,未明確提取,及,施錦隆犯以網際網路妨害信用罪，處拘役肆拾日，如易科罰金，以新臺幣壹仟元折算壹日。,,https://judgment.judicial.gov.tw/FJUD/data.aspx?ty=JD&id=CHDM%2c115%2c%e7%b0%a1%2c1684%2c20260707%2c1&ot=in
臺灣花蓮地方法院 114 年度 原易 字第 222 號刑事判決,115.07.07,妨害名譽,,,,,,未明確提取,,本案公訴不受理。,,https://judgment.judicial.gov.tw/FJUD/data.aspx?ty=JD&id=HLDM%2c114%2c%e5%8e%9f%e6%98%93%2c222%2c20260707%2c1&ot=in
臺灣嘉義地方法院 115 年度 易 字第 429 號刑事宣示筆錄,115.07.07,妨害名譽,,,,,,"盈松木業有限公司 | 浩盛國際科技能源有限公司 | 你就是背骨 | 背骨就是背骨 | 你就是做一隻狗而已 | 法院應於協商合意範圍內為判決；法院為協商判決所科之
　　刑，以宣告緩刑或2 年以下有期徒刑、拘役或罰金為限","要旨、處罰條文、附記事項，
及告以上訴限制、期間並提出上訴狀之法院，且諭知記載其內容
：
一、主　文：
　　陳琬媖犯公然侮辱罪，處罰金新臺幣伍仟元，如易服勞役，
　　以新臺幣壹仟元折算壹日。
二、犯罪事實要旨：
　　陳琬媖係「盈松木業有限公司」（下稱盈松公司）代表人，
　　洪進樂原為盈松公司所僱用之員工，緣洪進樂因故遭盈松公
　　司資遣後，轉而任職於陳琬媖之配偶李豪( 已分居) 所開設
　　之「浩盛國際科技能源有限公司」( 下稱浩盛公司) ，陳琬
　　媖因而心生不滿，於民國114 年10月31日17時許，前往嘉義
　　縣○○市○○路00號浩盛公司廠區之公開場所，基於妨害名
　　譽之犯意，公然以...",、,,https://judgment.judicial.gov.tw/FJUD/data.aspx?ty=JD&id=CYDM%2c115%2c%e6%98%93%2c429%2c20260707%2c1&ot=in
臺灣南投地方法院 114 年度 易 字第 784 號刑事判決,115.07.07,妨害名譽,,,,,,未明確提取,及,Ａ０４犯散布文字誹謗罪，處有期徒刑參月，如易科罰金，以新臺幣壹仟元折算壹日。,,https://judgment.judicial.gov.tw/FJUD/data.aspx?ty=JD&id=NTDM%2c114%2c%e6%98%93%2c784%2c20260707%2c1&ot=in
臺灣新北地方法院 115 年度 審易 字第 1563 號刑事判決,115.07.06,妨害名譽,,,,,,未明確提取,"為有罪之陳述，經告知簡式審判程序之旨，並聽取當事人之意見後，本院裁定進行簡式審判程序，判決如下：
　　主　文
Ａ０４犯散布文字誹謗罪，處拘役肆拾日，如易科罰金，以新臺幣壹仟元折算壹日。
　　事實及",Ａ０４犯散布文字誹謗罪，處拘役肆拾日，如易科罰金，以新臺幣壹仟元折算壹日。,,https://judgment.judicial.gov.tw/FJUD/data.aspx?ty=JD&id=PCDM%2c115%2c%e5%af%a9%e6%98%93%2c1563%2c20260706%2c1&ot=in
臺灣臺北地方法院 115 年度 易 字第 307 號刑事判決,115.07.02,妨害名譽,,,,,,未明確提取,,本件公訴不受理。,,https://judgment.judicial.gov.tw/FJUD/data.aspx?ty=JD&id=TPDM%2c115%2c%e6%98%93%2c307%2c20260702%2c1&ot=in
臺灣新北地方法院 115 年度 易 字第 790 號刑事判決,115.07.02,妨害名譽,,,,,,運輸業職業徵才求職找工作人力銀行 | …過去司機妳說從來沒搞過司機？都是司機搞公司，沒有蓄意把司機貨給藏起來讓司機賠錢？…,"一、邱弘凱前於民國113年4月1日至同年6月4日止，任職於址設臺北市○○區○○○路00號3樓之永騰興業有限公司（下稱永騰公司），擔任司機。邱弘凱離職後，竟於113年7月9日前之不詳時間，基於加重誹謗之犯意，在社群網站FACEBOOK（下稱臉書）「運輸業職業徵才求職找工作人力銀行」社團內，發文標記永騰公司後，於該貼文留言處標註該公司員工陳淑雯，並留言：「…過去司機妳說從來沒搞過司機？都是司機搞公司，沒有蓄意把司機貨給藏起來讓司機賠錢？…」等不實內容（下稱本案內容），足以貶損永騰公司及陳淑雯之人格名譽及社會評價。嗣因永騰公司及陳淑雯瀏覽本案貼文，始悉上情。
二、案經永騰公司及陳淑雯訴由臺灣新北地方...",邱弘凱犯加重誹謗罪，處拘役伍拾日，如易科罰金，以新臺幣壹仟元折算壹日。,,https://judgment.judicial.gov.tw/FJUD/data.aspx?ty=JD&id=PCDM%2c115%2c%e6%98%93%2c790%2c20260702%2c1&ot=in
臺灣雲林地方法院 115 年度 易 字第 60 號刑事判決,115.07.02,妨害名譽,,,,,,Ａ０２ | 阿姨抱歉，這麼晚打擾妳，我跟你道歉，但是我要爭取我應該有的公道 | 我要給全世界整個社區知道妳女兒是怎麼樣的人 | 她明明給她前老闆睡過，我還有影片 | 你女兒私生活多亂妳知道嗎？還沒跟人離婚之前就玩交友軟體跟人曖昧，離婚直接搬出去跟人家同居，沒有嗎？,"一、Ａ０３因細故與Ａ０２有糾紛，竟意圖散布於眾，基於誹謗之犯意，於民國114年5月1日1時29分許，前往Ａ０２位於雲林縣○○市○○路000巷0弄0號2樓住處大門外，喊叫「Ａ０２」之名字，並大聲陳稱：「阿姨抱歉，這麼晚打擾妳，我跟你道歉，但是我要爭取我應該有的公道」、「我要給全世界整個社區知道妳女兒是怎麼樣的人」、「她明明給她前老闆睡過，我還有影片」、「你女兒私生活多亂妳知道嗎？還沒跟人離婚之前就玩交友軟體跟人曖昧，離婚直接搬出去跟人家同居，沒有嗎？」等語，具體指摘Ａ０２有不正當的親密關係等與公共利益無關、僅涉及私德，而足以貶損Ａ０２之人格及社會評價之事。
二、案經Ａ０２訴由雲林縣警察局斗六分局...",Ａ０３犯誹謗罪，處拘役貳拾日，如易科罰金，以新臺幣壹仟元折算壹日。,,https://judgment.judicial.gov.tw/FJUD/data.aspx?ty=JD&id=ULDM%2c115%2c%e6%98%93%2c60%2c20260702%2c1&ot=in
臺灣彰化地方法院 115 年度 易 字第 471 號刑事判決,115.07.01,妨害名譽,,,,,,幹你娘 | 龜兒子 | 啞巴喔,"一、羅光位於民國114年3月28日晚間8時許因駕車而與騎乘機車之江育倫發生行車糾紛，雙方即在彰化縣○○鄉○○路0段與○○巷口處停車理論並報警處理。詎羅光位於等待員警到場之際，基於公然侮辱之犯意，於同日晚間8時17分許至同時24分許之期間內，在上開不特定人得以自由經過而共見共聞之處，接續以「幹你娘」、「龜兒子」、「啞巴喔」（下合稱本案言詞）等語辱罵江育倫，足以貶損江育倫之人格尊嚴及社會評價。
二、案經江育倫訴由彰化縣警察局田中分局報請臺灣彰化地方檢察署檢察官偵查起訴。",羅光位犯公然侮辱罪，處罰金新臺幣陸仟元，如易服勞役，以新臺幣壹仟元折算壹日。,,https://judgment.judicial.gov.tw/FJUD/data.aspx?ty=JD&id=CHDM%2c115%2c%e6%98%93%2c471%2c20260701%2c1&ot=in
臺灣花蓮地方法院 115 年度 原簡 字第 11 號刑事判決,115.07.01,妨害名譽,,,,,,未明確提取,及,黃嫚婷犯散布文字誹謗罪，處拘役拾日，如易科罰金，以新臺幣壹仟元折算壹日。緩刑貳年，緩刑期間付保護管束，並應於保護管束期間內完成法治教育貳場次。,,https://judgment.judicial.gov.tw/FJUD/data.aspx?ty=JD&id=HLDM%2c115%2c%e5%8e%9f%e7%b0%a1%2c11%2c20260701%2c1&ot=in
臺灣新北地方法院 115 年度 簡 字第 2447 號刑事判決,115.06.30,妨害名譽,,,,,,未明確提取,及,Ａ０２犯公然侮辱罪，處罰金新臺幣伍仟元，如易服勞役，以新臺幣壹仟元折算壹日。,,https://judgment.judicial.gov.tw/FJUD/data.aspx?ty=JD&id=PCDM%2c115%2c%e7%b0%a1%2c2447%2c20260630%2c1&ot=in
臺灣新北地方法院 115 年度 簡 字第 2448 號刑事判決,115.06.30,妨害名譽,,,,,,未明確提取,及,Ａ０３犯公然侮辱罪，處拘役壹拾伍日，如易科罰金，以新臺幣壹仟元折算壹日。,,https://judgment.judicial.gov.tw/FJUD/data.aspx?ty=JD&id=PCDM%2c115%2c%e7%b0%a1%2c2448%2c20260630%2c1&ot=in
臺灣彰化地方法院 115 年度 簡 字第 1634 號刑事判決,115.06.30,妨害名譽,,,,,,未明確提取,及,侯雪雲犯誹謗罪，處罰金新臺幣肆仟元，如易服勞役，以新臺幣壹仟元折算壹日。,,https://judgment.judicial.gov.tw/FJUD/data.aspx?ty=JD&id=CHDM%2c115%2c%e7%b0%a1%2c1634%2c20260630%2c1&ot=in
臺灣新北地方法院 115 年度 自 字第 1 號刑事判決,115.06.30,妨害名譽,,,,,,百樂社區都更案住戶群組 | 勞資糾紛 | 涉嫌竊盜的告訴 | 默默挨打 | 慣老闆 | 信任工程 | 勞資糾紛 | 涉嫌竊盜的告訴,"，應該依據證據，如果無法發現相當證據，或者是證據不能夠證明，自然不可以用推測或者擬制的方法，當作裁判的基礎。而且檢察官對於起訴的犯罪事實，負有提出證據及說服的實質舉證責任，如果檢察官提出的證據，無法積極證明被告有罪，或者檢察官指出的證明方法，不能說服法院而形成被告有罪之心證（必須達到通常一般人都沒有合理懷疑的程度），在無罪推定原則的要求下，就應該判決被告為無罪。
三、自訴人提起自訴的主要依據：對話紀錄、報案證明、聲明稿、百樂社區資訊、宸佳公司登記資料、另案起訴狀及答辯狀、律師函、臺灣新北地方檢察署刑事傳票各1份。
四、被告坦承附件所示聲明稿為本人撰寫，但是否認犯罪，並辯稱：我沒有將聲明稿傳到群...",曾柏勳無罪。,,https://judgment.judicial.gov.tw/FJUD/data.aspx?ty=JD&id=PCDM%2c115%2c%e8%87%aa%2c1%2c20260630%2c1&ot=in
臺灣新北地方法院 115 年度 易 字第 826 號刑事判決,115.06.30,妨害名譽,,,,,,未明確提取,應依證據認定之，無證據不得認定其犯罪事實；不能證明被告犯罪者，應諭知無罪之判決；刑事訴訟法第154條第2項、第301條第1項分別定有明文。刑事訴訟法第161條第1項規定檢察官就被告犯罪事實，應負舉證責任，並指出證明之方法。對於其所訴之被告犯罪事實，應負提出證據及說服之實質舉證責任，倘所提出之證據，不足為被告有罪之積極證明，或其闡明之證明方法，無從說服法官以形成被告有罪之心證，基於無罪推定之原則，自應為被告無罪判決之諭知。而所謂認定犯罪事實之證據，係指足以認定被告確有犯罪行為之積極證據而言，如未發現相當證據，或證據不足以證明，自不能以推測或擬制之方法，以為裁判基礎（最高法院40年台上字第86號判...,蕭玉娟無罪。,,https://judgment.judicial.gov.tw/FJUD/data.aspx?ty=JD&id=PCDM%2c115%2c%e6%98%93%2c826%2c20260630%2c1&ot=in
臺灣臺北地方法院 115 年度 簡 字第 1463 號刑事判決,115.06.30,妨害名譽,,,,,,未明確提取,及,白嘉豪犯散布文字誹謗罪，處有期徒刑參月，如易科罰金，以新臺幣壹仟元折算壹日。,,https://judgment.judicial.gov.tw/FJUD/data.aspx?ty=JD&id=TPDM%2c115%2c%e7%b0%a1%2c1463%2c20260630%2c1&ot=in
臺灣彰化地方法院 115 年度 易 字第 21 號刑事判決,115.06.30,妨害名譽,,,,,,善意 | ...大家如果這麼厲害，就不用來這裡吃頭路(臺語)...我們這個機關的話，真的是很有人情味，不要在外面再攻擊我們水利會怎麼樣，說真的，我們是領水利會這份薪水，來養育我們的子女長大，如果今天，你設想說，你中年失業的話，你不要說你官位再高，你看這情況，外面誰還要聘用你(臺語)...真的我們處長，是真的很仁慈，真的，希望大家能夠共同來協助他。 | 謝謝主任，語重心長 | 謝謝主任，語重心長,應依證據認定之，無證據不得認定犯罪事實；不能證明被告犯罪者，應諭知無罪之判決，刑事訴訟法第154 條第2項、第301條第1項分別定有明文。次按認定犯罪事實所憑之證據，雖不以直接證據為限，間接證據亦包括在內，但無論直接或間接證據，其為訴訟上之證明，須達於通常一般人均不致有所懷疑，而得確信其為真實之程度，始得據為有罪之認定，倘其證明尚未達到此一程度，而有合理性懷疑之存在時，即無從為有罪之認定。再按刑事訴訟法第161條第1項規定：檢察官就被告犯罪事實，應負舉證責任，並指出證明之方法。因此，檢察官對於起訴之犯罪事實，應負提出證據及說服之實質舉證責任。倘其所提出之證據，不足為被告有罪之積極證明，或其闡明...,李岭蓁無罪。,,https://judgment.judicial.gov.tw/FJUD/data.aspx?ty=JD&id=CHDM%2c115%2c%e6%98%93%2c21%2c20260630%2c1&ot=in
臺灣苗栗地方法院 114 年度 易 字第 359 號刑事判決,115.06.30,妨害名譽,,,,,,客觀上合理相信真實 | 合理查證 | 111學年度海口家長會 | 海口國小桌球隊 | 111學年度海口家長會 | 海口國小桌球隊 | 拍子加皮要8500 | 單拍子就要5500還不含皮 | 皮二面3000 | 球拍8500元 | 個練 | 特定體育團體建立運動教練資格檢定及管理辦法,應依證據認定之，無證據不得認定犯罪事實；不能證明被告犯罪或其行為不罰者應諭知無罪之判決，刑事訴訟法第154條第2項及第301條第1項分別定有明文。又按對於所誹謗之事，能證明其為真實者，不罰。但涉於私德而與公共利益無關者，不在此限，刑法第310條第3項亦有明定。另按言論自由為人民之基本權利，憲法第11條有明文保障，國家應給予最大限度之維護，俾其實現自我、溝通意見、追求真理及監督各種政治或社會活動之功能得以發揮。惟為兼顧對個人名譽、隱私及公共利益之保護，法律尚非不得對言論自由依其傳播方式為合理之限制。刑法第310條第1項及第2項誹謗罪即係保護個人法益而設，為防止妨礙他人之自由權利所必要，符合憲法第...,Ａ０４無罪。,,https://judgment.judicial.gov.tw/FJUD/data.aspx?ty=JD&id=MLDM%2c114%2c%e6%98%93%2c359%2c20260630%2c1&ot=in
臺灣南投地方法院 115 年度 投簡 字第 281 號刑事判決,115.06.29,妨害名譽,,,,,,未明確提取,及,Ａ０４犯公然侮辱罪，處罰金新臺幣陸仟元，如易服勞役，以新臺幣壹仟元折算壹日。,,https://judgment.judicial.gov.tw/FJUD/data.aspx?ty=JD&id=NTDM%2c115%2c%e6%8a%95%e7%b0%a1%2c281%2c20260629%2c1&ot=in
臺灣雲林地方法院 115 年度 六簡 字第 150 號刑事判決,115.06.29,妨害名譽,,,,,,未明確提取,及,"Ａ０１犯誹謗罪，處罰金新臺幣5,000元，如易服勞役，以新臺幣1,000元折算1日。",,https://judgment.judicial.gov.tw/FJUD/data.aspx?ty=JD&id=ULDM%2c115%2c%e5%85%ad%e7%b0%a1%2c150%2c20260629%2c1&ot=in
臺灣士林地方法院 115 年度 審簡 字第 304 號刑事判決,115.06.29,妨害名譽,,,,,,未明確提取,及,賴思沂犯公然侮辱罪，處罰金新臺幣玖仟元，如易服勞役，以新臺幣壹仟元折算壹日。,,https://judgment.judicial.gov.tw/FJUD/data.aspx?ty=JD&id=SLDM%2c115%2c%e5%af%a9%e7%b0%a1%2c304%2c20260629%2c1&ot=in
臺灣雲林地方法院 115 年度 易 字第 402 號刑事判決,115.06.29,妨害名譽,,,,,,ceng_o3o5 | ceng_o3o5 | 就妳這種拿刀威脅70、80歲的外祖父外祖母給妳錢的人還想抗告 | 啊妳文章怎麼不說妳為了前男友賣，妳不給他錢被揍的不成人樣,"為有罪之陳述，經告知簡式審判程序之旨，並聽取當事人之意見後，本院裁定依簡式審判程序審理，並判決如下：
　　主　文
張梔芮犯散布文字誹謗罪，處拘役拾伍日，如易科罰金，以新臺幣壹仟元折算壹日。
　　事　實
一、張梔芮與Ａ０２為姐妹，其等具有家庭暴力防治法第3條第4款之家庭成員關係。張梔芮因不滿Ａ０２之行為，竟意圖散布於眾，而基於散布文字誹謗之犯意，於民國114年6月11日15時許，在不詳地點，以電子設備連結網際網路，登入社群軟體INSTAGRAM帳號「ceng_o3o5」、THREADS帳號「ceng_o3o5」（下稱本案帳號），在Ａ０２於不特定多數人可共見共聞之INSTAGRAM貼文（下稱本案貼...",張梔芮犯散布文字誹謗罪，處拘役拾伍日，如易科罰金，以新臺幣壹仟元折算壹日。,,https://judgment.judicial.gov.tw/FJUD/data.aspx?ty=JD&id=ULDM%2c115%2c%e6%98%93%2c402%2c20260629%2c1&ot=in
臺灣高等法院 110 年度 上易 字第 1447 號刑事裁定,115.06.26,妨害名譽,,,,,,未明確提取,,上訴駁回。,,https://judgment.judicial.gov.tw/FJUD/data.aspx?ty=JD&id=TPHM%2c110%2c%e4%b8%8a%e6%98%93%2c1447%2c20260626%2c2&ot=in
臺灣新北地方法院 115 年度 附民 字第 1533 號刑事判決,115.06.26,妨害名譽,,,,,,未明確提取,及,原告之訴及假執行之聲請均駁回。,,https://judgment.judicial.gov.tw/FJUD/data.aspx?ty=JD&id=PCDM%2c115%2c%e9%99%84%e6%b0%91%2c1533%2c20260626%2c1&ot=in
臺灣臺北地方法院 115 年度 簡上 字第 71 號刑事裁定,115.06.26,妨害名譽,,,,,,未明確提取,,上訴駁回。,,https://judgment.judicial.gov.tw/FJUD/data.aspx?ty=JD&id=TPDM%2c115%2c%e7%b0%a1%e4%b8%8a%2c71%2c20260626%2c2&ot=in
臺灣臺北地方法院 115 年度 易 字第 600 號刑事判決,115.06.26,妨害名譽,,,,,,未明確提取,,本件公訴不受理。,,https://judgment.judicial.gov.tw/FJUD/data.aspx?ty=JD&id=TPDM%2c115%2c%e6%98%93%2c600%2c20260626%2c1&ot=in
臺灣新北地方法院 115 年度 審易 字第 1760 號刑事判決,115.06.26,妨害名譽,,,,,,未明確提取,,本件公訴不受理。,,https://judgment.judicial.gov.tw/FJUD/data.aspx?ty=JD&id=PCDM%2c115%2c%e5%af%a9%e6%98%93%2c1760%2c20260626%2c1&ot=in
臺灣新北地方法院 115 年度 易 字第 956 號刑事判決,115.06.26,妨害名譽,,,,,,劉小安 | 遇到這個要小心一點！這是一個講謊話臉不紅的人！任福寧 在台北~做葬儀外包的小業者 | 結果我擔心他繼續壞丟東西！拿起旁邊拆包裹的摺疊刀看著他！他說！來！咖準耶！（手比他左手手臂）我只能成全他了！ | 他對我提告了！因為他缺錢了吧！現在就開庭官司他竟然有辦法編造一大堆故事給法官聽！何止噁心！！跟我要500萬！？我已經很有誠意借100萬要給他了！他就是要500萬~然後可以在法庭編一堆故事要詆毀我！？,緣劉庭安對任福寧為傷害犯行，經任福寧提起告訴，本院以112年度訴字第857號傷害案件審理（下稱前案），於民國113年8月12日言詞辯論終結，劉庭安竟意圖散布於眾，基於散布文字犯誹謗之犯意，於翌日（13日）凌晨某時許，登入社群軟體（下略）FACEBOOK帳號，以暱稱「劉小安」張貼：「遇到這個要小心一點！這是一個講謊話臉不紅的人！任福寧 在台北~做葬儀外包的小業者」、「結果我擔心他繼續壞丟東西！拿起旁邊拆包裹的摺疊刀看著他！他說！來！咖準耶！（手比他左手手臂）我只能成全他了！」、「他對我提告了！因為他缺錢了吧！現在就開庭官司他竟然有辦法編造一大堆故事給法官聽！何止噁心！！跟我要500萬！？我已經很...,劉庭安犯散布文字誹謗罪，處拘役參拾日，如易科罰金，以新臺幣壹仟元折算壹日。,,https://judgment.judicial.gov.tw/FJUD/data.aspx?ty=JD&id=PCDM%2c115%2c%e6%98%93%2c956%2c20260626%2c1&ot=in
臺灣高等法院 115 年度 附民 字第 689 號刑事判決,115.06.25,妨害名譽,,,,,,未明確提取,,原告之訴及假執行之聲請均駁回。,,https://judgment.judicial.gov.tw/FJUD/data.aspx?ty=JD&id=TPHM%2c115%2c%e9%99%84%e6%b0%91%2c689%2c20260625%2c1&ot=in
臺灣高等法院 115 年度 聲再 字第 109 號刑事裁定,115.06.25,妨害名譽等,,,,,,未明確提取,"而言；所稱證據，係指足以證明再審事由存在之證據，倘僅泛言有法定再審事由，而未敘明具體情形，或所述具體情形，顯與法定再審事由不相適合，或未提出足以證明再審事由存在之證據，均應認聲請再審之程序違背規定。
參、經查：
一、再審及非常上訴制度，雖均為救濟已確定之刑事判決而設，惟再審係為原確定判決認定事實錯誤而設之救濟程序，與非常上訴程序係為糾正原確定判決法律上錯誤者有別，是以倘所指摘者，係關於原確定判決適用法律之情形，核屬非常上訴之範疇，並非聲請再審所得以救濟。關於聲請意旨一部分，聲請人指摘原審未准聲請人請假逕行審結，因認原確定判決違法，所指摘者核屬原確定判決適用刑事訴訟法第371條規定有無違背法令之...",再審之聲請駁回。,,https://judgment.judicial.gov.tw/FJUD/data.aspx?ty=JD&id=TPHM%2c115%2c%e8%81%b2%e5%86%8d%2c109%2c20260625%2c2&ot=in
臺灣高等法院 臺南分院 115 年度 上易 字第 262 號刑事判決,115.06.25,妨害名譽,,,,,,白癡 | 智障 | 低能兒,"應依證據認定之，無證據不得認定犯罪事實；檢察官就被告犯罪事實，應負舉證責任，並指出證明之方法，刑事訴訟法第154條第2項、第161條第1項分別定有明文。次按認定犯罪事實所憑之證據，雖不以直接證據為限，間接證據亦包括在內；然無論直接或間接證據，其為訴訟上之證明，須於通常一般之人均不致於有所懷疑，而得確信其為真實之程度者，始得據之為有罪之認定，倘其證明尚未達到此一程度，而有合理性懷疑之存在時，即無從為有罪之認定（最高法院76年度臺上字第4986號判決要旨參照）。再按不能證明被告犯罪或其行為不罰者應諭知無罪之判決，此觀刑事訴訟法第301條第1項之規定自明。
三、公訴意旨認被告涉有上開犯嫌，無非係以被...",上訴駁回。,,https://judgment.judicial.gov.tw/FJUD/data.aspx?ty=JD&id=TNHM%2c115%2c%e4%b8%8a%e6%98%93%2c262%2c20260625%2c1&ot=in
臺灣高等法院 115 年度 上易 字第 562 號刑事判決,115.06.25,妨害名譽,,,,,,未明確提取,及,上訴駁回。,,https://judgment.judicial.gov.tw/FJUD/data.aspx?ty=JD&id=TPHM%2c115%2c%e4%b8%8a%e6%98%93%2c562%2c20260625%2c1&ot=in
臺灣臺北地方法院 115 年度 簡附民 字第 100 號刑事裁定,115.06.25,因妨害名譽案附帶民訴,,,,,,未明確提取,,本件移送本院民事庭。,,https://judgment.judicial.gov.tw/FJUD/data.aspx?ty=JD&id=TPDM%2c115%2c%e7%b0%a1%e9%99%84%e6%b0%91%2c100%2c20260625%2c1&ot=in
臺灣宜蘭地方法院 115 年度 簡 字第 498 號刑事判決,115.06.25,妨害名譽,,,,,,未明確提取,及,Ａ０１犯公然侮辱罪，處罰金新臺幣肆仟元，如易服勞役，以新臺幣壹仟元折算壹日。,,https://judgment.judicial.gov.tw/FJUD/data.aspx?ty=JD&id=ILDM%2c115%2c%e7%b0%a1%2c498%2c20260625%2c1&ot=in
臺灣臺北地方法院 115 年度 簡 字第 1809 號刑事判決,115.06.25,妨害名譽,,,,,,未明確提取,及,蘇柏彰犯公然侮辱罪，共貳罪，各處拘役拾日，如易科罰金，均以新臺幣壹仟元折算壹日。應執行拘役拾伍日，如易科罰金，以新臺幣壹仟元折算壹日。,,https://judgment.judicial.gov.tw/FJUD/data.aspx?ty=JD&id=TPDM%2c115%2c%e7%b0%a1%2c1809%2c20260625%2c1&ot=in
臺灣臺中地方法院 115 年度 中簡 字第 747 號刑事判決,115.06.25,家庭暴力防治法之妨害名譽,,,,,,未明確提取,及,Ａ０３犯散布文字誹謗罪，共貳罪，各處拘役參拾日，如易科罰金，均以新臺幣壹仟元折算壹日。應執行拘役伍拾日，如易科罰金，以新臺幣壹仟元折算壹日。,,https://judgment.judicial.gov.tw/FJUD/data.aspx?ty=JD&id=TCDM%2c115%2c%e4%b8%ad%e7%b0%a1%2c747%2c20260625%2c1&ot=in
臺灣新北地方法院 115 年度 自 字第 11 號刑事裁定,115.06.25,妨害名譽等,,,,,,案件有左列情形之一者，應為不起訴之處分：……十、犯罪嫌疑不足者 | 犯罪事實應依證據認定之，無證據不得推定其犯罪事實 | 不能證明被告犯罪者，應諭知無罪之判決 | 犯罪嫌疑不足 | 犯罪嫌疑不足 | 證據 | 有罪判決之高度可能 | 得為有罪判決之高度可能性 | 實體審理,"，足以毀損自訴人之商譽及名譽。故被告吳承勳涉犯刑法第310條第2項之誹謗罪嫌。
貳、刑事自訴程序所採審理原則、舉證責任與證據裁判原則：
一、刑事訴訟法第252條第10款規定：「案件有左列情形之一者，應為不起訴之處分：……十、犯罪嫌疑不足者」。又刑事訴訟法第154條第2項、第301條第1項分別規定：「犯罪事實應依證據認定之，無證據不得推定其犯罪事實」；「不能證明被告犯罪者，應諭知無罪之判決」。另認定事實應憑證據，如未能發現相當證據，或證據不足以證明，自不能以推測或擬制的方法，為裁判基礎。再者，認定犯罪事實所憑的證據，雖不以直接證據為限，間接證據也包括在內；然而，無論直接證據或間接證據，要作為訴訟...",自訴駁回。,,https://judgment.judicial.gov.tw/FJUD/data.aspx?ty=JD&id=PCDM%2c115%2c%e8%87%aa%2c11%2c20260625%2c1&ot=in
臺灣高等法院 114 年度 上易 字第 2326 號刑事判決,115.06.24,妨害名譽,,,,,,主委跟副主委到底什麼關係，為什麼開會時候去抱住她，我們都有開會的影片 | 我要將侯淯荏於推選會上擁抱你的事情告知你的丈夫 | 你開個會被吃豆腐，妳先生知道嗎 | 你開個會還要被吃豆腐，還要被侯淯荏抱 | 那個侯的又去抱妳，妳為什麼讓人家抱，妳被人家公然吃豆腐，真的，妳為什麼讓人家抱 | 又被人家吃豆腐，那標準吃豆腐，我都不敢把影片傳出去，可是問題是現在，廖秋枝告他，那他為什麼怕？他的合理解釋就是他抱女生啊,"告知特定人，而無傳播大眾之意者，要難以刑法之誹謗罪相繩。
　㈡關於被告廖秋枝部分
　⒈被告廖秋枝於112年7月14日晚上6時40分許在本案社區之地下1樓，向告訴人之配偶展示本案社區開會之影片截圖，固據被告廖秋枝供述明確，且有監視器畫面在卷可參(見偵卷第55至56頁)。
　⒉然經本院勘驗告訴人提供之案發當時監視器畫面檔案，結果顯示：被告廖秋枝於本案社區之地下1樓向告訴人之配偶展示手機畫面，之後有一人騎乘機車經過，而在被告廖秋枝收起手機與告訴人之配偶交談，有另一名頭戴淺色安全帽、身著深色上衣之人路過，有本院勘驗筆錄及截圖在卷可參(見本院卷第126至127、131至132頁)，可知被告廖秋枝係出於與...",上訴駁回。,,https://judgment.judicial.gov.tw/FJUD/data.aspx?ty=JD&id=TPHM%2c114%2c%e4%b8%8a%e6%98%93%2c2326%2c20260624%2c1&ot=in
臺灣新北地方法院 115 年度 易 字第 748 號刑事判決,115.06.24,妨害名譽,,,,,,未明確提取,,本件公訴不受理。,,https://judgment.judicial.gov.tw/FJUD/data.aspx?ty=JD&id=PCDM%2c115%2c%e6%98%93%2c748%2c20260624%2c1&ot=in
臺灣高雄地方法院 115 年度 簡 字第 2777 號刑事判決,115.06.24,妨害名譽,,,,,,未明確提取,及,楊文博犯誹謗罪，處罰金新臺幣肆仟元，如易服勞役，以新臺幣壹仟元折算壹日。,,https://judgment.judicial.gov.tw/FJUD/data.aspx?ty=JD&id=KSDM%2c115%2c%e7%b0%a1%2c2777%2c20260624%2c1&ot=in
臺灣苗栗地方法院 115 年度 簡上 字第 5 號刑事判決,115.06.24,妨害名譽,,,,,,未明確提取,"、罪名部分聲明不服，揆諸上開規定，本院審理範圍僅限於原判決所處之刑度部分（最高法院112年度台上字第322號判決意旨參照），且不贅加記載非審判範圍之犯罪事實、證據取捨及論罪等部分，亦無須引用原審簡易判決書作為附件（最高法院112年度台上字第2625號判決意旨參照）。
二、上訴意旨略以︰希望可以跟告訴人即員警謝欣珈（下稱告訴人）調解，希望刑度不要判那麼重等語。辯護人則以：希望可以跟告訴人和解，被告當時精神狀況不佳，思慮不周，不了解法律一開始沒有積極跟告訴人和解，並非故意不跟告訴人和解等語，為被告辯護。
三、惟查：
　㈠按法官於有罪判決中，究應如何量處罪刑，為實體法賦予審理法官裁量之刑罰權事項，法...",上訴駁回。,,https://judgment.judicial.gov.tw/FJUD/data.aspx?ty=JD&id=MLDM%2c115%2c%e7%b0%a1%e4%b8%8a%2c5%2c20260624%2c1&ot=in
臺灣高等法院 高雄分院 115 年度 上易 字第 186 號刑事判決,115.06.23,妨害名譽,,,,,,無賴 | 乞丐 | 無賴 | 乞丐 | 無賴 | 乞丐,應依證據認定之，無證據不得認定犯罪事實；不能證明被告犯罪者，應諭知無罪之判決，刑事訴訟法第154條第2項、第301條第1項分別定有明文。復按公然侮辱罪所處罰之公然侮辱行為，其文義所及範圍或適用結果，或因欠缺穩定認定標準而有過度擴張外溢之虞，或可能過度干預個人使用語言習慣及道德修養，或可能處罰及於兼具輿論功能之負面評價言論，而有對言論自由過度限制之風險。為兼顧憲法對言論自由之保障，公然侮辱罪所處罰之公然侮辱行為，應指依個案之表意脈絡，表意人故意發表公然貶損他人名譽之言論，已逾越一般人可合理忍受之範圍；經權衡該言論對他人名譽權之影響，及該言論依其表意脈絡是否有益於公共事務之思辯，或屬文學、藝術之表...,上訴駁回。,,https://judgment.judicial.gov.tw/FJUD/data.aspx?ty=JD&id=KSHM%2c115%2c%e4%b8%8a%e6%98%93%2c186%2c20260623%2c1&ot=in
臺灣高等法院 臺中分院 115 年度 上易 字第 232 號刑事判決,115.06.23,妨害名譽,,,,,,未明確提取,及,上訴駁回。,,https://judgment.judicial.gov.tw/FJUD/data.aspx?ty=JD&id=TCHM%2c115%2c%e4%b8%8a%e6%98%93%2c232%2c20260623%2c1&ot=in
臺灣高等法院 115 年度 上易 字第 777 號刑事判決,115.06.23,妨害名譽,,,,,,未明確提取,及,上訴駁回。,,https://judgment.judicial.gov.tw/FJUD/data.aspx?ty=JD&id=TPHM%2c115%2c%e4%b8%8a%e6%98%93%2c777%2c20260623%2c1&ot=in
臺灣臺北地方法院 115 年度 易 字第 463 號刑事判決,115.06.23,妨害名譽,,,,,,未明確提取,,本件公訴不受理。,,https://judgment.judicial.gov.tw/FJUD/data.aspx?ty=JD&id=TPDM%2c115%2c%e6%98%93%2c463%2c20260623%2c1&ot=in
臺灣臺中地方法院 115 年度 審簡 字第 912 號刑事判決,115.06.23,妨害名譽,,,,,,未明確提取,及,張軒誠犯散布文字誹謗罪，處拘役伍拾日，如易科罰金，以新臺幣壹仟元折算壹日。,,https://judgment.judicial.gov.tw/FJUD/data.aspx?ty=JD&id=TCDM%2c115%2c%e5%af%a9%e7%b0%a1%2c912%2c20260623%2c1&ot=in
臺灣新北地方法院 115 年度 簡 字第 1765 號刑事判決,115.06.23,妨害名譽,,,,,,未明確提取,及,蔡孟潔犯加重誹謗罪，處罰金新臺幣陸仟元，如易服勞役，以新臺幣壹仟元折算壹日。,,https://judgment.judicial.gov.tw/FJUD/data.aspx?ty=JD&id=PCDM%2c115%2c%e7%b0%a1%2c1765%2c20260623%2c1&ot=in
臺灣彰化地方法院 115 年度 簡 字第 1508 號刑事判決,115.06.23,妨害名譽,,,,,,未明確提取,及,張子安犯散布文字誹謗罪，處罰金新臺幣1萬元，如易服勞役，以新臺幣1千元折算1日。,,https://judgment.judicial.gov.tw/FJUD/data.aspx?ty=JD&id=CHDM%2c115%2c%e7%b0%a1%2c1508%2c20260623%2c1&ot=in
臺灣臺中地方法院 115 年度 中簡 字第 1213 號刑事判決,115.06.23,妨害名譽,,,,,,未明確提取,及,Ａ０３犯公然侮辱罪，處罰金新臺幣伍仟元，如易服勞役，以新臺幣壹仟元折算壹日。,,https://judgment.judicial.gov.tw/FJUD/data.aspx?ty=JD&id=TCDM%2c115%2c%e4%b8%ad%e7%b0%a1%2c1213%2c20260623%2c1&ot=in
臺灣新北地方法院 114 年度 自 字第 1 號刑事判決,115.06.23,妨害名譽等,,,,,,米蘭老師 | 黃君 | 米蘭老師 | 惡質的補教老師 | 上次聽到桃竹的補教業者，給我一個內幕八卦，大家記不記得去年有一堆惡質的補教老師，教唆學生來攻擊粉絲團，然後開假帳號到處發文留言。原本以為是有補教老師，被我抓他們做壞事，所以的報復行為，結果不是捏。因為後來被爆出說，那些老師都不是慫恿自己補習班，而是故意慫恿跑堂的其他補習班的學生，而且還故意放出流言讓其他人知道，透過學生家長風聲的傳到米蘭這邊，是哪些補習班裡面的學生做的，目的就是要讓我去攻擊同業的這些補習班，也透過流言讓家長對那些補習班印象糟糕，說這些補習班教唆孩子做壞事，然後自己到處炫耀，自己完成攻擊米蘭的豐功偉業，想讓家長覺得，哇賽，這老師真棒，我要把小孩送給他教。所以就是想借米蘭的、家長的刀，去殺附近的補習班，讓這些補習班的學生轉到他們那邊去，因為同科的目的，讓別人的聲譽受損，達成他們的招生目的。所以原來是這樣啊，這個真的很八卦呢～不過如果我是家長，我花大把錢送孩子來學習，還被老師叫孩子去做那些事，捲進這些補習班競爭的事，我一定氣死（後略） | 桃竹地區 | 一群 | 嗯，教高中、黃姓教師，新聞講，專挑穿的緊的女學生約。不管是被講什麼，我只能說一般高中男老師，是不會約女學生出去啦…而且新聞講單獨傳訊息約，就算沒案件發生，個人覺得心態太可議了…結果其他老師通報校安，被通報的老師還對那些老師提告，這也很有趣啊，結果敗訴。最後來猜猜，像這種案件狀況，老師會不會被隔絕呢？被學校解僱一類，或者被記錄登錄進，教育部的不適用老師名單，答案是不會。（附上有臺灣屏東地方法院照片之新聞連結） | 教高中、黃姓教師 | 5.,應依證據認定之，無證據不得認定其犯罪事實；不能證明被告犯罪者，應諭知無罪之判決，刑事訴訟法第154條第2項、第301條第1項分別定有明文。次按檢察官對於起訴之犯罪事實，應負提出證據及說服之實質舉證責任。倘其所提出之證據，不足為被告有罪之積極證明，或其指出證明之方法，無法說服法院以形成被告有罪之心證者，應貫徹無罪推定原則，刑事妥速審判法第6條亦定有明文。而自訴程序中，除其中同法第161條第2項起訴審查之機制、同條第3項、第4項以裁定駁回起訴之效力，自訴程序已分別有第326條第3項、第4項及第334 條之特別規定足資優先適用外，關於第161條第1項檢察官應負實質舉證責任之規定，亦於自訴程序之自訴人...,張嘉宏無罪。,,https://judgment.judicial.gov.tw/FJUD/data.aspx?ty=JD&id=PCDM%2c114%2c%e8%87%aa%2c1%2c20260623%2c2&ot=in
臺灣新北地方法院 115 年度 附民 字第 1241 號刑事裁定,115.06.22,妨害名譽,,,,,,未明確提取,,,,https://judgment.judicial.gov.tw/FJUD/data.aspx?ty=JD&id=PCDM%2c115%2c%e9%99%84%e6%b0%91%2c1241%2c20260622%2c1&ot=in
臺灣臺中地方法院 114 年度 易 字第 1525 號刑事裁定,115.06.22,妨害名譽,,,,,,未明確提取,,,,https://judgment.judicial.gov.tw/FJUD/data.aspx?ty=JD&id=TCDM%2c114%2c%e6%98%93%2c1525%2c20260622%2c1&ot=in
臺灣新北地方法院 115 年度 簡 字第 1858 號刑事判決,115.06.22,妨害名譽,,,,,,未明確提取,及,蕭富璟犯散布文字誹謗罪，處拘役參拾日，如易科罰金，以新臺幣壹仟元折算壹日。,,https://judgment.judicial.gov.tw/FJUD/data.aspx?ty=JD&id=PCDM%2c115%2c%e7%b0%a1%2c1858%2c20260622%2c1&ot=in
臺灣士林地方法院 115 年度 簡上 字第 64 號刑事判決,115.06.22,妨害名譽,,,,,,未明確提取,"與罪名為基礎，就原審量刑是否妥適一節，進行審理，先此敘明。
二、原審以被告兩次犯刑法第309 條第1 項之公然侮辱罪，審酌被告並無前科，有法院前案紀錄表可查，素行尚佳，與告訴人Ａ０３同為社區住戶，卻僅因雙方素有嫌隙，為表不滿，即在公共空間以言語辱罵告訴人，行徑可議，犯後雖已坦承犯行，惟未能與告訴人達成和解，並考量告訴人之受害程度
　　，被告犯罪之動機、目的與手段，及其智識程度、家庭與經濟狀況等一切情狀，各量處被告罰金新臺幣（下同）3,000　元，再斟酌被告兩次公然侮辱犯行，均係侵害同一個被害人之法益，罪質同一且情節相似，對前開法益侵害之加重效應較低，本於罪責相當性之要求，考量整體犯罪之非難評價...",上訴駁回。,,https://judgment.judicial.gov.tw/FJUD/data.aspx?ty=JD&id=SLDM%2c115%2c%e7%b0%a1%e4%b8%8a%2c64%2c20260622%2c1&ot=in
臺灣臺北地方法院 115 年度 審簡 字第 1343 號刑事判決,115.06.22,妨害名譽,,,,,,未明確提取,及,陳宥菲犯個人資料保護法第四十一條之非公務機關非法利用個人資料罪，處有期徒刑貳月，如易科罰金，以新臺幣壹仟元折算壹日。,,https://judgment.judicial.gov.tw/FJUD/data.aspx?ty=JD&id=TPDM%2c115%2c%e5%af%a9%e7%b0%a1%2c1343%2c20260622%2c1&ot=in
臺灣新北地方法院 115 年度 易 字第 973 號刑事判決,115.06.22,妨害名譽,,,,,,_148_149_150_ | 乾已經夢到好幾次他又一直跑來騷擾我，本來想說要封鎖他，但他可能又會開其他帳號來看，直接鎖私人，耖 我覺得我有心理疾病了，我要去萬芳醫院，我要去法院，我要去按愛心鈴，真的好可怕，我快死了，到底是怎樣還有臉參加同學會啊,"一、陳若瑜意圖散布於眾，基於加重誹謗之犯意，於民國113年12月12日22時許，以社群軟體Instagram(下稱IG)帳號暱稱「_148_149_150_」發佈限時動態，上傳蔡侑廷IG帳號頭像及姓名之圖片，並加註「乾已經夢到好幾次他又一直跑來騷擾我，本來想說要封鎖他，但他可能又會開其他帳號來看，直接鎖私人，耖 我覺得我有心理疾病了，我要去萬芳醫院，我要去法院，我要去按愛心鈴，真的好可怕，我快死了，到底是怎樣還有臉參加同學會啊」等文字內容，足以貶損蔡侑廷之人格及社會評價。
二、案經蔡侑廷訴由臺北市政府警察局中正第二分局報告臺灣新北地方檢察署檢察官偵查起訴。",陳若瑜犯加重誹謗罪，處拘役伍拾日，如易科罰金，以新臺幣壹仟元折算壹日。,,https://judgment.judicial.gov.tw/FJUD/data.aspx?ty=JD&id=PCDM%2c115%2c%e6%98%93%2c973%2c20260622%2c1&ot=in
臺灣南投地方法院 115 年度 易 字第 77 號刑事判決,115.06.18,妨害名譽,,,,,,未明確提取,,本件公訴不受理。,,https://judgment.judicial.gov.tw/FJUD/data.aspx?ty=JD&id=NTDM%2c115%2c%e6%98%93%2c77%2c20260618%2c1&ot=in
臺灣臺中地方法院 114 年度 自 字第 36 號刑事判決,115.06.18,妨害名譽,,,,,,未明確提取,，洵非法院得於審判前階段立於自訴人之一方而為證據之蒐集、調查、糾問而為特定，法院本於刑事訴訟法第163條第2項但書規定，固有為公平正義之維護，依職權調查證據之義務，然所謂調查證據，係於卷內資料範圍內為調查，縱當事人疏未主張卷內資料，為維護公平正義，亦得調查之，惟並無蒐集證據之義務，方符訴訟制度本義，至於如何特定被告之身分，乃偵查階段所應查明者，非於審判階段即由法院依職權重啟調查，否則即與所謂之糾問制度無異，自訴人既捨由檢察官代表國家訴追犯罪之公訴制度而採取自訴程序，即應擔當公訴人之角色與功能，殊不得因自訴查證困難，視法院為偵查或徵信機關，要求法院依職權調查被告之年籍資料，致有失法院公平審判之性...,本件自訴不受理。,,https://judgment.judicial.gov.tw/FJUD/data.aspx?ty=JD&id=TCDM%2c114%2c%e8%87%aa%2c36%2c20260618%2c2&ot=in
臺灣臺南地方法院 115 年度 易 字第 247 號刑事判決,115.06.18,家暴妨害名譽,,,,,,張世狄,張世狄與陳佳莉為前配偶，2人間具有家庭暴力防治法第3條第1款之家庭成員關係。緣張世狄與陳佳莉離婚後，竟意圖散布於眾，基於散布文字誹謗及公然侮辱之犯意，於附表編號1至4所示時間，以社群軟體Facebook（下稱臉書）暱稱「張世狄」張貼如附表編號1至4所示之文字等不實事項，足以貶損陳佳莉、林奕璿之名譽、人格及社會評價。,張世狄犯如附表所示之罪，各處如附表所示之刑。應執行拘役壹佰日，如易科罰金，以新臺幣壹仟元折算壹日。,,https://judgment.judicial.gov.tw/FJUD/data.aspx?ty=JD&id=TNDM%2c115%2c%e6%98%93%2c247%2c20260618%2c1&ot=in
臺灣高等法院 115 年度 上易 字第 242 號刑事判決,115.06.17,妨害名譽,,,,,,未明確提取,認定及所憑法律依據詳敘其,上訴駁回。,,https://judgment.judicial.gov.tw/FJUD/data.aspx?ty=JD&id=TPHM%2c115%2c%e4%b8%8a%e6%98%93%2c242%2c20260617%2c1&ot=in
臺灣高等法院 臺中分院 115 年度 上易 字第 140 號刑事判決,115.06.17,妨害名譽,,,,,,罪證有疑，利於被告 | 發布時間 | 給南投分會兄弟姊妹公開信 | 發布內容 | 發布內容 | 謝○○們 | 罄竹難書 | 霸凌魔王 | 霸凌成癖 | 說謊連篇、說一套做一套 | 賈氏鴨霸公司 | 說謊連篇、罄竹難書、霸凌魔王、謝○○,應依證據認定之，無證據不得認定犯罪事實，刑事訴訟法第154條第2項定有明文。且刑事訴訟上證明之資料，無論其為直接或間接證據，均須達於通常一般之人均不致有所懷疑，而得確信其為真實之程度，始得據為有罪之認定，若其關於被告是否犯罪之證明未能達此程度，而有合理懷疑之存在，致使無從形成有罪之確信，根據「罪證有疑，利於被告」之證據法則，即不得遽為不利被告之認定；再者，告訴人之告訴，係以使被告受刑事追訴為目的，其陳述是否與事實相符，仍應調查其他證據以資審認；又認定不利於被告之事實，須依積極證據，苟積極證據不足為不利於被告事實之認定時，即應為有利於被告之認定（最高法院76年度台上字第4986號判決、52年度台...,"原判決撤銷。
Ａ０４無罪。",,https://judgment.judicial.gov.tw/FJUD/data.aspx?ty=JD&id=TCHM%2c115%2c%e4%b8%8a%e6%98%93%2c140%2c20260617%2c1&ot=in
臺灣高雄地方法院 115 年度 易 字第 277 號刑事判決,115.06.17,妨害名譽,,,,,,未明確提取,,本件公訴不受理。,,https://judgment.judicial.gov.tw/FJUD/data.aspx?ty=JD&id=KSDM%2c115%2c%e6%98%93%2c277%2c20260617%2c1&ot=in
臺灣橋頭地方法院 114 年度 審易 字第 1027 號刑事判決,115.06.17,妨害名譽,,,,,,未明確提取,,本件公訴不受理。,,https://judgment.judicial.gov.tw/FJUD/data.aspx?ty=JD&id=CTDM%2c114%2c%e5%af%a9%e6%98%93%2c1027%2c20260617%2c2&ot=in
臺灣高等法院 花蓮分院 115 年度 上易 字第 27 號刑事判決,115.06.16,妨害名譽,,,,,,00000 0000 | ○○○○會 | 怎麼了？這幾年隔壁鄰居願意將家裡剩菜剩飯讓你吃了嗎？所以選好投效的對象了呢,"一、方昱中之母張○美與李○田之母張○蘭為姊妹，張○美、張○蘭因土地繼承爭議而有糾紛。方昱中竟基於公然侮辱之犯意，於民國113年9月12日凌晨1時許，在不詳地點，以連接網路上網登入社群軟體臉書，以帳號「00000 0000」，在不特定之人得共見共聞之臉書社團「○○○○會」發布貼文，並在該貼文內留言處提及李○田，發布：「怎麼了？這幾年隔壁鄰居願意將家裡剩菜剩飯讓你吃了嗎？所以選好投效的對象了呢」內容留言（下稱本案留言），以該方式侮辱李○田，足以貶損李○田之人格及社會評價。
二、案經李○田訴由花蓮縣警察局花蓮分局報請臺灣花蓮地方檢察署檢察官偵查起訴。","原判決關於方昱中部分，撤銷。
前項撤銷部分，方昱中犯公然侮辱罪，處罰金新臺幣陸仟元，如易服勞役，以新臺幣壹仟元折算壹日。",,https://judgment.judicial.gov.tw/FJUD/data.aspx?ty=JD&id=HLHM%2c115%2c%e4%b8%8a%e6%98%93%2c27%2c20260616%2c1&ot=in
臺灣臺北地方法院 115 年度 附民 字第 84 號刑事裁定,115.06.16,因妨害名譽案附帶民訴,,,,,,未明確提取,,,,https://judgment.judicial.gov.tw/FJUD/data.aspx?ty=JD&id=TPDM%2c115%2c%e9%99%84%e6%b0%91%2c84%2c20260616%2c1&ot=in
臺灣新北地方法院 114 年度 審附民 字第 3944 號刑事裁定,115.06.16,妨害名譽,,,,,,未明確提取,,,,https://judgment.judicial.gov.tw/FJUD/data.aspx?ty=JD&id=PCDM%2c114%2c%e5%af%a9%e9%99%84%e6%b0%91%2c3944%2c20260616%2c1&ot=in
臺灣新北地方法院 115 年度 審簡 字第 362 號刑事判決,115.06.16,妨害名譽,,,,,,未明確提取,及,Ａ０４犯公然侮辱罪，處罰金新臺幣伍仟元，如易服勞役，以新臺幣壹仟元折算壹日。,,https://judgment.judicial.gov.tw/FJUD/data.aspx?ty=JD&id=PCDM%2c115%2c%e5%af%a9%e7%b0%a1%2c362%2c20260616%2c1&ot=in
臺灣臺中地方法院 115 年度 審易 字第 1146 號刑事判決,115.06.16,妨害名譽,,,,,,未明確提取,,本件公訴不受理。,,https://judgment.judicial.gov.tw/FJUD/data.aspx?ty=JD&id=TCDM%2c115%2c%e5%af%a9%e6%98%93%2c1146%2c20260616%2c1&ot=in
臺灣高雄地方法院 115 年度 簡 字第 1135 號刑事判決,115.06.16,妨害名譽等,,,,,,未明確提取,及,蘇銘法犯恐嚇危害安全罪，處有期徒刑貳月，如易科罰金，以新臺幣壹仟元折算壹日。又犯散布文字誹謗罪，處拘役伍拾日，如易科罰金，以新臺幣壹仟元折算壹日。,,https://judgment.judicial.gov.tw/FJUD/data.aspx?ty=JD&id=KSDM%2c115%2c%e7%b0%a1%2c1135%2c20260616%2c1&ot=in
臺灣臺北地方法院 114 年度 易 字第 1573 號刑事判決,115.06.16,妨害名譽,,,,,,直潭社區 | 張貼時間 | 直潭管委會公布欄 | 對話內容,一、倪秋桂、林添財與楊麗玲、林文虎均為新北市○○區○○○街0○0號「直潭社區」（下稱本案社區）之住戶，又楊麗玲、林文虎為夫妻。緣倪秋桂、林添財民國106年間曾因質疑林文虎於擔任本案社區住戶管理委員會主任委員期間，進行之污水下水道工程有問題，並在同年以林添財、王崇仁、馮文卿為告訴人向林文虎等人提告涉嫌本案社區污水管工程官商勾結、圖利、貪污等案件（該案經臺灣臺北地方檢察署於109年4月13日以查無不法情事，亦無相關公務員收受賄賂或不正利益之具體事證為由而簽結在案）。詎料，倪秋桂、林添財仍有不滿，意圖散布於眾，基於加重誹謗之犯意，於附表編號一、三至七「張貼時間」欄所示時間，在不特定之本案社區住戶均得...,"倪秋桂犯散布文字誹謗罪，處有期徒刑貳月，如易科罰金，以新臺幣壹仟元折算壹日。
林添財犯散布文字誹謗罪，處有期徒刑參月，如易科罰金，以新臺幣壹仟元折算壹日。",,https://judgment.judicial.gov.tw/FJUD/data.aspx?ty=JD&id=TPDM%2c114%2c%e6%98%93%2c1573%2c20260616%2c1&ot=in
臺灣屏東地方法院 113 年度 易 字第 77 號刑事裁定,115.06.15,妨害名譽,,,,,,未明確提取,,,,https://judgment.judicial.gov.tw/FJUD/data.aspx?ty=JD&id=PTDM%2c113%2c%e6%98%93%2c77%2c20260615%2c1&ot=in
臺灣雲林地方法院 115 年度 易 字第 692 號刑事判決,115.06.15,妨害名譽,,,,,,未明確提取,,本件公訴不受理。,,https://judgment.judicial.gov.tw/FJUD/data.aspx?ty=JD&id=ULDM%2c115%2c%e6%98%93%2c692%2c20260615%2c1&ot=in
臺灣宜蘭地方法院 115 年度 簡 字第 327 號刑事判決,115.06.15,妨害名譽,,,,,,未明確提取,及,Ａ０１以網際網路犯妨害信用罪，處拘役叁拾日，如易科罰金，以新臺幣壹仟元折算壹日。,,https://judgment.judicial.gov.tw/FJUD/data.aspx?ty=JD&id=ILDM%2c115%2c%e7%b0%a1%2c327%2c20260615%2c1&ot=in
臺灣彰化地方法院 114 年度 易 字第 257 號刑事判決,115.06.15,妨害名譽,,,,,,未明確提取,應依證據認定之，無證據不得認定犯罪事實；不能證明被告犯罪者，應諭知無罪之判決，刑事訴訟法第154條第2項、第301條第1項分別定有明文。認定不利於被告之事實，須依積極證據，苟積極證據不足為不利於被告事實之認定時，即應為有利於被告之認定（最高法院30年上字第816號判決先例意旨參照）。檢察官對於起訴之犯罪事實，應負提出證據及說服之實質舉證責任。倘其所提出之證據，不足為被告有罪之積極證明，或其指出證明之方法，無從說服法院以形成被告有罪之心證，基於無罪推定之原則，自應為被告無罪判決之諭知（最高法院92年度台上字第128號判決先例意旨參照）。而刑法第309條第1項規定之公然侮辱行為，係指依個案之表意脈...,林正峰無罪。,,https://judgment.judicial.gov.tw/FJUD/data.aspx?ty=JD&id=CHDM%2c114%2c%e6%98%93%2c257%2c20260615%2c1&ot=in
臺灣新北地方法院 115 年度 簡 字第 2146 號刑事判決,115.06.12,妨害名譽,,,,,,未明確提取,及,張世明犯散布文字誹謗罪，處拘役壹拾伍日，如易科罰金，以新臺幣壹仟元折算壹日。,,https://judgment.judicial.gov.tw/FJUD/data.aspx?ty=JD&id=PCDM%2c115%2c%e7%b0%a1%2c2146%2c20260612%2c1&ot=in
臺灣高雄地方法院 114 年度 簡上 字第 503 號刑事判決,115.06.12,妨害名譽,,,,,,未明確提取,及,上訴駁回。,,https://judgment.judicial.gov.tw/FJUD/data.aspx?ty=JD&id=KSDM%2c114%2c%e7%b0%a1%e4%b8%8a%2c503%2c20260612%2c1&ot=in
臺灣高等法院 臺中分院 115 年度 上易 字第 330 號刑事判決,115.06.11,妨害名譽,,,,,,未明確提取,,上訴駁回。,,https://judgment.judicial.gov.tw/FJUD/data.aspx?ty=JD&id=TCHM%2c115%2c%e4%b8%8a%e6%98%93%2c330%2c20260611%2c1&ot=in
臺灣高等法院 臺南分院 115 年度 上易 字第 187 號刑事判決,115.06.11,妨害名譽,,,,,,未明確提取,"一、Ａ０１與Ａ０３、Ａ０３之女Ａ０２、Ａ０３配偶Ａ００４係鄰居，雙方長期因故不睦，Ａ０１竟意圖散布於眾，基於公然侮辱、誹謗之犯意，於附表所示時、地，以如附表所示之言語，公然辱罵Ａ０３、Ａ０２、Ａ００４，並散布不實內容，均足以貶損Ａ０３、Ａ０２及Ａ００４之社會人格評價。
二、案經Ａ０３、Ａ００４委由Ａ０２、Ａ０２訴由臺南市政府警察局新化分局報告臺灣臺南地方檢察署檢察官偵查起訴。","原判決撤銷。
林永隆犯誹謗罪，共4罪，各處拘役10日，如易科罰金，以新臺幣1千元折算1日。應執行拘役20日，如易科罰金，以新臺幣1千元折算1日。",,https://judgment.judicial.gov.tw/FJUD/data.aspx?ty=JD&id=TNHM%2c115%2c%e4%b8%8a%e6%98%93%2c187%2c20260611%2c1&ot=in
臺灣高等法院 115 年度 上易 字第 656 號刑事判決,115.06.11,妨害名譽,,,,,,動保蟑螂 | 邪會 | 動保蟑螂 | 斂財,應依證據認定之，無證據不得認定犯罪事實；不能證明被告犯罪者，應諭知無罪之判決，刑事訴訟法第154條第2項、第301條第1項分別定有明文。又按認定犯罪事實應依證據，為刑事訴訟法所明定，故被告否認犯罪事實所持之辯解，縱屬不能成立，仍非有積極證據足以證明其犯罪行為，不能遽為有罪之認定；如未能發現相當證據，或證據不足以證明，自不能以推測或擬制之方法，以為裁判基礎；認定犯罪事實所憑之證據，無論為直接證據或間接證據，其為訴訟上之證明，須於通常一般之人均不致於有所懷疑，而得確信其為真實之程度者，始得據之為有罪之認定（最高法院30年上字第1831號、40年台上字第86號、76年台上字第4986號判決先例要旨參...,"原判決關於有罪部分（附表編號1部分）撤銷。
前揭撤銷部分，張美櫻無罪。
其他上訴駁回。",,https://judgment.judicial.gov.tw/FJUD/data.aspx?ty=JD&id=TPHM%2c115%2c%e4%b8%8a%e6%98%93%2c656%2c20260611%2c1&ot=in
臺灣高等法院 115 年度 上易 字第 282 號刑事判決,115.06.11,妨害名譽等,,,,,,○○○○○診所 | 要把我弄死為止是不是，那我們大家一起死，好不好？ | 垃圾 | 死小孩 | 死東西 | 要吃藥 | 變態 | 你骨粉不給我，姐真的要砸店喔，我不怕警察！ | 你骨粉不給我，我真的會砸店喔！,"欄一㈣部分，及罰金之應執行刑部分，均撤銷。
二、王麒穎被訴如附表一編號4部分無罪。
三、其他上訴駁回（即如附表一編號1至3部分暨拘役之應執行刑部分）。
　　事　實
一、王麒穎於民國111年9月27日至林葳所經營位在臺北市○○區○○○路000號之「○○○○○診所」（下稱本案診所）求診，因牙齒手術施作問題與本案診所發生糾紛，竟分別為下列犯行：
　㈠於112年3月31日下午1時許前往本案診所，因不滿先前臨時預約看診未果，竟基於恐嚇危害安全之犯意，對診所助理祁惠茹恫稱：「要把我弄死為止是不是，那我們大家一起死，好不好？」等語，並接續上開犯意，將診間內之置物籃朝祁惠茹身上丟擲，以此加害生命、身體之言語及...",一、原判決關於其,,https://judgment.judicial.gov.tw/FJUD/data.aspx?ty=JD&id=TPHM%2c115%2c%e4%b8%8a%e6%98%93%2c282%2c20260611%2c1&ot=in
臺灣新北地方法院 115 年度 簡附民 字第 26 號刑事裁定,115.06.11,妨害名譽,,,,,,未明確提取,,,,https://judgment.judicial.gov.tw/FJUD/data.aspx?ty=JD&id=PCDM%2c115%2c%e7%b0%a1%e9%99%84%e6%b0%91%2c26%2c20260611%2c1&ot=in
臺灣新竹地方法院 115 年度 易 字第 563 號刑事判決,115.06.11,妨害名譽,,,,,,未明確提取,,本件公訴不受理。,,https://judgment.judicial.gov.tw/FJUD/data.aspx?ty=JD&id=SCDM%2c115%2c%e6%98%93%2c563%2c20260611%2c1&ot=in
臺灣新北地方法院 115 年度 簡 字第 2218 號刑事判決,115.06.11,妨害名譽,,,,,,未明確提取,及,Ａ０２犯公然侮辱罪，處拘役貳拾日，如易科罰金，以新臺幣壹仟元折算壹日。,,https://judgment.judicial.gov.tw/FJUD/data.aspx?ty=JD&id=PCDM%2c115%2c%e7%b0%a1%2c2218%2c20260611%2c1&ot=in
臺灣新北地方法院 115 年度 簡 字第 2217 號刑事判決,115.06.11,妨害名譽,,,,,,未明確提取,及,Ａ０２犯公然侮辱罪，處罰金新臺幣伍仟元，如易服勞役，以新臺幣壹仟元折算壹日。,,https://judgment.judicial.gov.tw/FJUD/data.aspx?ty=JD&id=PCDM%2c115%2c%e7%b0%a1%2c2217%2c20260611%2c1&ot=in
臺灣新北地方法院 115 年度 簡 字第 1462 號刑事判決,115.06.11,妨害名譽,,,,,,未明確提取,及,Ａ０３犯公然侮辱罪，處拘役貳拾日，如易科罰金，以新臺幣壹仟元折算壹日。,,https://judgment.judicial.gov.tw/FJUD/data.aspx?ty=JD&id=PCDM%2c115%2c%e7%b0%a1%2c1462%2c20260611%2c1&ot=in
臺灣高等法院 115 年度 上易 字第 623 號刑事判決,115.06.10,妨害名譽,,,,,,未明確提取,及,"原判決撤銷。
黃婷芸犯散布文字誹謗罪，處拘役拾伍日，如易科罰金，以新臺幣壹仟元折算壹日。",,https://judgment.judicial.gov.tw/FJUD/data.aspx?ty=JD&id=TPHM%2c115%2c%e4%b8%8a%e6%98%93%2c623%2c20260610%2c1&ot=in
臺灣新北地方法院 115 年度 審易 字第 513 號刑事判決,115.06.10,妨害名譽,,,,,,未明確提取,,本件公訴不受理。,,https://judgment.judicial.gov.tw/FJUD/data.aspx?ty=JD&id=PCDM%2c115%2c%e5%af%a9%e6%98%93%2c513%2c20260610%2c1&ot=in
臺灣花蓮地方法院 115 年度 易緝 字第 7 號刑事判決,115.06.10,妨害名譽,,,,,,未明確提取,,本件免訴。,,https://judgment.judicial.gov.tw/FJUD/data.aspx?ty=JD&id=HLDM%2c115%2c%e6%98%93%e7%b7%9d%2c7%2c20260610%2c1&ot=in
臺灣高雄地方法院 115 年度 簡 字第 1558 號刑事判決,115.06.10,妨害名譽,,,,,,未明確提取,及,凃妤宣犯公然侮辱罪，處罰金新臺幣陸仟元，如易服勞役，以新臺幣壹仟元折算壹日。,,https://judgment.judicial.gov.tw/FJUD/data.aspx?ty=JD&id=KSDM%2c115%2c%e7%b0%a1%2c1558%2c20260610%2c1&ot=in
臺灣橋頭地方法院 113 年度 易 字第 376 號刑事判決,115.06.10,妨害名譽,,,,,,未明確提取,"，應負舉證責任，並指出證明之方法；犯罪事實應依證據認定之，無證據不得認定犯罪事實；不能證明被告犯罪者，應諭知無罪之判決，刑事訴訟法第161條第1項、第154條第2項、第301條第1項分別定有明文。又事實之認定，應憑證據，無論直接或間接證據，其為訴訟上之證明，須於通常一般之人均不致有所懷疑，而得確信其為真實之程度者，始得據為有罪之認定，倘其證明尚未達到此一程度，而有合理之懷疑存在，無從使事實審法院得有罪之確信時，即應由法院諭知被告無罪之判決。
三、公訴意旨認被告如附表編號1、2、4、6、9、10、12至16、18之言論涉犯刑法第309條第1項公然侮辱及刑法第310條第2項加重誹謗罪嫌（附表編號1...",邱弼勛無罪。,,https://judgment.judicial.gov.tw/FJUD/data.aspx?ty=JD&id=CTDM%2c113%2c%e6%98%93%2c376%2c20260610%2c1&ot=in
臺灣南投地方法院 115 年度 簡上附民 字第 15 號刑事裁定,115.06.09,因妨害名譽案提起附帶民事訴訟,,,,,,未明確提取,,,,https://judgment.judicial.gov.tw/FJUD/data.aspx?ty=JD&id=NTDM%2c115%2c%e7%b0%a1%e4%b8%8a%e9%99%84%e6%b0%91%2c15%2c20260609%2c1&ot=in
臺灣花蓮地方法院 112 年度 易 字第 380 號刑事裁定,115.06.09,妨害名譽,,,,,,未明確提取,,聲請駁回。,,https://judgment.judicial.gov.tw/FJUD/data.aspx?ty=JD&id=HLDM%2c112%2c%e6%98%93%2c380%2c20260609%2c2&ot=in
臺灣南投地方法院 115 年度 埔簡 字第 89 號刑事判決,115.06.09,家庭暴力之妨害名譽,,,,,,未明確提取,及,"Ａ０３犯公然侮辱罪，處罰金新臺幣捌仟元，如易服勞役，以新
臺幣壹仟元折算壹日。",,https://judgment.judicial.gov.tw/FJUD/data.aspx?ty=JD&id=NTDM%2c115%2c%e5%9f%94%e7%b0%a1%2c89%2c20260609%2c1&ot=in
臺灣花蓮地方法院 112 年度 易 字第 380 號刑事判決,115.06.09,妨害名譽,,,,,,甲建物 | 乙建物 | 本案建物,一、緣詹土城與林淑端育有長子詹遠浩、次子詹德威、四子詹德光、六子詹為淵、三女詹馨芳，原共同居住於花蓮縣○○市○○路0○0號（下稱「甲建物」）、2之5號（下稱「乙建物」）及其附屬建築物（以下合稱「本案建物」），嗣詹德威、詹德光、詹馨芳、詹為淵則均遷居在外地，由詹遠浩及其子詹益賢、媳婦賴麗卿居住於甲建物，其女詹湘瑜則於休假期間返回乙建物及附屬建物居住，平日則未居住於此。又詹土城生前取得甲建物之事實上處分權，詹土城死亡後，經辦理分割繼承而由詹為淵取得該建物部分之事實上處分權，其再於民國94年間贈與詹益賢，詹益賢遂為甲建物之事實上處分權人，又乙建物則係由詹德威、詹德光、詹為淵、詹馨芳、詹益賢、詹湘瑜等...,"一、詹德威犯如附表「罪名及宣告刑」欄所示之罪，各處如附表「罪名及宣告刑」欄所示之刑。應執行拘役柒拾伍日，如易科罰金，以新臺幣壹仟元折算壹日。被訴其於民國一一一年四月二十四日侵入住宅、傷害、毀棄損壞部分；於民國一一一年七月二十七日強制、恐嚇危害安全部分均無罪。其餘被訴部分均公訴不受理。
二、詹德光犯如附表「罪名及宣告刑」欄所示之罪，各處如附表「罪名及宣告刑」欄所示之刑。應執行拘役柒拾伍日，如易科罰金，以新臺幣壹仟元折算壹日。被訴其於民國一一一年四月二十四日侵入住宅、傷害、毀棄損壞部分；於民國一一一年七月二十七日強制、恐嚇危害安全部分均無罪。其餘被訴部分公訴不受理。
三、詹馨芳犯如附表「罪名及宣告刑」欄所示之罪，各處如附表「罪名及宣告刑」欄所示之刑。應執行拘役壹佰貳拾日，如易科罰金，以新臺幣壹仟元折算壹日。其餘被訴部分無罪。

四、詹為淵犯如附表「罪名及宣告刑」欄所示之罪，各處如附表「罪名及宣告刑」欄所示之刑，應執行拘役參拾日，如易科罰金，以新臺幣壹仟元折算壹日。被訴其於民國一一一年四月二十四日侵入住宅、傷害、毀棄損壞部分無罪。其餘被訴部分公訴不受理。",,https://judgment.judicial.gov.tw/FJUD/data.aspx?ty=JD&id=HLDM%2c112%2c%e6%98%93%2c380%2c20260609%2c1&ot=in
臺灣高雄地方法院 115 年度 審易 字第 1000 號刑事判決,115.06.08,妨害名譽,,,,,,未明確提取,,本件公訴不受理。,,https://judgment.judicial.gov.tw/FJUD/data.aspx?ty=JD&id=KSDM%2c115%2c%e5%af%a9%e6%98%93%2c1000%2c20260608%2c1&ot=in
臺灣南投地方法院 115 年度 簡上 字第 29 號刑事判決,115.06.08,妨害名譽,,,,,,未明確提取,及,上訴駁回。,,https://judgment.judicial.gov.tw/FJUD/data.aspx?ty=JD&id=NTDM%2c115%2c%e7%b0%a1%e4%b8%8a%2c29%2c20260608%2c1&ot=in
臺灣臺北地方法院 115 年度 審易 字第 1064 號刑事判決,115.06.08,妨害名譽,,,,,,未明確提取,,本件公訴不受理。,,https://judgment.judicial.gov.tw/FJUD/data.aspx?ty=JD&id=TPDM%2c115%2c%e5%af%a9%e6%98%93%2c1064%2c20260608%2c1&ot=in
臺灣臺中地方法院 115 年度 簡 字第 90 號刑事判決,115.06.08,妨害名譽,,,,,,未明確提取,及,賈惠蘭犯公然侮辱罪，處拘役貳拾日，如易科罰金，以新臺幣壹仟元折算壹日。,,https://judgment.judicial.gov.tw/FJUD/data.aspx?ty=JD&id=TCDM%2c115%2c%e7%b0%a1%2c90%2c20260608%2c1&ot=in
臺灣臺中地方法院 115 年度 審易 字第 484 號刑事判決,115.06.05,妨害名譽,,,,,,未明確提取,及,Ａ０３犯公然侮辱罪，科罰金新臺幣陸仟元，如易服勞役，以新臺幣壹仟元折算壹日。,,https://judgment.judicial.gov.tw/FJUD/data.aspx?ty=JD&id=TCDM%2c115%2c%e5%af%a9%e6%98%93%2c484%2c20260605%2c1&ot=in
臺灣橋頭地方法院 114 年度 簡上 字第 361 號刑事判決,115.06.05,妨害名譽,,,,,,未明確提取,"，作為審認原審量刑妥適與否之判斷基礎。經查，本件上訴人檢察官於本院準備程序及審判程序時均陳明僅針對原判決科刑事項上訴（見簡上卷第47頁、第79頁），是本院僅就原判決關於量刑妥適與否進行審理，並以原判決認定之犯罪事實、所犯法條為審酌依據。
二、上訴駁回之",上訴駁回。,,https://judgment.judicial.gov.tw/FJUD/data.aspx?ty=JD&id=CTDM%2c114%2c%e7%b0%a1%e4%b8%8a%2c361%2c20260605%2c1&ot=in
臺灣彰化地方法院 114 年度 易 字第 610 號刑事判決,115.06.05,妨害名譽,,,,,,推特 | @Wynnazrael | 我半夜被那群女生打無聲電話騷擾的事 | 一定是孫培妮 | 下次再開庭=還會再見到孫培妮.....這個女人到昨晚還在打無聲來電騷擾我...看看這個訟棍這四年來到底有多麼多麼病態的執著我,"一、張欣婷前與孫培妮有多起紛爭，竟意圖散布於眾，基於加重誹謗之犯意，先後於民國113年10月30日8時23分許、同日11時42分許，在其位於彰化縣○○鄉○○路0段000巷0弄0號住處，利用手機連結網路登入社群網站「推特」網頁後，以帳號「@Wynnazrael」公開發布「我半夜被那群女生打無聲電話騷擾的事」並於留言回覆「一定是孫培妮」，及公開發布「下次再開庭=還會再見到孫培妮.....這個女人到昨晚還在打無聲來電騷擾我...看看這個訟棍這四年來到底有多麼多麼病態的執著我」等內容，足以毀損孫培妮之名譽。嗣孫培妮經友人告知始悉上揭貼文而報警查知上情。
二、案經孫培妮訴由新北市政府警察局永和分局報告臺...",張欣婷犯加重誹謗罪，處拘役伍拾日，如易科罰金，以新臺幣壹仟元折算壹日。,,https://judgment.judicial.gov.tw/FJUD/data.aspx?ty=JD&id=CHDM%2c114%2c%e6%98%93%2c610%2c20260605%2c1&ot=in
臺灣新竹地方法院 113 年度 易 字第 727 號刑事判決,115.06.05,妨害名譽,,,,,,未明確提取,"為有罪之陳述，經本院告知簡式審判程序意旨，並聽取公訴人及被告之意見後，本院裁定依簡式審判程序審理，並判決如下：
　　主　　　文
Ａ０２犯公然侮辱罪，處拘役拾日，如易科罰金，以新臺幣壹仟元折算壹日。
　　事實及",Ａ０２犯公然侮辱罪，處拘役拾日，如易科罰金，以新臺幣壹仟元折算壹日。,,https://judgment.judicial.gov.tw/FJUD/data.aspx?ty=JD&id=SCDM%2c113%2c%e6%98%93%2c727%2c20260605%2c1&ot=in
臺灣花蓮地方法院 114 年度 花易 字第 6 號刑事判決,115.06.05,妨害名譽,,,,,,名譽 | 真實社會名譽 | 名譽人格（自然人） | 名譽感情 | 依個案之表意脈絡 | 故意公然貶損他人名譽 | 對他人名譽之影響已逾一般人合理忍受範圍 | 你好。他怎麼了？ | 他這個酒醉，然後在車上公然侮辱。 | 什麼酒醉？他媽的神經病 | 他對我有公然侮辱。 | 是。 | 我他媽的，我錢都給他了。 | 資料先報給我好不好。 | 好。我沒有付你？不要黑白講你娘阿機賣ㄟ(台語)。 | 操你媽的，這個真的是。,應依證據認定之，無證據不得認定犯罪事實；又不能證明被告犯罪者，應諭知無罪之判決，刑事訴訟法第154條第2項、第301條第1項分別定有明文。次按認定不利於被告之事實，須依積極證據，苟積極證據不足為不利於被告事實之認定時，即應為有利於被告之認定，更不必有何有利之證據；又認定犯罪事實所憑之證據，雖不以直接證據為限，間接證據亦包括在內，然而無論直接或間接證據，其為訴訟上之證明，須達於通常一般人均不致有所懷疑，而得確信其為真實之程度，始得據為有罪之認定（最高法院30年上字第816號及76年台上字第4986號判決參照）。又按刑法第309條第1項規定所處罰之公然侮辱行為，係指依個案之表意脈絡，表意人故意發表...,李基德無罪。,,https://judgment.judicial.gov.tw/FJUD/data.aspx?ty=JD&id=HLDM%2c114%2c%e8%8a%b1%e6%98%93%2c6%2c20260605%2c1&ot=in
臺灣高等法院 115 年度 上易 字第 980 號刑事判決,115.06.04,妨害名譽,,,,,,未明確提取,,上訴駁回。,,https://judgment.judicial.gov.tw/FJUD/data.aspx?ty=JD&id=TPHM%2c115%2c%e4%b8%8a%e6%98%93%2c980%2c20260604%2c1&ot=in
臺灣臺北地方法院 115 年度 審簡附民 字第 207 號刑事裁定,115.06.04,因妨害名譽案附帶民訴,,,,,,未明確提取,,,,https://judgment.judicial.gov.tw/FJUD/data.aspx?ty=JD&id=TPDM%2c115%2c%e5%af%a9%e7%b0%a1%e9%99%84%e6%b0%91%2c207%2c20260604%2c1&ot=in
臺灣新北地方法院 115 年度 附民 字第 1521 號刑事判決,115.06.04,妨害名譽,,,,,,未明確提取,"一、原告之聲明及陳述，均如附件之刑事附帶民事訴訟起訴狀所載。
二、被告未為任何聲明或陳述，亦未提出任何書狀。",原告之訴及假執行之聲請均駁回。,,https://judgment.judicial.gov.tw/FJUD/data.aspx?ty=JD&id=PCDM%2c115%2c%e9%99%84%e6%b0%91%2c1521%2c20260604%2c1&ot=in
臺灣臺北地方法院 115 年度 審簡 字第 1250 號刑事判決,115.06.04,妨害名譽,,,,,,未明確提取,及,黃郁仁犯散布文字誹謗罪，處拘役肆拾日，如易科罰金，以新臺幣壹仟元折算壹日。,,https://judgment.judicial.gov.tw/FJUD/data.aspx?ty=JD&id=TPDM%2c115%2c%e5%af%a9%e7%b0%a1%2c1250%2c20260604%2c1&ot=in
臺灣花蓮地方法院 115 年度 玉原簡 字第 9 號刑事判決,115.06.04,妨害名譽,,,,,,未明確提取,及,陳俊佑犯公然侮辱罪，處罰金新臺幣四千元，如易服勞役，以新臺幣一千元折算一日。,,https://judgment.judicial.gov.tw/FJUD/data.aspx?ty=JD&id=HLDM%2c115%2c%e7%8e%89%e5%8e%9f%e7%b0%a1%2c9%2c20260604%2c1&ot=in
臺灣花蓮地方法院 114 年度 易 字第 428 號刑事判決,115.06.03,家暴妨害名譽,,,,,,未明確提取,,本件公訴不受理。,,https://judgment.judicial.gov.tw/FJUD/data.aspx?ty=JD&id=HLDM%2c114%2c%e6%98%93%2c428%2c20260603%2c1&ot=in
臺灣臺北地方法院 115 年度 簡 字第 1481 號刑事判決,115.06.03,妨害名譽,,,,,,未明確提取,及,張聖澤犯公然侮辱罪，處罰金新臺幣參仟元，如易服勞役，以新臺幣壹仟元折算壹日。,,https://judgment.judicial.gov.tw/FJUD/data.aspx?ty=JD&id=TPDM%2c115%2c%e7%b0%a1%2c1481%2c20260603%2c1&ot=in
臺灣花蓮地方法院 115 年度 花簡附民 字第 2 號刑事裁定,115.06.01,因妨害名譽附帶民訴,,,,,,未明確提取,,,,https://judgment.judicial.gov.tw/FJUD/data.aspx?ty=JD&id=HLDM%2c115%2c%e8%8a%b1%e7%b0%a1%e9%99%84%e6%b0%91%2c2%2c20260601%2c1&ot=in
臺灣新北地方法院 115 年度 附民 字第 1466 號刑事判決,115.06.01,妨害名譽,,,,,,未明確提取,,原告之訴駁回。,,https://judgment.judicial.gov.tw/FJUD/data.aspx?ty=JD&id=PCDM%2c115%2c%e9%99%84%e6%b0%91%2c1466%2c20260601%2c1&ot=in
臺灣高雄地方法院 113 年度 易 字第 614 號刑事判決,115.06.01,妨害名譽,,,,,,未明確提取,,本件公訴不受理。,,https://judgment.judicial.gov.tw/FJUD/data.aspx?ty=JD&id=KSDM%2c113%2c%e6%98%93%2c614%2c20260601%2c1&ot=in
臺灣高等法院 115 年度 聲再 字第 206 號刑事裁定,115.05.29,妨害名譽,,,,,,未明確提取,錯誤而設之救濟程序，故為受判決人利益聲請再審者，必其聲請合於刑事訴訟法第420條第1項第1款至第6款或第421條所定之情形，始得為之，此與非常上訴程序旨在糾正確定裁判之審判違背法令者，並不相同。次按經法院認無再審,再審及停止刑罰執行之聲請均駁回。,,https://judgment.judicial.gov.tw/FJUD/data.aspx?ty=JD&id=TPHM%2c115%2c%e8%81%b2%e5%86%8d%2c206%2c20260529%2c1&ot=in
臺灣臺北地方法院 114 年度 附民 字第 1952 號刑事裁定,115.05.29,因妨害名譽案附帶民訴,,,,,,未明確提取,,,,https://judgment.judicial.gov.tw/FJUD/data.aspx?ty=JD&id=TPDM%2c114%2c%e9%99%84%e6%b0%91%2c1952%2c20260529%2c1&ot=in
臺灣臺中地方法院 115 年度 審易 字第 526 號刑事判決,115.05.29,妨害名譽,,,,,,臺北市東海大學校友會 | 畜牲 | 垃圾 | 畜牲怎麼不趕快死一死，跟畜牲一起的都去死 | 垃圾畜牲後代也都是一定凌虐，禍延垃圾子孫，母的當雞，公的當鴨，畜牲繼續吠呀 | 您他媽的垃圾 | 你媽犯罪生下你 | 禍害人家只有畜牲 | 垃圾應該被丟到垃圾堆,"一、Ａ０３、Ａ０２均為通訊軟體LINE「臺北市東海大學校友會」群組（成員約有459人）之成員。緣Ａ０３於民國114年8月2日21時許，在該群組內因對Ａ０２之發言有意見，因而心生不滿，竟基於公然侮辱之犯意，隨即在該群組特定多數人得以共見共聞之狀態下，接續以「畜牲」、「垃圾」、「畜牲怎麼不趕快死一死，跟畜牲一起的都去死」、「垃圾畜牲後代也都是一定凌虐，禍延垃圾子孫，母的當雞，公的當鴨，畜牲繼續吠呀」、「您他媽的垃圾」、「你媽犯罪生下你」、「禍害人家只有畜牲」及「垃圾應該被丟到垃圾堆」等語辱罵Ａ０２，已逾越言論自由及一般人可合理忍受之範圍，足以貶損Ａ０２之人格尊嚴及社會評價。
二、案經Ａ０２告訴及臺...",Ａ０３犯公然侮辱罪，科罰金新臺幣捌仟元，如易服勞役，以新臺幣壹仟元折算壹日。,,https://judgment.judicial.gov.tw/FJUD/data.aspx?ty=JD&id=TCDM%2c115%2c%e5%af%a9%e6%98%93%2c526%2c20260529%2c1&ot=in
臺灣臺中地方法院 115 年度 簡 字第 320 號刑事判決,115.05.29,妨害名譽,,,,,,未明確提取,及,Ａ０４犯公然侮辱罪，處罰金新臺幣伍仟元，如易服勞役，以新臺幣壹仟元折算壹日。,,https://judgment.judicial.gov.tw/FJUD/data.aspx?ty=JD&id=TCDM%2c115%2c%e7%b0%a1%2c320%2c20260529%2c1&ot=in
臺灣臺北地方法院 115 年度 審簡 字第 636 號刑事判決,115.05.29,妨害名譽,,,,,,未明確提取,及,阮家文犯散布文字誹謗罪，處罰金新臺幣壹萬元，如易服勞役，以新臺幣壹仟元折算壹日。,,https://judgment.judicial.gov.tw/FJUD/data.aspx?ty=JD&id=TPDM%2c115%2c%e5%af%a9%e7%b0%a1%2c636%2c20260529%2c1&ot=in
臺灣高雄地方法院 115 年度 易 字第 134 號刑事判決,115.05.29,妨害名譽,,,,,,陳心 | 單團【抱怨】【爆料】副本禁區 | 可憐到處約砲..還有臉關副本 | 筱淇,"一、陳智源與雲冰間有債務及訴訟糾紛，竟意圖散布於眾，基於散布文字誹謗之犯意，於民國113年5月6日，透過網際網路登入社群軟體臉書(下稱臉書)帳戶，以暱稱「陳心」在多數人得共見共聞之臉書公開社團「單團【抱怨】【爆料】副本禁區」（下稱前開臉書社團）上發表:「可憐到處約砲..還有臉關副本」等文字（下稱前開文字），並在文章下張貼雲冰所使用通訊軟體暱稱為「筱淇」（頭像為雲冰本人照片）之對話截圖，使瀏覽之網友可以分辨、推敲前開文字所指涉之對象為雲冰，足以貶損雲冰之名譽、人格地位及社會評價。　　
二、案經雲冰訴由臺南市政府警察局第一分局報告臺灣臺南地方檢察署呈請臺灣高等檢察署檢察長移轉臺灣高雄地方檢察署檢察...",陳智源犯加重誹謗罪，處拘役參拾日，如易科罰金，以新臺幣壹仟元折算壹日。,,https://judgment.judicial.gov.tw/FJUD/data.aspx?ty=JD&id=KSDM%2c115%2c%e6%98%93%2c134%2c20260529%2c1&ot=in
臺灣基隆地方法院 114 年度 易 字第 444 號刑事判決,115.05.29,妨害名譽,,,,,,未明確提取,應依證據認定之，無證據不得認定犯罪事實；有罪之判決書應於,阮鼎祥無罪。,,https://judgment.judicial.gov.tw/FJUD/data.aspx?ty=JD&id=KLDM%2c114%2c%e6%98%93%2c444%2c20260529%2c2&ot=in
臺灣臺北地方法院 114 年度 易 字第 1325 號刑事判決,115.05.29,妨害名譽,,,,,,"@harold75 | 放羊班 | 有人聽過凱必多亞洲這間公司嗎？ | 基本上與詐騙公司有許多相似之處，請慎入 | 這家公司與詐騙公司相當，有巨大的法律風險，需要第一線人員自己承擔 | 這家公司目前有近二十起詐欺、強盜與違約訴訟，請小心評估 | Ping Han TSAI | Headline | About | Headline | 被CAE積欠一千七百萬臺幣工資（$538,540 USD），CAE也收了客人兩千三百萬美元，並以非法藉口不發貨不退貨且試圖或已經轉售，同時拖欠數間廠商貨款，至少八百萬美元，CAE持續『賣已有合約之舊貨、收新款且再不出貨 | About（關於） | ＊CAE owes me $538,540 USD in bonuses. ＊＊被CAE積欠一千七百萬臺幣工資（$538,540 USD），CAE也收了客人一千六百萬美元，並以非法藉口不發貨不退貨且試圖或已經轉售，同時拖欠數間廠商貨款，至少六百萬美元，請面試者務必謹慎考慮此公司之法律與道德風險。如果您／您的公司因CAE蒙受經濟損失，請與我聯絡","一、緣蔡秉翰自民國109年10月間起在凱必多亞洲有限公司（址設臺北市○○區○○路000號22樓，下稱凱必多公司）擔任職銜業務經理、負責媒合二手精密儀器設備之交易員，嗣經凱必多公司於112年底表示解僱而有勞資糾紛。蔡秉翰竟意圖散布於眾，基於以網際網路妨害信用之犯意，以電腦設備連結網際網路至社群平台Dcard登入會員帳號「@harold75」（下稱帳號甲）以暱稱「放羊班」，接續在科技業版內文章標題「有人聽過凱必多亞洲這間公司嗎？」之頁面張貼下列文字訊息留言，足以生損害於凱必多公司於社會上之經濟性評價：
　㈠於112年11月9日8時25分許張貼「基本上與詐騙公司有許多相似之處，請慎入」之文字訊息（下...",蔡秉翰以網際網路犯妨害信用罪，處有期徒刑肆月，如易科罰金，以新臺幣壹仟元折算壹日。,,https://judgment.judicial.gov.tw/FJUD/data.aspx?ty=JD&id=TPDM%2c114%2c%e6%98%93%2c1325%2c20260529%2c1&ot=in
臺灣高等法院 115 年度 上易 字第 418 號刑事判決,115.05.28,妨害名譽,,,,,,未明確提取,及,上訴駁回。,,https://judgment.judicial.gov.tw/FJUD/data.aspx?ty=JD&id=TPHM%2c115%2c%e4%b8%8a%e6%98%93%2c418%2c20260528%2c1&ot=in
臺灣高等法院 臺中分院 115 年度 上易 字第 278 號刑事判決,115.05.28,妨害名譽,,,,,,未明確提取,，所提出之證據，不足為被告有罪之積極證明，無從說服法院以形成被告有罪之心證，自屬不能證明其犯罪，原判決因之為被告無罪之判決，核無不合。檢察官提起上訴，並未提出新事證，仍執相同事證為不同事實認定、法律適用之爭執，係對原判決採證認事、用法職權之適法行使，任意指摘，為無,上訴駁回。,,https://judgment.judicial.gov.tw/FJUD/data.aspx?ty=JD&id=TCHM%2c115%2c%e4%b8%8a%e6%98%93%2c278%2c20260528%2c1&ot=in
臺灣高等法院 115 年度 上易 字第 705 號刑事判決,115.05.28,妨害名譽,,,,,,未明確提取,"，並讓看見貼文之網民對告訴人產生品行不端、品德有虧之印象，而該當於刑法之加重誹謗罪。
　㈣原審審理後，認檢察官所舉證據，不能證明被告犯罪，而為被告無罪之判決，核無不當，應予維持。檢察官上訴仍執原審已詳予斟酌之證據，對於原判決已說明事項及屬原審採證認事職權之適法行使，逕為相異之評價，復未提出其他積極證據證明被告確有本案公然侮辱或加重誹謗罪之犯行，尚難說服本院推翻原判決，另為不利於被告之認定，其上訴為無",上訴駁回。,,https://judgment.judicial.gov.tw/FJUD/data.aspx?ty=JD&id=TPHM%2c115%2c%e4%b8%8a%e6%98%93%2c705%2c20260528%2c1&ot=in
臺灣高等法院 高雄分院 115 年度 上易 字第 126 號刑事判決,115.05.28,妨害名譽,,,,,,被告罵了這句話就傷害到我：基本上就是不能隨便講這五個字，我也可以回這五個字，但我從頭到尾都沒有講，『所有人在社會上都用這五個字眼互相問候就好了嗎 | 對方有罵我『瘋子神經病 | 是他們三人先罵我的，『幹你娘 | 你娘雞辦 | 我沒有刻意罵人，台語可能比較直接，他的表達方式跟我不太一樣，台語的俚語在說話，罵人的尾音單純只是句點，是我自己粗魯的話語，我是很直接的人，當下我恐慌症及重鬱症，只是想要趕快移車,"之描述，實無益於公共事務之思辯，或屬文學、藝術之表現形式，或具學術、專業領域等正面價值之情形，又參以告訴人陳稱：「被告罵了這句話就傷害到我：基本上就是不能隨便講這五個字，我也可以回這五個字，但我從頭到尾都沒有講，『所有人在社會上都用這五個字眼互相問候就好了嗎』，我覺得不合理。」等語合於社會常情，且上開各粗鄙侮辱性言語之時間相隔中間尚有與告訴人多次針鋒相對之對話，足見被告並非在爭執過程中未加思索脫口而出之短暫言語，本件被告使用前開粗鄙言語侮辱告訴人，對於告訴人名譽權之侵害程度甚高，實已逾越一般人可合理忍受之範圍(下稱上訴意旨㈠)。
　㈡被告先於112 年10月17日偵查中辯稱：「對方有罵我『瘋子...",上訴駁回。,,https://judgment.judicial.gov.tw/FJUD/data.aspx?ty=JD&id=KSHM%2c115%2c%e4%b8%8a%e6%98%93%2c126%2c20260528%2c1&ot=in
臺灣新竹地方法院 115 年度 易 字第 499 號刑事判決,115.05.28,妨害名譽,,,,,,未明確提取,,本件公訴不受理。,,https://judgment.judicial.gov.tw/FJUD/data.aspx?ty=JD&id=SCDM%2c115%2c%e6%98%93%2c499%2c20260528%2c1&ot=in
臺灣宜蘭地方法院 115 年度 易 字第 243 號刑事判決,115.05.28,妨害名譽,,,,,,未明確提取,,本件公訴不受理。,,https://judgment.judicial.gov.tw/FJUD/data.aspx?ty=JD&id=ILDM%2c115%2c%e6%98%93%2c243%2c20260528%2c1&ot=in
臺灣臺中地方法院 115 年度 中簡 字第 1245 號刑事判決,115.05.28,妨害名譽,,,,,,當警察當到變垃圾,"一、王經文於民國114年8月19日19時26分許，騎乘車牌號碼000-000號普通重型機車，在臺中市西區東興路3段與大墩十二街交岔路口，因闖紅燈遭臺中市政府警察局第一分局公益派出所員警即曾筱婷攔停，曾筱婷並依交通法規舉發王經文之違規駕駛行為。詎王經文明知曾筱婷係依法執行職務，竟基於公然侮辱之犯意，於同日19時44分許，在不特定人得以共聞共見之上開道路旁，對曾筱婷辱罵「當警察當到變垃圾」等語，足以貶損曾筱婷之社會評價，而生損害於曾筱婷之名譽。
二、案經曾筱婷訴請臺灣臺中地方檢察署檢察官偵查後聲請簡易判決處刑。",王經文犯公然侮辱罪，處罰金新臺幣捌仟元，如易服勞役，以新臺幣壹仟元折算壹日。,,https://judgment.judicial.gov.tw/FJUD/data.aspx?ty=JD&id=TCDM%2c115%2c%e4%b8%ad%e7%b0%a1%2c1245%2c20260528%2c1&ot=in
臺灣雲林地方法院 115 年度 易 字第 227 號刑事判決,115.05.28,妨害名譽,,,,,,斗六人社交圈 | 斗六人社交圈 | 價錢高像傳播? | 只有臉書私訊沒有電話號碼地址會不會是詐騙集團? | 名譽 | 真實社會名譽 | 名譽人格（自然人） | 名譽感情 | 依個案之表意脈絡 | 故意公然貶損他人名譽 | 對他人名譽之影響已逾一般人合理忍受範圍,應依證據認定之，不能證明被告犯罪者，應諭知無罪之判決，刑事訴訟法第154條第2項、第301條第1項分別定有明文。又認定不利於被告之事實，須依積極證據，苟積極證據不足為不利於被告事實之認定時，即應為有利於被告之認定，更不必有何有利之證據；另認定犯罪事實所憑之證據，雖不以直接證據為限，間接證據亦包括在內，然而無論直接或間接證據，其為訴訟上之證明，須於通常一般之人均不致有所懷疑，而得確信為真實之程度者，始得據為有罪之認定，倘其證明尚未達於此一程度，而有合理性懷疑存在時，即不得遽為被告犯罪之認定（最高法院30年度上字第816號、76年度台上字第4986號判決意旨參照）。再刑事訴訟法第161條第1項規定...,張文龍無罪。,,https://judgment.judicial.gov.tw/FJUD/data.aspx?ty=JD&id=ULDM%2c115%2c%e6%98%93%2c227%2c20260528%2c1&ot=in
臺灣南投地方法院 115 年度 易 字第 23 號刑事裁定,115.05.27,妨害名譽,,,,,,未明確提取,,本件逕以簡易判決處刑。,,https://judgment.judicial.gov.tw/FJUD/data.aspx?ty=JD&id=NTDM%2c115%2c%e6%98%93%2c23%2c20260527%2c1&ot=in
臺灣高雄地方法院 115 年度 簡 字第 2842 號刑事判決,115.05.27,妨害名譽,,,,,,未明確提取,及,Ａ０２犯公然侮辱罪，處拘役伍拾日，如易科罰金，以新臺幣壹仟元折算壹日。,,https://judgment.judicial.gov.tw/FJUD/data.aspx?ty=JD&id=KSDM%2c115%2c%e7%b0%a1%2c2842%2c20260527%2c1&ot=in
臺灣臺北地方法院 115 年度 易 字第 142 號刑事判決,115.05.27,妨害名譽,,,,,,他媽的 | 納稅蟲 | 寄生蟲 | 一堆寄生蟲，真的是一堆寄生蟲,一、羅膺洲於民國112年5月7日18時16分許，在臺北市○○區○○路0段00號即錢櫃KTV中華新館之153號包廂內，因故與陳怡雄發生口角衝突，臺北市政府警察局中正第一分局（下稱中正一分局）博愛路派出所（下稱博愛路派出所）員警楊偉志、王劍平、賴姿穎獲報至現場處理，羅膺洲當場以「他媽的」、「納稅蟲」等言語侮辱楊偉志與王劍平（被告對楊偉志與王劍平所涉妨害公務等罪，業經臺灣高等法院以113年度上易字第1979號判決有罪確定，非本案審理範圍）。嗣員警帶同羅膺洲返回博愛路派出所，羅膺洲於同日20時37分許，另基於公然侮辱之犯意，在多數不特定人得共見共聞之博愛路派出所辦公區域內，先對員警邱昱賢辱罵「寄生蟲」...,羅膺洲犯公然侮辱罪，處拘役拾伍日，如易科罰金，以新臺幣壹仟元折算壹日。,,https://judgment.judicial.gov.tw/FJUD/data.aspx?ty=JD&id=TPDM%2c115%2c%e6%98%93%2c142%2c20260527%2c1&ot=in
臺灣高等法院 花蓮分院 115 年度 附民 字第 12 號刑事判決,115.05.26,因妨害名譽附帶民訴,,,,,,未明確提取,及,原告之訴及假執行之聲請均駁回。,,https://judgment.judicial.gov.tw/FJUD/data.aspx?ty=JD&id=HLHM%2c115%2c%e9%99%84%e6%b0%91%2c12%2c20260526%2c1&ot=in
臺灣臺中地方法院 114 年度 自 字第 36 號刑事裁定,115.05.26,妨害名譽,,,,,,未明確提取,,自訴人應於本裁定送達後伍日內補正被告之姓名、性別、年齡、住所或居所，或其他足資辨別之特徵。,,https://judgment.judicial.gov.tw/FJUD/data.aspx?ty=JD&id=TCDM%2c114%2c%e8%87%aa%2c36%2c20260526%2c1&ot=in
臺灣花蓮地方法院 115 年度 花簡 字第 64 號刑事判決,115.05.26,妨害名譽,,,,,,未明確提取,及,王韋強犯散布文字誹謗罪，處拘役20日，如易科罰金，以新臺幣1千元折算1日。,,https://judgment.judicial.gov.tw/FJUD/data.aspx?ty=JD&id=HLDM%2c115%2c%e8%8a%b1%e7%b0%a1%2c64%2c20260526%2c1&ot=in
福建金門地方法院 115 年度 易 字第 15 號刑事判決,115.05.26,妨害名譽,,,,,,未明確提取,"一、Ａ０３基於公然侮辱之犯意，於附表所示之時間，至Ａ０２所經營位於金門縣○○鎮○○路000號之金源利企業有限公司（下稱金源利公司）前，接續對該址大門潑灑廚餘，使不特定多數人得以見聞，足以貶損Ａ０２及金源利公司之名譽與社會評價。
二、案經Ａ０２訴由金門縣警察局金城分局報告福建金門地方檢察署檢察官偵查後聲請簡易判決處刑。","Ａ０３犯公然侮辱罪，處罰金新臺幣3,000元，如易服勞役，以新臺幣1,000元折算1日。",,https://judgment.judicial.gov.tw/FJUD/data.aspx?ty=JD&id=KMDM%2c115%2c%e6%98%93%2c15%2c20260526%2c1&ot=in
臺灣臺中地方法院 114 年度 自 字第 31 號刑事判決,115.05.26,妨害名譽,,,,,,未明確提取,應依證據認定之，無證據不得認定犯罪事實；至有罪之判決書應於,黃西經無罪。,,https://judgment.judicial.gov.tw/FJUD/data.aspx?ty=JD&id=TCDM%2c114%2c%e8%87%aa%2c31%2c20260526%2c1&ot=in
臺灣臺北地方法院 115 年度 易 字第 290 號刑事判決,115.05.26,妨害名譽,,,,,,@m00000000 | 不意外關在狗籠吠的詐欺狗 | 去做詐欺別人去佔古意人便宜,黃婷蓉因林書平積欠其配偶方競皜款項而心生不滿，竟意圖散布於眾，基於誹謗之接續犯意，分別於民國113年10月29日、12月2日某時許，在其位於高雄市○○區○○○路000巷00弄0號之住所，利用電腦設備連結網際網路至「X」網站，以暱稱為「@m00000000」申請之公開版面留言版以「不意外關在狗籠吠的詐欺狗」、「去做詐欺別人去佔古意人便宜」等指摘或傳述毀損林書平名譽之行為，並供不特定人上網觀覽，足以生損害於林書平名譽及社會評價。,黃婷蓉犯散布文字誹謗罪，處拘役拾日，如易科罰金，以新臺幣壹仟元折算壹日。,,https://judgment.judicial.gov.tw/FJUD/data.aspx?ty=JD&id=TPDM%2c115%2c%e6%98%93%2c290%2c20260526%2c1&ot=in
臺灣花蓮地方法院 115 年度 易 字第 4 號刑事判決,115.05.26,妨害名譽,,,,,,○月餐酒館 | ○月餐酒館 | ○月餐酒館 | hsiao_770708,一、緣蕭嘉豪為址設花蓮縣○○市○○里○○○路00號之「○月餐酒館」負責人，Ａ０２則為「○月餐酒館」之駐唱歌手，蕭嘉豪因Ａ０２之交友、飲酒費用及對外演出問題對Ａ０２心生不滿。蕭嘉豪明知其非公務機關，對於個人資料之利用，應於蒐集之特定目的必要範圍內為之，並符合個人資料保護法第20條所定各款情形者，始得為特定目的外之利用，竟意圖散布於眾、損害他人之利益，基於散布文字誹謗及非法利用個人資料之犯意，於不詳時間擷取其裝設在「○月餐酒館」外之監視器所攝得Ａ０２與女客擁吻畫面及Ａ０２自行刊登在Instagram之臉部照片後，於民國114年7月6日在不詳地點，利用不詳設備連結網際網路後，以帳號「hsiao_77...,蕭嘉豪犯非公務機關非法利用個人資料罪，處有期徒刑參月，如易科罰金，以新臺幣壹仟元折算壹日。緩刑貳年。,,https://judgment.judicial.gov.tw/FJUD/data.aspx?ty=JD&id=HLDM%2c115%2c%e6%98%93%2c4%2c20260526%2c1&ot=in
臺灣臺北地方法院 115 年度 審簡附民 字第 187 號刑事裁定,115.05.25,因妨害名譽案附帶民訴,,,,,,未明確提取,,,,https://judgment.judicial.gov.tw/FJUD/data.aspx?ty=JD&id=TPDM%2c115%2c%e5%af%a9%e7%b0%a1%e9%99%84%e6%b0%91%2c187%2c20260525%2c1&ot=in
臺灣新北地方法院 115 年度 審附民 字第 894 號刑事裁定,115.05.22,妨害名譽,,,,,,未明確提取,,,,https://judgment.judicial.gov.tw/FJUD/data.aspx?ty=JD&id=PCDM%2c115%2c%e5%af%a9%e9%99%84%e6%b0%91%2c894%2c20260522%2c1&ot=in
臺灣屏東地方法院 115 年度 易 字第 210 號刑事判決,115.05.22,妨害名譽等,,,,,,未明確提取,,本件被訴妨害名譽部分公訴不受理。,,https://judgment.judicial.gov.tw/FJUD/data.aspx?ty=JD&id=PTDM%2c115%2c%e6%98%93%2c210%2c20260522%2c1&ot=in
臺灣新北地方法院 115 年度 審易 字第 682 號刑事判決,115.05.22,妨害名譽,,,,,,未明確提取,及,Ａ０４犯公然侮辱罪，處罰金新臺幣陸仟元，如易服勞役，以新臺幣壹仟元折算壹日。,,https://judgment.judicial.gov.tw/FJUD/data.aspx?ty=JD&id=PCDM%2c115%2c%e5%af%a9%e6%98%93%2c682%2c20260522%2c1&ot=in
臺灣苗栗地方法院 115 年度 苗簡 字第 457 號刑事判決,115.05.22,妨害名譽,,,,,,未明確提取,及,彭睿承犯個人資料保護法第四十一條之非公務機關未於蒐集特定目的必要範圍內利用個人資料罪，處有期徒刑參月，如易科罰金，以新臺幣壹仟元折算壹日。,,https://judgment.judicial.gov.tw/FJUD/data.aspx?ty=JD&id=MLDM%2c115%2c%e8%8b%97%e7%b0%a1%2c457%2c20260522%2c1&ot=in
臺灣基隆地方法院 115 年度 易 字第 192 號刑事判決,115.05.22,妨害名譽,,,,,,"狗改不了吃屎 | 狗改不了吃屎，又
　　要詐騙住戶選票嗎？ | 住戶選票 | 區權會 | 正義聯盟 | 狗改不了吃屎 | 又要詐騙住戶選票 | 狗改不了吃屎 | 言論 | 事實陳述 | 意見表達 | 事實陳述 | 意見表達 | 評論 | 對於所誹謗之事，能證明其為真實者，不罰 | 事實陳述 | 以善意發表言論，對於可受公評之事，而為適當之評論者，不罰 | 合理評論原則 | 可受公評之事","應依證據認定之，無證據不得認定犯罪事實；不能證明被告犯罪者，應諭知無罪之判決，刑事訴訟法第154 條第2 項、第301 條第1 項分別定有明文。又檢察官就被告犯罪事實，應負舉證責任，並指出證明之方法，刑事訴訟法第161 條第1 項定有明文。故檢察官對於起訴之犯罪事實，應負提出證據及說服之實質舉證責任，倘其所提出之證據，不足為被告有罪之積極證明，或其指出證明之方法，無從說服法院以形成被告有罪之心證，基於無罪推定原則，自應為被告無罪判決之諭知。
三、聲請簡易判決處刑書認被告涉有公然侮辱、加重誹謗罪嫌，無非係以被告於警詢、偵查時之供述、告訴人胡開元、曲承琪於偵查中及本院審理時之指述、告訴人提出之網路...",張嘉偉無罪。,,https://judgment.judicial.gov.tw/FJUD/data.aspx?ty=JD&id=KLDM%2c115%2c%e6%98%93%2c192%2c20260522%2c1&ot=in
臺灣高等法院 115 年度 附民 字第 620 號刑事裁定,115.05.21,妨害名譽,,,,,,未明確提取,,本件移送本院民事庭。,,https://judgment.judicial.gov.tw/FJUD/data.aspx?ty=JD&id=TPHM%2c115%2c%e9%99%84%e6%b0%91%2c620%2c20260521%2c1&ot=in
司法院刑事補償法庭 115 年度 台重覆 字第 10 號刑事決定書,115.05.21,妨害名譽,,,,,,未明確提取,,重審之聲請駁回。,,https://judgment.judicial.gov.tw/FJUD/data.aspx?ty=JD&id=TPCM%2c115%2c%e5%8f%b0%e9%87%8d%e8%a6%86%2c10%2c20260521%2c1&ot=in
臺灣高等法院 高雄分院 115 年度 上易 字第 56 號刑事判決,115.05.21,妨害名譽,,,,,,幹你娘老雞掰 | 幹你娘老雞掰 | 如不要，就不要隨便打桌子。幹你娘老雞掰。,"應依證據認定之，無證據不得認定犯罪事實；不能證明被告犯罪者，應諭知無罪之判決，刑事訴訟法第154條第2項、第301條第1項分別定有明文。又事實之認定應憑證據，如不能發現相當證據或證據不足以證明者，自不能以推測或擬制之方法，以為裁判之基礎；而認定犯罪事實所憑之證據，雖不以直接證據為限，間接證據亦包括在內，然無論直接或間接證據，其為訴訟上之證明，須於通常一般之人均不致於有所懷疑，而得確信其為真實之程度者，始得據之為有罪之認定，倘其證明尚未達到此一程度，而有合理性懷疑之存在時，即無從為有罪之認定（最高法院40年台上字第86號、76年台上字第4986號判決意旨參照）。
三、公訴意旨認被告涉犯上開罪嫌，...",上訴駁回。,,https://judgment.judicial.gov.tw/FJUD/data.aspx?ty=JD&id=KSHM%2c115%2c%e4%b8%8a%e6%98%93%2c56%2c20260521%2c1&ot=in
臺灣高等法院 115 年度 上易 字第 563 號刑事判決,115.05.21,妨害名譽,,,,,,未明確提取,及,上訴駁回。,,https://judgment.judicial.gov.tw/FJUD/data.aspx?ty=JD&id=TPHM%2c115%2c%e4%b8%8a%e6%98%93%2c563%2c20260521%2c1&ot=in
臺灣臺北地方法院 114 年度 附民 字第 2342 號刑事裁定,115.05.21,因妨害名譽案附帶民訴,,,,,,未明確提取,,本件移送本院民事庭。,,https://judgment.judicial.gov.tw/FJUD/data.aspx?ty=JD&id=TPDM%2c114%2c%e9%99%84%e6%b0%91%2c2342%2c20260521%2c1&ot=in
臺灣橋頭地方法院 114 年度 簡 字第 3956 號刑事判決,115.05.21,妨害名譽,,,,,,未明確提取,及,Ａ０３犯公然侮辱罪，處罰金新臺幣柒仟元，如易服勞役，以新臺幣壹仟元折算壹日。,,https://judgment.judicial.gov.tw/FJUD/data.aspx?ty=JD&id=CTDM%2c114%2c%e7%b0%a1%2c3956%2c20260521%2c1&ot=in
臺灣臺北地方法院 115 年度 簡上 字第 71 號刑事判決,115.05.21,妨害名譽,,,,,,未明確提取,及,上訴駁回。,,https://judgment.judicial.gov.tw/FJUD/data.aspx?ty=JD&id=TPDM%2c115%2c%e7%b0%a1%e4%b8%8a%2c71%2c20260521%2c1&ot=in
臺灣臺北地方法院 114 年度 易 字第 1562 號刑事判決,115.05.21,妨害名譽,,,,,,"大千住戶群組 | 參、二、 | 參、三、 | 參、二、 | 參、三、 | 大千住戶群組 | 客觀上合理相信真實 | 合理查證 | 善意 | 可受公評之事 | 康盛保全物業公司 | 大新店公司 | 大新店公司 | 大新店公司 | 大新店公司 | TPLINK | 貳、討論事項：二、社區監視器老舊更新案，及購買高壓水槍機清洗社區環境整潔（提案人：鄭勝為） | 說明：⑴社區監視器之線路及系統已顯老舊，畫質不佳，且有部分監視器裝置位置及角度不妥，宜全盤檢視更新。⑵經約請大新店數位有線電視相關人員提出規畫建議案，擬定新合約，包括：線路重整，電箱更新，鏡頭更換，系統更新，新增活動中心wifi及第四台線路及攝影鏡頭，6弄籃球場增設wifi，社區內增設8支攝影機。按新定合約每月租金11,924元，較原合約6,508元，增加5,416元。…決議：全數通過簽訂新合約及購買高壓水槍機。 | 大新店數位有線電視 | 大新店數位有線電視 | 大新店公司 | 大新店數位有線電視 | 大新店數位有線電視",依證據認定之，無證據不得認定犯罪事實；不能證明被告犯罪者，應諭知無罪之判決，刑事訴訟法第154條第2項、第301條第1項分別定有明文。次按認定不利於被告之事實須依積極證據，苟積極證據不足為不利於被告事實之認定，即應為有利被告之認定，更不必有何有利之證據；犯罪事實之認定，應憑證據，如無相當之證據，或證據不足以證明，自不得以推測或擬制之方法，以為裁判之基礎（最高法院30年上字第816號、40年台上字第86號判決意旨參照）。又檢察官就被告犯罪事實，應負舉證責任，並指出證明之方法，亦為刑事訴訟法第161條第1項所明定。因此，檢察官對於起訴之犯罪事實，應負提出證據及說服之實質舉證責任，倘其所提出之證據，...,王晉台、劉學光均無罪。,,https://judgment.judicial.gov.tw/FJUD/data.aspx?ty=JD&id=TPDM%2c114%2c%e6%98%93%2c1562%2c20260521%2c1&ot=in
臺灣屏東地方法院 114 年度 易 字第 405 號刑事裁定,115.05.20,妨害名譽,,,,,,未明確提取,,本件再開辯論。,,https://judgment.judicial.gov.tw/FJUD/data.aspx?ty=JD&id=PTDM%2c114%2c%e6%98%93%2c405%2c20260520%2c1&ot=in
臺灣宜蘭地方法院 115 年度 簡 字第 359 號刑事判決,115.05.20,妨害名譽,,,,,,未明確提取,及,Ａ０２犯公然侮辱罪，處罰金新臺幣2千元，如易服勞役，以新臺幣1千元折算1日。,,https://judgment.judicial.gov.tw/FJUD/data.aspx?ty=JD&id=ILDM%2c115%2c%e7%b0%a1%2c359%2c20260520%2c1&ot=in
臺灣臺北地方法院 115 年度 簡 字第 834 號刑事判決,115.05.20,妨害名譽,,,,,,未明確提取,及,簡得軒犯公然侮辱罪，處罰金新臺幣參仟元，如易服勞役，以新臺幣壹仟元折算壹日。,,https://judgment.judicial.gov.tw/FJUD/data.aspx?ty=JD&id=TPDM%2c115%2c%e7%b0%a1%2c834%2c20260520%2c1&ot=in
臺灣臺中地方法院 115 年度 審易 字第 1185 號刑事判決,115.05.20,妨害名譽,,,,,,未明確提取,,本件公訴不受理。,,https://judgment.judicial.gov.tw/FJUD/data.aspx?ty=JD&id=TCDM%2c115%2c%e5%af%a9%e6%98%93%2c1185%2c20260520%2c1&ot=in
臺灣屏東地方法院 115 年度 簡 字第 1056 號刑事判決,115.05.20,妨害名譽,,,,,,未明確提取,及,"蘇孝宜犯公然侮辱罪，處拘役30日，如易科罰金，以新臺幣1,000元折算1日。",,https://judgment.judicial.gov.tw/FJUD/data.aspx?ty=JD&id=PTDM%2c115%2c%e7%b0%a1%2c1056%2c20260520%2c1&ot=in
臺灣高等法院 臺中分院 115 年度 上易 字第 230 號刑事判決,115.05.19,妨害名譽,,,,,,巧味蚵仔炸 | 幹你娘破機歪,"一、Ａ０１於民國114年7月11日上午11時許，酒後前往彰化縣警察局芳苑分局王功派出所（下稱王功派出所），向該所警員報案稱其在彰化縣○○鄉○○路○○段000號「巧味蚵仔炸」有消費糾紛，王功派出所副所長Ａ０３乃與同事許○銘陪同Ａ０１前往上開餐廳，欲瞭解事情發生經過，詎警方於瞭解、處理過程中，Ａ０１竟基於公然侮辱之犯意，當場以「幹你娘破機歪」（2次）之不雅字眼辱罵Ａ０３，貶損Ａ０３之名譽與社會評價。　
二、案經Ａ０３訴由彰化縣警察局芳苑分局報請臺灣彰化地方檢察署檢察官偵查起訴。",上訴駁回。,,https://judgment.judicial.gov.tw/FJUD/data.aspx?ty=JD&id=TCHM%2c115%2c%e4%b8%8a%e6%98%93%2c230%2c20260519%2c1&ot=in
臺灣新北地方法院 115 年度 簡 字第 1154 號刑事判決,115.05.19,妨害名譽,,,,,,未明確提取,及,Ａ０３犯加重誹謗罪，處拘役拾日，如易科罰金，以新臺幣壹仟元折算壹日。,,https://judgment.judicial.gov.tw/FJUD/data.aspx?ty=JD&id=PCDM%2c115%2c%e7%b0%a1%2c1154%2c20260519%2c1&ot=in
臺灣臺北地方法院 115 年度 審簡 字第 964 號刑事判決,115.05.19,妨害名譽,,,,,,未明確提取,及,Ａ０３犯公然侮辱罪，處罰金新臺幣肆仟元，如易服勞役，以新臺幣壹仟元折算壹日。,,https://judgment.judicial.gov.tw/FJUD/data.aspx?ty=JD&id=TPDM%2c115%2c%e5%af%a9%e7%b0%a1%2c964%2c20260519%2c1&ot=in
臺灣宜蘭地方法院 115 年度 易 字第 150 號刑事判決,115.05.18,妨害名譽,,,,,,蛤阿型、真糟糕、想要吐…爛梨子甲蘋果、糟糕啊…三八,"一、Ａ０２與Ａ０１同為宜蘭縣宜蘭市東門夜市之攤販，羅寶鳳因不滿Ａ０１反應羅寶鳳攤位燈光設置問題及報警處理，竟於民國114年10月7日17時許，在其宜蘭縣○○市○○路00號攤位前之之不特定人均得共見共聞之公共場所，基於公然侮辱之犯意，公然以「蛤阿型、真糟糕、想要吐…爛梨子甲蘋果、糟糕啊…三八」等語辱罵Ａ０１，足以貶損Ａ０１之社會及人格評價。
二、案經Ａ０１訴由宜蘭縣政府警察局宜蘭分局報告臺灣宜蘭地方檢察署檢察官偵查起訴。",Ａ０２犯公然侮辱罪，處罰金新臺幣捌仟元，如易服勞役，以新臺幣壹仟元折算壹日。,,https://judgment.judicial.gov.tw/FJUD/data.aspx?ty=JD&id=ILDM%2c115%2c%e6%98%93%2c150%2c20260518%2c1&ot=in
臺灣高雄地方法院 115 年度 審易 字第 970 號刑事判決,115.05.18,妨害名譽,,,,,,未明確提取,,本件公訴不受理。,,https://judgment.judicial.gov.tw/FJUD/data.aspx?ty=JD&id=KSDM%2c115%2c%e5%af%a9%e6%98%93%2c970%2c20260518%2c1&ot=in
臺灣高雄地方法院 114 年度 易 字第 649 號刑事判決,115.05.18,妨害名譽,,,,,,意圖散布於眾 | 蓉Ivy | 蓉Ivy | 蓉Ivy | 蓉Ivy | 蓉Ivy | 蓉Ivy | 告訴人不聞不問兒子陳○鈞(按：訊息內容實際記載兒子全名，本院自行遮隱)持續很久了哦、告訴人一直在外面搞婚外情 感情婚姻不忠、告訴人搞眾多女人們、每次傳訊息都只有某些 月初讀一下，或根本不讀不回。你根本外面外遇才那麼裝忙、告訴人你根本外面外遇才那麼裝忙啊? | 蓉Ivy | 蓉Ivy | 蓉Ivy | 蓉Ivy | 蓉Ivy | 蓉Ivy | 蓉Ivy | 蓉Ivy,"應依證據認定之，無證據不得認定犯罪事實；又不能證明被告犯罪者，應諭知無罪之判決，刑事訴訟法第154條第2項、第301條第1項分別定有明文。刑法第310條第1項誹謗罪之特殊主觀要件「意圖散布於眾」，係指行為人意圖散發或傳布足以毀損他人名譽之事，於不特定之多數人而言；如行為人無散布於眾之意圖，而僅傳達於某特定之人，縱有毀損他人名譽，猶不足該當。至於該接收訊息之相對人員，自行決定將之散發或傳布，基於前揭自我負責原理，不能對行為人課責（最高法院109年度台上字第4239號刑事判決意旨參照）。
三、聲請意旨認被告涉犯加重誹謗罪嫌，係以被告警詢及偵查中之供述、告訴人警詢及偵查中之指述、證人林裕斌、Ａ０１於...",Ａ０５無罪。,,https://judgment.judicial.gov.tw/FJUD/data.aspx?ty=JD&id=KSDM%2c114%2c%e6%98%93%2c649%2c20260518%2c1&ot=in
臺灣臺北地方法院 114 年度 自 字第 38 號刑事判決,115.05.18,妨害名譽,,,,,,刑事自訴暨聲請調查證據狀 | 刑事自訴暨聲請調查證據狀 | 刑事陳報狀 | 未知被告真實姓名和地址 | 犯罪事實 | 被告林鳳秋於未盡合理查證義務之情形下，基於散布於眾之意圖及誹謗之故意，在由不詳被告提議並策畫之本案記者會上一眾記者面前，發表如附表一編號3所示不實言論，且經記者攝影後即時於電視、網際網路播送使不特定大眾得以見聞，足以貶損自訴人之名譽及社會評價。因認被告林鳳秋與不詳被告共同涉犯刑法第310條第1項之誹謗罪嫌 | 不詳被告於未盡合理查證義務之情形下，基於散布於眾之意圖及加重誹謗之故意，在發送給各大新聞媒體之採訪通知、新聞稿上依序發表如附表一編號1、2所示不實言論，並透過各大新聞媒體對外報導使不特定大眾得以見聞，足以貶損自訴人之名譽及社會評價。因認不詳被告涉犯刑法第310條第2項之加重誹謗罪嫌 | 綜上所述，被告林鳳秋與提議並策畫本案記者會之不詳被告就犯罪事實三所為，係共同涉犯刑法第310條第1項之誹謗罪嫌。不詳被告就犯罪事實四所為，係涉犯刑法第310條第2項之加重誹謗罪嫌。 | 刑事陳報狀 | 犯罪事實三 | 犯罪事實四,"，詳如後述），被告則於該記者會上發表如附表一編號3所示之不實言論，而以前開足以毀損他人名譽之事指摘自訴人，貶損自訴人之社會評價。因認被告涉犯刑法第310條第1項之誹謗罪嫌等語。
二、程序部分：
　㈠自訴範圍：
　⒈觀之自訴人於114年6月11日提出之「刑事自訴暨聲請調查證據狀」，自訴事實略為：被告於113年12月13日夥同歐陽君，在臺北市議員秦慧珠之支持下舉行本案記者會，由不知名撰稿人撰寫如附表一編號1所示之採訪通知及如附表一編號2所示之新聞稿廣發各大新聞媒體，該採訪通知及新聞稿之內容經各大新聞媒體引述刊登於新聞網站，致不特定多數人、網路使用者得以隨時閱覽；此外，各大新聞媒體亦派記者依採訪通知...",林鳳秋無罪。,,https://judgment.judicial.gov.tw/FJUD/data.aspx?ty=JD&id=TPDM%2c114%2c%e8%87%aa%2c38%2c20260518%2c1&ot=in
臺灣新北地方法院 115 年度 審易 字第 458 號刑事判決,115.05.15,妨害名譽等,,,,,,未明確提取,,本件公訴不受理。,,https://judgment.judicial.gov.tw/FJUD/data.aspx?ty=JD&id=PCDM%2c115%2c%e5%af%a9%e6%98%93%2c458%2c20260515%2c1&ot=in
臺灣士林地方法院 115 年度 簡 字第 117 號刑事判決,115.05.15,家庭暴力罪之妨害名譽,,,,,,你大兒媳婦在泰國當妓女，你花5　萬美金買回台灣讓你來賣雞肉,"：
　㈠行為人：陳淑羣。
　㈡時　間：民國114 年6 月22日。
　㈢地　點：不詳。
　㈣行　為：意圖散布於眾，基於誹謗犯意，以不詳3C電子設備
　　　　　　連線上網，至其父陳紀麟之臉書網頁後，在前開網頁上貼文稱：「你大兒媳婦在泰國當妓女，你花5　萬美金買回台灣讓你來賣雞肉」云云，供不特定人觀覽，而以前開虛構事項誹謗其大嫂，即陳紀麟兒媳000000之名譽（泰國籍，中文姓名000）。
二、證據名稱：
　㈠被告在本院審理時之自白。
　㈡0000000、00000之夫陳淑楨於檢察事務官偵查中之指述。
　㈢被告誹謗0000000之貼文影本1 份。
三、","陳淑羣犯刑法第三百十條第二項之散布文字誹謗罪，處拘役伍拾日，如易科罰金，以新臺幣壹仟元折算壹日。
一、",,https://judgment.judicial.gov.tw/FJUD/data.aspx?ty=JD&id=SLDM%2c115%2c%e7%b0%a1%2c117%2c20260515%2c1&ot=in
臺灣雲林地方法院 115 年度 簡 字第 160 號刑事判決,115.05.15,妨害名譽,,,,,,未明確提取,及,"沈宗錕犯以網際網路散布流言妨害信用罪，處拘役20日，如易科罰金，以新臺幣1,000元折算1日。",,https://judgment.judicial.gov.tw/FJUD/data.aspx?ty=JD&id=ULDM%2c115%2c%e7%b0%a1%2c160%2c20260515%2c1&ot=in
臺灣基隆地方法院 114 年度 基簡 字第 1055 號刑事判決,115.05.15,妨害名譽,,,,,,未明確提取,及,姚雲飛成年人與少年共同犯散布文字誹謗罪，處拘役肆拾日，如易科罰金，以新臺幣壹仟元折算一日。,,https://judgment.judicial.gov.tw/FJUD/data.aspx?ty=JD&id=KLDM%2c114%2c%e5%9f%ba%e7%b0%a1%2c1055%2c20260515%2c1&ot=in
臺灣高等法院 115 年度 上易 字第 321 號刑事判決,115.05.14,家暴妨害名譽等,,,,,,未明確提取,及,"原判決關於吳○叡犯誹謗罪部分撤銷。
前項撤銷部分，吳○叡犯誹謗罪，處拘役貳拾日，如易科罰金，以新臺幣壹仟元折算壹日。緩刑貳年。
其他上訴駁回（原判決關於吳○叡、毛○柳諭知無罪部分）。",,https://judgment.judicial.gov.tw/FJUD/data.aspx?ty=JD&id=TPHM%2c115%2c%e4%b8%8a%e6%98%93%2c321%2c20260514%2c1&ot=in
臺灣臺中地方法院 115 年度 審簡 字第 666 號刑事判決,115.05.14,妨害名譽,,,,,,未明確提取,及,黃宥縝犯加重誹謗罪，處拘役參拾日，如易科罰金，以新臺幣壹仟元折算壹日。,,https://judgment.judicial.gov.tw/FJUD/data.aspx?ty=JD&id=TCDM%2c115%2c%e5%af%a9%e7%b0%a1%2c666%2c20260514%2c1&ot=in
臺灣高等法院 113 年度 上易 字第 57 號刑事判決,115.05.13,妨害名譽,,,,,,未明確提取,既在自訴範圍內，且已經具體指明被告4人應負共犯罪責之,上訴駁回。,,https://judgment.judicial.gov.tw/FJUD/data.aspx?ty=JD&id=TPHM%2c113%2c%e4%b8%8a%e6%98%93%2c57%2c20260513%2c1&ot=in
臺灣臺北地方法院 115 年度 簡附民 字第 66 號刑事裁定,115.05.13,因妨害名譽案附帶民訴,,,,,,未明確提取,,,,https://judgment.judicial.gov.tw/FJUD/data.aspx?ty=JD&id=TPDM%2c115%2c%e7%b0%a1%e9%99%84%e6%b0%91%2c66%2c20260513%2c1&ot=in
臺灣彰化地方法院 115 年度 易 字第 657 號刑事判決,115.05.13,妨害名譽,,,,,,未明確提取,,本件公訴不受理。,,https://judgment.judicial.gov.tw/FJUD/data.aspx?ty=JD&id=CHDM%2c115%2c%e6%98%93%2c657%2c20260513%2c1&ot=in
臺灣臺北地方法院 115 年度 簡 字第 1055 號刑事判決,115.05.13,妨害名譽,,,,,,未明確提取,及,謝沛穎犯散布文字誹謗罪，處有期徒刑貳月，如易科罰金，以新臺幣壹仟元折算壹日。,,https://judgment.judicial.gov.tw/FJUD/data.aspx?ty=JD&id=TPDM%2c115%2c%e7%b0%a1%2c1055%2c20260513%2c1&ot=in
臺灣高雄地方法院 114 年度 易 字第 693 號刑事判決,115.05.13,妨害名譽,,,,,,未明確提取,應按證據認定之，無證據不得認定犯罪事實；不能證明被告犯罪或其行為不罰者，應諭知無罪之判決，刑事訴訟法第154條第2項、第301條第1項定有明文。又認定犯罪所憑之證據，雖不以直接之證據為限，間接證據亦包含在內，然而無論直接證據或間接證據，其為訴訟上之證明，須於通常一般人均不致有所懷疑，而得確信其為真實之程度者，始得據為有罪之認定，倘其證明尚未達於此一程度，而有合理之懷疑存在時，事實審法院已就其心證上,Ａ０５無罪。,,https://judgment.judicial.gov.tw/FJUD/data.aspx?ty=JD&id=KSDM%2c114%2c%e6%98%93%2c693%2c20260513%2c1&ot=in
臺灣臺中地方法院 115 年度 審簡 字第 637 號刑事判決,115.05.12,妨害名譽,,,,,,未明確提取,及,Ａ０４犯公然侮辱罪，處罰金新臺幣捌仟元；如易服勞役，以新臺幣壹仟元折算壹日。,,https://judgment.judicial.gov.tw/FJUD/data.aspx?ty=JD&id=TCDM%2c115%2c%e5%af%a9%e7%b0%a1%2c637%2c20260512%2c1&ot=in
臺灣高雄地方法院 115 年度 審易 字第 918 號刑事判決,115.05.12,妨害名譽,,,,,,未明確提取,,本件公訴不受理。,,https://judgment.judicial.gov.tw/FJUD/data.aspx?ty=JD&id=KSDM%2c115%2c%e5%af%a9%e6%98%93%2c918%2c20260512%2c1&ot=in
臺灣臺東地方法院 114 年度 原易 字第 103 號刑事判決,115.05.12,妨害名譽,,,,,,垃圾 | 你在吃藥 | Ａ０４ | 吃安非他命 | 買藥,"一、Ａ０４因細故對Ａ０１心生不滿，基於公然侮辱之犯意，於民國113年4月27日下午10時許，騎機車至不特定人可共見聞之臺東縣○○鄉○○村0鄰○○000號即Ａ０１住處前之街道上，出言以：「幹」、「垃圾」、「你在吃藥」等語辱罵Ａ０１，足以貶損Ａ０１之人格及社會評價。
二、Ａ０４意圖散布於眾，基於加重誹謗之接續犯意，於附表所示之時間，在如附表所示之特定多數人得以共見共聞之通訊軟體LINE群組，以暱稱「Ａ０４」之帳號上傳如附表所示關於Ａ０１「吃安非他命」、「買藥」等之不實文字，指摘足以毀損Ａ０１名譽之事，足以生損害於Ａ０１之名譽及社會評價。",Ａ０４犯公然侮辱罪，處罰金新臺幣伍仟元，如易服勞役，以新臺幣壹仟元折算壹日。又犯加重誹謗罪，處拘役伍拾伍日，如易科罰金，以新臺幣壹仟元折算壹日。,,https://judgment.judicial.gov.tw/FJUD/data.aspx?ty=JD&id=TTDM%2c114%2c%e5%8e%9f%e6%98%93%2c103%2c20260512%2c1&ot=in
臺灣臺北地方法院 115 年度 審簡上 字第 9 號刑事判決,115.05.12,妨害名譽,,,,,,未明確提取,及,"上訴駁回。
朱薏媃緩刑叁年，並應依附表A所示內容向蘇一峰給付損害賠償。",,https://judgment.judicial.gov.tw/FJUD/data.aspx?ty=JD&id=TPDM%2c115%2c%e5%af%a9%e7%b0%a1%e4%b8%8a%2c9%2c20260512%2c1&ot=in
臺灣高雄地方法院 115 年度 審自 字第 8 號刑事判決,115.05.11,妨害名譽等,,,,,,𧬶𧬶MeoMeo | 性別、身分證字號、住址均待查 | 𧬶𧬶MeoMeo | 𧬶𧬶MeoMeo | 𧬶𧬶MeoMeo | 𧬶𧬶MeoMeo | 𧬶𧬶MeoMeo | 𧬶𧬶MeoMeo,及證據並所犯法條。前項犯罪事實，應記載構成犯罪之具體事實及其犯罪之日、時、處所、方法。起訴或其他訴訟行為，於法律上必備之程式有欠缺而其情形可補正者，法院應定期間，以裁定命其補正；起訴之程序違背規定者，應諭知不受理判決，並得不經言詞辯論為之，刑事訴訟法第320條第2項、第3項、第343條準用同法第273條第6項、第303條第1款、第307條亦分別定有明文。再者，自訴案件既係由自訴人取代檢察官之地位，就被告之犯罪事實自行訴追，則自訴人仍應遵守刑事訴訟法有關規範，自應就自訴之犯罪事實，負提出證據之實質舉證責任，亦不得因自訴查證困難，視法院為偵查或徵信機關，要求法院依職權調查被告之年籍資料，致有失法院...,本件自訴不受理。,,https://judgment.judicial.gov.tw/FJUD/data.aspx?ty=JD&id=KSDM%2c115%2c%e5%af%a9%e8%87%aa%2c8%2c20260511%2c2&ot=in
臺灣臺中地方法院 114 年度 中簡 字第 3168 號刑事判決,115.05.11,妨害名譽,,,,,,未明確提取,及,Ａ０１犯強暴侮辱罪，處罰金新臺幣捌仟元，如易服勞役，以新臺幣壹仟元折算壹日。,,https://judgment.judicial.gov.tw/FJUD/data.aspx?ty=JD&id=TCDM%2c114%2c%e4%b8%ad%e7%b0%a1%2c3168%2c20260511%2c1&ot=in
臺灣宜蘭地方法院 115 年度 易 字第 145 號刑事判決,115.05.11,妨害名譽,,,,,,幹恁娘 | 幹你娘 | 幹恁娘 | 幹你娘 | 幹恁娘 | 幹恁娘 | 幹恁娘 | 幹恁娘 | 幹恁娘,"應依證據認定之，不能證明被告犯罪或其行為不罰者，應諭知無罪之判決，刑事訴訟法第154條第2項、第301條第1項分別定有明文。又認定不利於被告之事實，須依積極證據，苟積極證據不足為不利於被告事實之認定時，即應為有利於被告之認定，更不必有何有利之證據；另認定犯罪事實所憑之證據，雖不以直接證據為限，間接證據亦包括在內，然而無論直接或間接證據，其為訴訟上之證明，須於通常一般之人均不致有所懷疑，而得確信為真實之程度者，始得據為有罪之認定，倘其證明尚未達於此一程度，而有合理性懷疑存在時，即不得遽為被告犯罪之認定（最高法院30年度上字第816號、76年度台上字第4986號判決意旨參照）。
三、聲請簡易判決處...",林慶隆無罪。,,https://judgment.judicial.gov.tw/FJUD/data.aspx?ty=JD&id=ILDM%2c115%2c%e6%98%93%2c145%2c20260511%2c1&ot=in
臺灣高雄地方法院 115 年度 易 字第 3 號刑事判決,115.05.11,妨害名譽,,,,,,罪證有疑、利於被告 | 你為何有權利叫我不要進去 | 幹你老師 | D棟 | 豬棟 | D就是D，豬什麼豬 | 幹你娘 | 幹你老師 | 意見 | 意見 | 為『防止妨礙他人自由、避免緊急危難、維持社會秩序或增進公共利益 | 必要 | 粗鄙、貶抑或令人不舒服之言詞＝侵害人格權/名譽＝侮辱行為 | 你要到哪一棟？哪一層樓？ | D1（以”朱”發音）是什麼？ | D1是D1（以”滴”發音），我們業界為了方便辨識B與D，所以都稱D為D（以”朱”發音） | D就是D，豬什麼豬？學校老師沒有教你這念D（以”滴”發音）嗎？這樣有點像在罵我，幹你老師 | 請注意言詞，你這樣是在罵人 | 幹你娘 | D就是D，豬什麼豬 | 幹你娘 | 幹你老師 | D就是D，豬什麼豬 | 幹你娘 | 幹你老師,"應依證據認定之，無證據不得認定其犯罪事實；不能證明被告犯罪者，應諭知無罪之判決，刑事訴訟法第154條第2項、第301條第1項分別定有明文。此所謂認定犯罪事實之證據，無論其為直接或間接證據，均須達於通常一般人均不致有所懷疑，而得確信其為真實之程度者，始得據為有罪之認定，若其關於被告是否犯罪之證明未能達此程度，而有合理性懷疑之存在，致使無法形成有罪之確信，支據「罪證有疑、利於被告」之證據法則，即不得遽為不利被告之認定（最高法院29年上字第3105號、40年台上字第86號、76年台上字第4986號裁判意旨參照）。　　
三、公訴意旨認被告陳念瑜涉犯刑法第309條第1項之公然侮辱罪嫌，無非係以被告於警詢...",陳念瑜無罪。,,https://judgment.judicial.gov.tw/FJUD/data.aspx?ty=JD&id=KSDM%2c115%2c%e6%98%93%2c3%2c20260511%2c1&ot=in
臺灣嘉義地方法院 115 年度 朴簡 字第 49 號刑事判決,115.05.08,妨害名譽,,,,,,未明確提取,及,"吳俊宏犯公然侮辱罪，處罰金新臺幣肆仟元，如易服勞役，以新
臺幣壹仟元折算壹日。",,https://judgment.judicial.gov.tw/FJUD/data.aspx?ty=JD&id=CYDM%2c115%2c%e6%9c%b4%e7%b0%a1%2c49%2c20260508%2c1&ot=in
臺灣新北地方法院 114 年度 易 字第 376 號刑事判決,115.05.08,妨害名譽,,,,,,未明確提取,應依證據認定之，無證據不得認定犯罪事實，又不能證明被告犯罪者，應諭知無罪之判決，刑事訴訟法第154條第2項、第301條第1項分別定有明文。又認定犯罪事實所憑之證據，雖不以直接證據為限，間接證據亦包括在內，然而無論直接或間接證據，其為訴訟上之證明，須於通常一般之人均不致有所懷疑，而得確信其為真實之程度者，始得據為有罪之認定，倘其證明尚未達到此一程度，而有合理之懷疑存在時，事實審法院在心證上無從為有罪之確信，自應為無罪之判決（最高法院76年度台上字第4986號判決意旨參照）。次按言論自由為人民之基本權利，國家應給予最大限度之維護，俾其實現自我、溝通意見、追求真理及監督各種政治或社會活動之功能得以發...,王富銘無罪。,,https://judgment.judicial.gov.tw/FJUD/data.aspx?ty=JD&id=PCDM%2c114%2c%e6%98%93%2c376%2c20260508%2c1&ot=in
最高法院 115 年度 台聲 字第 78 號刑事裁定,115.05.07,妨害名譽聲請再審,,,,,,未明確提取,,聲請駁回。,,https://judgment.judicial.gov.tw/FJUD/data.aspx?ty=JD&id=TPSM%2c115%2c%e5%8f%b0%e8%81%b2%2c78%2c20260507%2c1&ot=in
臺灣高等法院 115 年度 上易 字第 285 號刑事判決,115.05.07,妨害名譽,,,,,,未明確提取,及,"原判決關於刑之部分撤銷。
上開撤銷部分，葉向峰處拘役伍拾日，如易科罰金，以新臺幣壹仟元折算壹日。",,https://judgment.judicial.gov.tw/FJUD/data.aspx?ty=JD&id=TPHM%2c115%2c%e4%b8%8a%e6%98%93%2c285%2c20260507%2c1&ot=in
臺灣新北地方法院 115 年度 易 字第 648 號刑事判決,115.05.07,妨害名譽,,,,,,未明確提取,,本件公訴不受理。,,https://judgment.judicial.gov.tw/FJUD/data.aspx?ty=JD&id=PCDM%2c115%2c%e6%98%93%2c648%2c20260507%2c1&ot=in
臺灣士林地方法院 115 年度 審簡 字第 532 號刑事判決,115.05.07,妨害名譽,,,,,,未明確提取,及,黃俊倫犯加重誹謗罪，處拘役拾伍日，如易科罰金，以新臺幣壹仟元折算壹日。,,https://judgment.judicial.gov.tw/FJUD/data.aspx?ty=JD&id=SLDM%2c115%2c%e5%af%a9%e7%b0%a1%2c532%2c20260507%2c1&ot=in
臺灣橋頭地方法院 114 年度 簡上 字第 374 號刑事判決,115.05.07,妨害名譽等,,,,,,被告與告訴人為旁系血親關係，不思循理性方式解決紛爭，竟在特定多數人得共聞共見之社群網站上發表詆毀告訴人之言論，並公開揭露告訴人之個人資訊，甚而傳送恐嚇訊息予告訴人，其犯罪之動機、目的、所為均值非難；兼衡以其誹謗、侮辱及非法利用資料之內容及傳播之媒介、恐嚇之手段及內容、各次犯行對告訴人所生損害程度範圍；又被告雖坦承犯行，惟迄未實際填補告訴人所受損害；暨考量被告之前科素行、自陳大學肄業、入監前務農、需扶養1名未成年子女,審法院得依職權自由裁量之事項，茍已斟酌刑法第57條各款所列情狀而未逾越法定刑度，則不得遽指為違法；又刑罰之量定屬法院自由裁量之職權行使，但仍應審酌刑法第57條所列各款事由及一切情狀，為酌量輕重之標準，並非漫無限制，在同一犯罪事實與情節，如別無其他加重或減輕之原因，下級法院量定之刑，亦無過重或失輕之不當情形，則上級法院對於下級法院之職權行使，原則上應予尊重（最高法院72年度台上字第6696號、85年度台上字第2446號判決意旨參照）。是就量刑部分，法律賦予審判者自由裁量權，雖此項裁量權之行使，並非得以任意或自由為之，但其內涵、表現，端賴法官於個案審判時，依個案事由加以審酌，倘無裁量濫用情事，自難...,上訴駁回。,,https://judgment.judicial.gov.tw/FJUD/data.aspx?ty=JD&id=CTDM%2c114%2c%e7%b0%a1%e4%b8%8a%2c374%2c20260507%2c1&ot=in
臺灣臺中地方法院 115 年度 審易 字第 1013 號刑事判決,115.05.06,妨害名譽,,,,,,未明確提取,,本件公訴不受理。,,https://judgment.judicial.gov.tw/FJUD/data.aspx?ty=JD&id=TCDM%2c115%2c%e5%af%a9%e6%98%93%2c1013%2c20260506%2c1&ot=in
臺灣高等法院 115 年度 上易 字第 144 號刑事判決,115.05.05,妨害名譽,,,,,,未明確提取,及,上訴駁回。,,https://judgment.judicial.gov.tw/FJUD/data.aspx?ty=JD&id=TPHM%2c115%2c%e4%b8%8a%e6%98%93%2c144%2c20260505%2c1&ot=in
臺灣高雄地方法院 115 年度 簡 字第 1274 號刑事判決,115.05.05,妨害名譽,,,,,,未明確提取,及,Ａ０３犯公然侮辱罪，處罰金新臺幣捌仟元，如易服勞役，以新臺幣壹仟元折算壹日。,,https://judgment.judicial.gov.tw/FJUD/data.aspx?ty=JD&id=KSDM%2c115%2c%e7%b0%a1%2c1274%2c20260505%2c1&ot=in
臺灣臺北地方法院 115 年度 審易 字第 428 號刑事判決,115.05.05,妨害名譽,,,,,,720民主起義 反罷要贏 台灣要贏 | YouTube | 民眾之聲 | 民進黨在執政，賴清德在當權，各位我們已經忍耐他整年了，我要跟他、要跟賴清德說，我咧我幹～你娘啦！,一、林國成自民國113年2月1日起，迄115年1月31日止，擔任台灣民眾黨（下稱民眾黨）之全國不分區立法委員。民眾黨於114年7月20日下午，在臺北市○○區○○○路00號民主進步黨中央黨部前，舉辦「720民主起義 反罷要贏 台灣要贏」之公開集會活動，該活動並透過「YouTube」線上影音平臺「民眾之聲」頻道進行直播。林國成當日參加該活動，並於下午4時許，在活動舞臺上手持麥克風對臺下民眾演說，詎林國成竟基於公然侮辱之犯意，在不特定多數人得共見共聞之上開場所，以「民進黨在執政，賴清德在當權，各位我們已經忍耐他整年了，我要跟他、要跟賴清德說，我咧我幹～你娘啦！」之言詞，對我國現任總統賴清德出言辱罵，...,林國成公然侮辱人，處拘役貳拾日，如易科罰金，以新臺幣壹仟元折算壹日。,,https://judgment.judicial.gov.tw/FJUD/data.aspx?ty=JD&id=TPDM%2c115%2c%e5%af%a9%e6%98%93%2c428%2c20260505%2c1&ot=in
臺灣橋頭地方法院 113 年度 易 字第 422 號刑事判決,115.05.05,妨害名譽等,,,,,,十八仔 | 幹你祖母、你娘機掰、幹,"一、Ａ０４、Ａ０６及Ａ０５基於在公共場所賭博之犯意，於民國113年6月3日16時20分許起，在高雄市○○區○○街00號協和宮左側涼亭（下稱本案涼亭）內，由Ａ０４（無證據證明有抽頭）提供如附表編號3、5所示之碗公1個、骰子3顆為賭具，供Ａ０６、Ａ０５以俗稱「十八仔」之方式賭博財物，賭博方式為賭客輪流做莊，由莊家先擲骰子，得出點數總合後，再由其他賭客依序擲骰子，並與莊家所擲點數比大小，以點數大者為贏家，底注為新臺幣（下同）100元至200元不等。嗣於同日17時27分許，為警當場查獲，並扣得如附表所示之物。
二、Ａ０４因涉犯上開賭博罪嫌，經警以現行犯逮捕，並帶往高雄市○○區○○路00號前峰派出所（下...","一、Ａ０４犯賭博罪，處罰金新臺幣3,000元，如易服勞役，以新臺幣1,000元折算1日。又犯公然侮辱罪，處拘役5日，如易科罰金，以新臺幣1千元折算1日。扣案如附表編號3、5所示之物均沒收。
二、Ａ０６犯賭博罪，處罰金新臺幣3,000元，如易服勞役，以新臺幣1,000元折算1日。扣案如附表編號1所示之物沒收。
三、Ａ０５犯賭博罪，處罰金新臺幣3,000元，如易服勞役，以新臺幣1,000元折算1日。扣案如附表編號2所示之物沒收。",,https://judgment.judicial.gov.tw/FJUD/data.aspx?ty=JD&id=CTDM%2c113%2c%e6%98%93%2c422%2c20260505%2c2&ot=in
臺灣臺北地方法院 115 年度 審附民 字第 1049 號刑事裁定,115.05.04,因妨害名譽案附帶民訴,,,,,,未明確提取,,,,https://judgment.judicial.gov.tw/FJUD/data.aspx?ty=JD&id=TPDM%2c115%2c%e5%af%a9%e9%99%84%e6%b0%91%2c1049%2c20260504%2c1&ot=in
臺灣臺北地方法院 115 年度 審簡 字第 804 號刑事判決,115.05.04,妨害名譽,,,,,,未明確提取,及,Ａ０３犯公然侮辱罪，處罰金新臺幣壹仟元，如易服勞役，以新臺幣壹仟元折算壹日。,,https://judgment.judicial.gov.tw/FJUD/data.aspx?ty=JD&id=TPDM%2c115%2c%e5%af%a9%e7%b0%a1%2c804%2c20260504%2c1&ot=in
臺灣彰化地方法院 115 年度 簡 字第 1030 號刑事判決,115.05.04,妨害名譽,,,,,,未明確提取,及,邱尚晏犯公然侮辱罪，處罰金新臺幣4千元，如易服勞役，以新臺幣1千元折算1日。,,https://judgment.judicial.gov.tw/FJUD/data.aspx?ty=JD&id=CHDM%2c115%2c%e7%b0%a1%2c1030%2c20260504%2c1&ot=in
臺灣宜蘭地方法院 115 年度 易 字第 97 號刑事判決,115.05.04,妨害名譽,,,,,,未明確提取,"為有罪之陳述，經本院裁定改行簡式審判程序，並判決如下：
　　主　　文
吳承諺犯散布文字誹謗罪，處拘役伍拾日，如易科罰金，以新臺幣壹仟元折算壹日。
　　事實及",吳承諺犯散布文字誹謗罪，處拘役伍拾日，如易科罰金，以新臺幣壹仟元折算壹日。,,https://judgment.judicial.gov.tw/FJUD/data.aspx?ty=JD&id=ILDM%2c115%2c%e6%98%93%2c97%2c20260504%2c1&ot=in
臺灣高等法院 花蓮分院 114 年度 上易 字第 103 號刑事判決,115.04.30,妨害名譽,,,,,,未明確提取,"審法院倘依法調查案內所有證據，本於所得之心證分別斟酌取捨而為事實之判斷，茍於證據法則無所違背，當事人即不得專從證據之證明力上任意指摘，指為採證違法。而證人羅永福、吳素珠、孫秀梅證稱其等並未聽聞被告有何誹謗告訴人之言論等節，均係依其等己身所經歷之證詞，原審經綜合全辯論意旨及調查證據之結果，採信其證言，並無違誤。上訴意旨空言指摘證人羅永福等人為被告之友人，證詞即有偏頗之情，尚無足取。
　４、至上訴意旨雖以證人陳秀花因被告之故未能於原審審判中完整陳述，原審未調查此情，影響判決正確性云云，指摘原判決有誤，然本案當事人於原審審理時均未聲請傳喚證人陳秀花作證，何來證人陳秀花因故不能於原審為完整陳述之情？且...",上訴駁回。,,https://judgment.judicial.gov.tw/FJUD/data.aspx?ty=JD&id=HLHM%2c114%2c%e4%b8%8a%e6%98%93%2c103%2c20260430%2c1&ot=in
臺灣高等法院 115 年度 上易 字第 300 號刑事判決,115.04.30,妨害名譽,,,,,,耍無賴 | 相罵無好話,足堪認定。然憲法法庭113年憲判字第3號判決對於刑法第309條第1項之公然侮辱罪構成要件之解釋，並非賦予言行粗鄙、不思控制自我情緒之人，以自己低劣之言語習慣為由，即可恣意攻擊、貶抑他人受平等對待及尊重之主體地位；且被告上開所辱罵之內容，並未有益於公共事務之思辯，亦非屬文學、藝術之表現形式，或具學術、專業領域等正面價值，經權衡該言論對告訴人名譽權之影響，亦難認被告之言論自由應優先於告訴人之名譽權而受憲法保障，是原審認定被告之言論符合言論自由等情，似有誤會。是以，被告以上開言詞宣洩對告訴人之不滿，顯已逾越一般人可合理忍受之範圍，而形成對告訴人個人之人身攻擊及侮辱，自該當刑法第309條第1項公然侮辱...,上訴駁回。,,https://judgment.judicial.gov.tw/FJUD/data.aspx?ty=JD&id=TPHM%2c115%2c%e4%b8%8a%e6%98%93%2c300%2c20260430%2c1&ot=in
臺灣高等法院 115 年度 上易 字第 428 號刑事判決,115.04.30,妨害名譽,,,,,,未明確提取,及,上訴駁回。,,https://judgment.judicial.gov.tw/FJUD/data.aspx?ty=JD&id=TPHM%2c115%2c%e4%b8%8a%e6%98%93%2c428%2c20260430%2c1&ot=in
臺灣高等法院 高雄分院 115 年度 上易 字第 22 號刑事判決,115.04.30,家暴妨害名譽,,,,,,未明確提取,及,上訴駁回。,,https://judgment.judicial.gov.tw/FJUD/data.aspx?ty=JD&id=KSHM%2c115%2c%e4%b8%8a%e6%98%93%2c22%2c20260430%2c1&ot=in
臺灣高等法院 115 年度 上易 字第 197 號刑事判決,115.04.30,妨害名譽,,,,,,未明確提取,、證據及,上訴駁回。,,https://judgment.judicial.gov.tw/FJUD/data.aspx?ty=JD&id=TPHM%2c115%2c%e4%b8%8a%e6%98%93%2c197%2c20260430%2c1&ot=in
臺灣高等法院 高雄分院 115 年度 上易 字第 131 號刑事判決,115.04.30,妨害名譽,,,,,,未明確提取,及,上訴駁回。,,https://judgment.judicial.gov.tw/FJUD/data.aspx?ty=JD&id=KSHM%2c115%2c%e4%b8%8a%e6%98%93%2c131%2c20260430%2c1&ot=in
臺灣新北地方法院 115 年度 自 字第 4 號刑事判決,115.04.30,妨害名譽等,,,,,,未明確提取,,本件自訴不受理。,,https://judgment.judicial.gov.tw/FJUD/data.aspx?ty=JD&id=PCDM%2c115%2c%e8%87%aa%2c4%2c20260430%2c2&ot=in
臺灣士林地方法院 115 年度 自 字第 2 號刑事裁定,115.04.30,妨害名譽,,,,,,未明確提取,,聲請駁回。,,https://judgment.judicial.gov.tw/FJUD/data.aspx?ty=JD&id=SLDM%2c115%2c%e8%87%aa%2c2%2c20260430%2c1&ot=in
臺灣臺北地方法院 115 年度 審易 字第 683 號刑事判決,115.04.30,妨害名譽,,,,,,未明確提取,,本案公訴不受理。,,https://judgment.judicial.gov.tw/FJUD/data.aspx?ty=JD&id=TPDM%2c115%2c%e5%af%a9%e6%98%93%2c683%2c20260430%2c1&ot=in
臺灣新北地方法院 115 年度 簡 字第 1528 號刑事判決,115.04.30,妨害名譽,,,,,,未明確提取,及,Ａ０３犯公然侮辱罪，處罰金新臺幣柒仟元，如易服勞役，以新臺幣壹仟元折算壹日。,,https://judgment.judicial.gov.tw/FJUD/data.aspx?ty=JD&id=PCDM%2c115%2c%e7%b0%a1%2c1528%2c20260430%2c1&ot=in
臺灣橋頭地方法院 115 年度 原易 字第 17 號刑事判決,115.04.30,妨害名譽,,,,,,未明確提取,,本件公訴不受理。,,https://judgment.judicial.gov.tw/FJUD/data.aspx?ty=JD&id=CTDM%2c115%2c%e5%8e%9f%e6%98%93%2c17%2c20260430%2c1&ot=in
臺灣宜蘭地方法院 115 年度 易 字第 141 號刑事判決,115.04.30,妨害名譽,,,,,,未明確提取,"為有罪之陳述，本院於聽取當事人之意見後，裁定改依簡式審判程序進行審理，並判決如下：
　　主　文
黃昱齊犯公然侮辱罪，處拘役拾伍日，如易科罰金，以新臺幣壹仟元折算壹日。
　　犯罪事實及",黃昱齊犯公然侮辱罪，處拘役拾伍日，如易科罰金，以新臺幣壹仟元折算壹日。,,https://judgment.judicial.gov.tw/FJUD/data.aspx?ty=JD&id=ILDM%2c115%2c%e6%98%93%2c141%2c20260430%2c1&ot=in
臺灣士林地方法院 115 年度 簡 字第 106 號刑事判決,115.04.30,妨害名譽,,,,,,未明確提取,及,"許蔓穎成年人故意對少年共同犯散布文字誹謗罪，處拘役伍拾伍日，如易科罰金，以新臺幣壹仟元折算壹日。
蔡侑庭成年人故意對少年共同犯散布文字誹謗罪，處拘役肆拾日，如易科罰金，以新臺幣壹仟元折算壹日。",,https://judgment.judicial.gov.tw/FJUD/data.aspx?ty=JD&id=SLDM%2c115%2c%e7%b0%a1%2c106%2c20260430%2c1&ot=in
臺灣臺南地方法院 115 年度 易 字第 471 號刑事判決,115.04.30,妨害名譽,,,,,,未明確提取,及,周秀英犯誹謗罪，處拘役參拾日，如易科罰金，以新臺幣壹仟元折算壹日。,,https://judgment.judicial.gov.tw/FJUD/data.aspx?ty=JD&id=TNDM%2c115%2c%e6%98%93%2c471%2c20260430%2c1&ot=in
臺灣新竹地方法院 114 年度 易 字第 1350 號刑事判決,115.04.30,妨害名譽,,,,,,本案5樓房屋 | ○○華廈社區（下稱「本案社區 | 本案4樓房屋 | ○○華廈│社區管委會 | 本案LINE群組 | 陳○○│Mr.○○ | 你更不用說了，色老頭一個，騷擾我女性房客，惡心從窗外倒一些有的沒有的東西不知道什麼東西出來？整天在那邊吹口哨～還自以為很帥 | 你家沒有廁所嗎？在社區路邊四處尿尿...,一、Ａ０３係址設新竹市○區○○路0段000巷0弄00號5樓房屋（下稱「本案5樓房屋」）之所有人，且為該屋所屬「○○華廈社區（下稱「本案社區」）」之管理委員會主任委員；Ａ０２則係同一社區、址設新竹市○區○○路0段000巷0弄00號4樓（下稱「本案4樓房屋」）之住戶。緣Ａ０３、Ａ０２於民國113年10月3日晚間6時許，在通訊軟體LINE名稱「○○華廈│社區管委會」之群組（其內除Ａ０３、Ａ０２外，尚有本案社區之其他特定多數住戶；下稱「本案LINE群組」）內因故發生爭執，詎Ａ０３竟意圖散布於眾，基於散布文字誹謗之犯意，在本案5樓房屋內，以手機連接網際網路後，以LINE暱稱「陳○○│Mr.○○」在本案L...,Ａ０３犯散布文字誹謗罪，處有期徒刑肆月，如易科罰金，以新臺幣壹仟元折算壹日。,,https://judgment.judicial.gov.tw/FJUD/data.aspx?ty=JD&id=SCDM%2c114%2c%e6%98%93%2c1350%2c20260430%2c1&ot=in
臺灣新北地方法院 114 年度 易 字第 1343 號刑事判決,115.04.30,妨害名譽,,,,,,林口社宅二手買賣區 | 彭勵新的二手市集，在連結裡連結到我的臉書限時動態，並可連入我的媒体（註：「體,"一、鄧若寧與彭勵新居住在同一社區，同為通訊軟體LINE群組「林口社宅二手買賣區」成員。詎鄧若寧遭不詳之人退出上開群組，在未經查證之情形下，竟於民國113年10月18日16時11分許，基於加重誹謗之犯意，在上開群組內張貼：「彭勵新的二手市集，在連結裡連結到我的臉書限時動態，並可連入我的媒体（註：「體」之簡體字）瀏覽器，看見我所有私人圖片，照片，嚴重侵犯我的隱私權，本人已報警」等文字之留言（下稱本案誹謗言論），足以貶損彭勵新之名譽及人格。嗣彭勵新報警處理，始悉上情。
二、案經彭勵新訴由新北市政府警察局林口分局報告臺灣新北地方檢察署檢察官偵查起訴。",鄧若寧犯加重誹謗罪，處拘役參拾日，如易科罰金，以新臺幣壹仟元折算壹日。,,https://judgment.judicial.gov.tw/FJUD/data.aspx?ty=JD&id=PCDM%2c114%2c%e6%98%93%2c1343%2c20260430%2c1&ot=in
臺灣高等法院 115 年度 上易 字第 168 號刑事判決,115.04.29,妨害名譽,,,,,,未明確提取,及,上訴駁回。,,https://judgment.judicial.gov.tw/FJUD/data.aspx?ty=JD&id=TPHM%2c115%2c%e4%b8%8a%e6%98%93%2c168%2c20260429%2c1&ot=in
臺灣高等法院 臺中分院 114 年度 上易 字第 722 號刑事判決,115.04.29,妨害名譽,,,,,,刑法第310條第3項規定：『對於所誹謗之事，能證明其為真實者，不罰。但涉於私德而與公共利益無關者，不在此限。 | 事實陳述 | 意見表達,"，應依證據認定之，無證據不得認定犯罪事實。不能證明被告犯罪或其行為不罰者應諭知無罪之判決，刑事訴訟法第154條、第301條第1項分別定有明文。又檢察官對於起訴之犯罪事實，應負提出證據及說服之實質舉證責任。倘其所提出之證據，不足為被告有罪之積極證明，或其指出證明之方法，無法說服法院以形成被告有罪之心證者，應貫徹無罪推定原則，刑事妥速審判法第6條規定甚明。
肆、經查：
一、如附表編號1、2、3所示貼文為被告於社群軟體臉書上張貼等情，已經告訴人於警詢及偵訊中指述明確，且經被告供承無誤，並有上開貼文截圖在卷可證（見偵卷第81、121、123、311頁、原審卷第99至107頁），此部分事實可以認定。
二...",上訴駁回。,,https://judgment.judicial.gov.tw/FJUD/data.aspx?ty=JD&id=TCHM%2c114%2c%e4%b8%8a%e6%98%93%2c722%2c20260429%2c1&ot=in
臺灣高等法院 115 年度 上易 字第 143 號刑事判決,115.04.29,妨害名譽,,,,,,破麻 | 狐狸精 | 狐狸精，誰你不認識,"一、Ａ００２與Ａ０１為上下樓鄰居，前因漏水問題屢生爭執，Ａ００２竟基於公然侮辱之犯意，於民國113年8月8日上午7時33分許，在其位於新北市○○區○○街000號住處門口前，不特定往來行人得以共見共聞之處，以「破麻」、「狐狸精」、「狐狸精，誰你不認識」等語辱罵Ａ０１，足以貶損Ａ０１之人格及社會評價。
二、案經Ａ０１訴請新北市政府警察局三重局報告臺灣新北地方檢察署（下稱新北地檢署）檢察官偵查後起訴。","原判決關於無罪部分撤銷。
上開撤銷部分，Ａ００２犯公然侮辱罪，處罰金新臺幣伍仟元，如易服勞役，以新臺幣壹仟元折算壹日。",,https://judgment.judicial.gov.tw/FJUD/data.aspx?ty=JD&id=TPHM%2c115%2c%e4%b8%8a%e6%98%93%2c143%2c20260429%2c1&ot=in
臺灣臺北地方法院 115 年度 附民 字第 172 號刑事裁定,115.04.29,因妨害名譽案附帶民訴,,,,,,未明確提取,,,,https://judgment.judicial.gov.tw/FJUD/data.aspx?ty=JD&id=TPDM%2c115%2c%e9%99%84%e6%b0%91%2c172%2c20260429%2c1&ot=in
臺灣士林地方法院 115 年度 審簡 字第 357 號刑事裁定,115.04.29,妨害名譽,,,,,,未明確提取,,原判決之原本及其正本所載「本案經檢察官陳沛臻提起公訴，檢察官詹于槿到庭執行職務。」，應更正為「本案經檢察官陳沛臻提起公訴，檢察官余秉甄到庭執行職務。」,,https://judgment.judicial.gov.tw/FJUD/data.aspx?ty=JD&id=SLDM%2c115%2c%e5%af%a9%e7%b0%a1%2c357%2c20260429%2c2&ot=in
臺灣臺北地方法院 113 年度 附民 字第 1523 號刑事裁定,115.04.29,因妨害名譽案附帶民訴,,,,,,未明確提取,,,,https://judgment.judicial.gov.tw/FJUD/data.aspx?ty=JD&id=TPDM%2c113%2c%e9%99%84%e6%b0%91%2c1523%2c20260429%2c1&ot=in
臺灣新竹地方法院 115 年度 易 字第 187 號刑事判決,115.04.29,妨害名譽,,,,,,jacky_94076 | eyyyy7110 | 前陣子死人的那幾個現場救生員都超衰，謝文凱直接把所有責任都推得一乾二淨，錢全部救生員賠，真的有夠爛，真的不要靠近那家運動中心，有夠爛的,"為有罪之陳述，本院依簡式審判程序審理，判決如下：
　　主　文
楊博丞犯散布文字誹謗罪，處拘役參拾日，如易科罰金，以新臺幣壹仟元折算壹日。
　　事　實
一、楊博丞前為(址設新竹市○區○○街000巷00號)新竹運動中心之救生員，與新竹運動中心之負責人謝文凱曾具僱傭關係，詎楊博丞竟意圖散布於眾，基於加重誹謗之犯意，於民國114年7月26日某時許（起訴書誤載為114年8月3日晚間9時許，應予更正），在不詳地點，利用行動裝置設備，登入社群網站Threads，而後以暱稱「jacky_94076」之帳號，在不特定人得以共見共聞之情況下，於暱稱「eyyyy7110」之帳號貼文下方發表：「前陣子死人的那幾個現場...",楊博丞犯散布文字誹謗罪，處拘役參拾日，如易科罰金，以新臺幣壹仟元折算壹日。,,https://judgment.judicial.gov.tw/FJUD/data.aspx?ty=JD&id=SCDM%2c115%2c%e6%98%93%2c187%2c20260429%2c1&ot=in
臺灣南投地方法院 115 年度 投簡 字第 53 號刑事判決,115.04.29,妨害名譽,,,,,,未明確提取,及,Ａ０３犯公然侮辱罪，處拘役貳拾日，如易科罰金，以新臺幣壹仟元折算壹日。,,https://judgment.judicial.gov.tw/FJUD/data.aspx?ty=JD&id=NTDM%2c115%2c%e6%8a%95%e7%b0%a1%2c53%2c20260429%2c1&ot=in
臺灣臺中地方法院 115 年度 中簡 字第 851 號刑事判決,115.04.29,妨害名譽,,,,,,未明確提取,及,Ａ０１犯公然侮辱罪，處罰金新臺幣肆仟元，如易服勞役，以新臺幣壹仟元折算壹日。,,https://judgment.judicial.gov.tw/FJUD/data.aspx?ty=JD&id=TCDM%2c115%2c%e4%b8%ad%e7%b0%a1%2c851%2c20260429%2c1&ot=in
臺灣臺北地方法院 115 年度 易 字第 162 號刑事判決,115.04.29,妨害名譽,,,,,,000000000000000 | 000000000000000 | 詐騙集團一夥，專挑學生下手,"為有罪之陳述，經本院裁定改依簡式程序審理，並判決如下：
　　主　文
孫日煦犯散布文字誹謗罪，處拘役貳拾日，如易科罰金，以新臺幣壹仟元折算壹日。
　　事　實
一、孫日煦於民國114年2月間，因與蔡佳達間有網購買賣糾紛而心生不滿，乃意圖散布於眾，而基於誹謗之犯意，於同年3月8日某時許，以其帳號「000000000000000」（起訴書誤載為「000000000000000」）登入旋轉拍賣平台，在不特定人得以共見共聞之蔡佳達賣家評論區，以文字留言指摘：「詐騙集團一夥，專挑學生下手」等內容，並接續為一星負評，足以毀損蔡佳達之名譽及社會評價。
二、案經蔡佳達訴由高雄市政府警察局三民第二分局報告臺灣高雄地...",孫日煦犯散布文字誹謗罪，處拘役貳拾日，如易科罰金，以新臺幣壹仟元折算壹日。,,https://judgment.judicial.gov.tw/FJUD/data.aspx?ty=JD&id=TPDM%2c115%2c%e6%98%93%2c162%2c20260429%2c1&ot=in
臺灣臺中地方法院 115 年度 易 字第 155 號刑事判決,115.04.29,妨害名譽,,,,,,未明確提取,及,Ａ０３犯公然侮辱罪，處拘役拾日，如易科罰金，以新臺幣壹仟元折算壹日。緩刑貳年；緩刑期內付保護管束，並應於緩刑期內參加臺灣臺中地方檢察署檢察官所指定之法治教育課程貳場。,,https://judgment.judicial.gov.tw/FJUD/data.aspx?ty=JD&id=TCDM%2c115%2c%e6%98%93%2c155%2c20260429%2c1&ot=in
臺灣高雄地方法院 115 年度 易 字第 80 號刑事判決,115.04.29,妨害名譽,,,,,,未明確提取,"一、夏美玉與羅ＯＯ均為高雄市ＯＯ區ＯＯ街Ｏ巷Ｏ弄公寓鄰居，雙方因故有所爭執，夏美玉竟意圖散布於眾而基於公然侮辱犯意，分別於如附表所示時間，在不特定多數人得共見共聞之上開住家前，以如附表所示言行辱罵羅ＯＯ，足以貶損羅ＯＯ名譽及社會評價。
二、案經羅ＯＯ訴由高雄市政府警察局前鎮分局報告臺灣高雄地方檢察署檢察官偵查起訴。",夏美玉犯公然侮辱罪，共貳罪，各處罰金新臺幣肆仟元，罰金如易服勞役，均以新臺幣壹仟元折算壹日。應執行罰金新臺幣陸仟元，罰金如易服勞役，以新臺幣壹仟元折算壹日。,,https://judgment.judicial.gov.tw/FJUD/data.aspx?ty=JD&id=KSDM%2c115%2c%e6%98%93%2c80%2c20260429%2c1&ot=in
臺灣臺北地方法院 113 年度 易 字第 1230 號刑事判決,115.04.29,妨害名譽,,,,,,收據 | 收據 | 問題,一、蘇文泰與王馨永於民國110年10月5日至111年10月3日間，分別擔任臺北市立○○國民中學（下稱○○國中）110學年度學生家長會（下稱○○國中家長會）之副會長及會長。蘇文泰明知如附件項目一所示「收據」，非王馨永向○○國中家長會請領款項之單據，竟向不知情之劉芝辰佯稱如附件項目一所示「收據」，為王馨永向該家長會請款核銷之單據，使劉芝辰擬定如附件項目一所示「問題」，並製作如附件所示傳單（下稱本案傳單）供蘇文泰參考。嗣蘇文泰意圖散布於眾，基於散布文字而指摘足以毀損他人名譽之事之犯意，於111年10月3日18時30分許，在○○國中家長會111學年度第1次會員代表大會，向與會之不特定多數家長及○○國中...,蘇文泰犯加重誹謗罪，處拘役肆拾日，如易科罰金，以新臺幣壹仟元折算壹日。,,https://judgment.judicial.gov.tw/FJUD/data.aspx?ty=JD&id=TPDM%2c113%2c%e6%98%93%2c1230%2c20260429%2c1&ot=in
臺灣新北地方法院 115 年度 易 字第 524 號刑事判決,115.04.28,妨害名譽,,,,,,當人家小三還可以那麼理直氣壯喔？...在皇家不能好好上班嗎 跟我講休養中 那就趕快把你的臭嘴多洗幾次 | ㄟ我幾乎不發這種給人家笑 但我認真氣不過 你媽的就當小三的東西是在嘴邱啥？還封鎖我 小三還可以講我閒話ㄛ 你就小三死不承認幹嘛？當初問你你就說你們也打炮過了？？...,"一、許喻婷因感情問題而對施怡妘心生不滿，竟意圖散布於眾，基於加重誹謗之犯意，接續於民國114年4月10日21時45分、22時07分許，在其社群軟體Instagram(下稱IG)之限時動態，張貼施怡妘之照片及其與施怡妘之對話紀錄，並出言：「當人家小三還可以那麼理直氣壯喔？...在皇家不能好好上班嗎 跟我講休養中 那就趕快把你的臭嘴多洗幾次」、「ㄟ我幾乎不發這種給人家笑 但我認真氣不過 你媽的就當小三的東西是在嘴邱啥？還封鎖我 小三還可以講我閒話ㄛ 你就小三死不承認幹嘛？當初問你你就說你們也打炮過了？？...」等言論(下合稱本案限時動態)，足生損害於施怡妘之人格及社會評價。
二、案經施怡妘訴由臺北...",許喻婷犯散布文字誹謗罪，處拘役貳拾伍日，如易科罰金，以新臺幣壹仟元折算壹日。,,https://judgment.judicial.gov.tw/FJUD/data.aspx?ty=JD&id=PCDM%2c115%2c%e6%98%93%2c524%2c20260428%2c1&ot=in
臺灣新竹地方法院 115 年度 易 字第 352 號刑事判決,115.04.27,妨害名譽,,,,,,未明確提取,,本件公訴不受理。,,https://judgment.judicial.gov.tw/FJUD/data.aspx?ty=JD&id=SCDM%2c115%2c%e6%98%93%2c352%2c20260427%2c1&ot=in
臺灣新北地方法院 115 年度 審易 字第 766 號刑事判決,115.04.27,妨害名譽,,,,,,未明確提取,,本件公訴不受理。,,https://judgment.judicial.gov.tw/FJUD/data.aspx?ty=JD&id=PCDM%2c115%2c%e5%af%a9%e6%98%93%2c766%2c20260427%2c1&ot=in
臺灣彰化地方法院 115 年度 簡 字第 975 號刑事判決,115.04.27,妨害名譽,,,,,,未明確提取,及,張仁源犯散布文字誹謗罪，處罰金新臺幣1萬元，如易服勞役，以新臺幣1千元折算1日。,,https://judgment.judicial.gov.tw/FJUD/data.aspx?ty=JD&id=CHDM%2c115%2c%e7%b0%a1%2c975%2c20260427%2c1&ot=in
臺灣臺北地方法院 115 年度 易 字第 87 號刑事判決,115.04.27,妨害名譽,,,,,,為何沒有教他們這些豬腦袋護理師可以拒絕回答問題，我不能說他們白癡啦，我只能說他們是機器人、低能兒、豬腦袋 | 等等還會出去罵他們，要照三餐找他們麻煩 | 114年8月13日13時15分許 | 114年8月13日 | 114年8月3日,"同一而言。至犯罪事實是否同一，實務上以起訴請求確定具有侵害性之社會事實是否同一，即以起訴擇為訴訟客體之基本社會事實關係為準，且包括實質上一罪或裁判上一罪關係。而所謂判決確定，除指犯罪事實之全部已受判決確定之外，尚包括犯罪事實之一部確定。是否同一案件，端視前後案件之基本社會事實是否同一而定（最高法院110年度台上字第2809號判決意旨參照）。
三、經查：
　㈠被告前因違反醫療法等案件（下稱前案），業經臺灣臺北地方檢察署檢察官以114年度偵字第40081號起訴，並經本院以115年度審簡字第309號判決，認被告對於醫事人員以脅迫 妨害其執行醫療業務，判處有期徒刑2月而確定在案一節，有前案判決書及法院...",本件免訴。,,https://judgment.judicial.gov.tw/FJUD/data.aspx?ty=JD&id=TPDM%2c115%2c%e6%98%93%2c87%2c20260427%2c1&ot=in
臺灣高雄地方法院 115 年度 簡 字第 393 號刑事判決,115.04.27,妨害名譽,,,,,,未明確提取,及,龔甯琪犯散布文字誹謗罪，處罰金新臺幣貳萬元，如易服勞役，以新臺幣壹仟元折算壹日。,,https://judgment.judicial.gov.tw/FJUD/data.aspx?ty=JD&id=KSDM%2c115%2c%e7%b0%a1%2c393%2c20260427%2c1&ot=in
臺灣臺北地方法院 114 年度 自 字第 32 號刑事裁定,115.04.27,妨害名譽,,,,,,證據 | 指出證明之方法 | 指出證明之方法 | 有罪判決之高度可能 | 得為有罪判決之高度可能性 | 實體審理 | PSYCHOLOGY OF POTENTIAL,，應負舉證責任，並指出證明之方法，刑事訴訟法第161條第1項亦有明文；而刑事訴訟法第161條、第163條關於舉證責任與法院調查義務之規定，係編列在刑事訴訟法第1編總則第12章「證據」中，原則上於自訴程序亦同適用，除其中同法第161條第2項之起訴審查機制、同條第3項、第4項以裁定駁回起訴之效力，自訴程序已分別有同法第326條第3項、第4項及第334條之特別規定足資優先適用外，關於同法第161條第1項檢察官應負實質舉證責任之規定，亦於自訴程序之自訴人同有適用。而舉證責任之內涵，除應盡提出證據之形式舉證責任外，尚負「指出證明之方法」之義務，此「指出證明之方法」，應包括指出調查之途徑、與待證事實之關聯...,自訴駁回。,,https://judgment.judicial.gov.tw/FJUD/data.aspx?ty=JD&id=TPDM%2c114%2c%e8%87%aa%2c32%2c20260427%2c1&ot=in
臺灣南投地方法院 114 年度 投簡 字第 405 號刑事裁定,115.04.24,妨害名譽,,,,,,未明確提取,,上訴駁回。,,https://judgment.judicial.gov.tw/FJUD/data.aspx?ty=JD&id=NTDM%2c114%2c%e6%8a%95%e7%b0%a1%2c405%2c20260424%2c2&ot=in
臺灣士林地方法院 115 年度 簡 字第 100 號刑事判決,115.04.24,妨害名譽,,,,,,未明確提取,及,"温婕云犯如附表編號1所示之罪，處如附表編號1「主文」欄所示之刑。
TRAN XUAN MAI犯如附表編號2至4所示之罪，各處如附表編號2至4「主文」欄所示之刑。應執行罰金新臺幣壹萬元，如易服勞役，以新臺幣壹仟元折算壹日。",,https://judgment.judicial.gov.tw/FJUD/data.aspx?ty=JD&id=SLDM%2c115%2c%e7%b0%a1%2c100%2c20260424%2c1&ot=in
臺灣臺東地方法院 114 年度 原易 字第 167 號刑事判決,115.04.24,妨害名譽,,,,,,未明確提取,"為有罪之陳述，經告知簡式審判程序意旨，且聽取公訴人及被告之意見後，本院裁定改依簡式審判審理，並判決如下：
　　主　文
劉芯成犯散布文字誹謗罪，處拘役拾日，如易科罰金，以新臺幣壹仟元折算壹日。
　　事實及",劉芯成犯散布文字誹謗罪，處拘役拾日，如易科罰金，以新臺幣壹仟元折算壹日。,,https://judgment.judicial.gov.tw/FJUD/data.aspx?ty=JD&id=TTDM%2c114%2c%e5%8e%9f%e6%98%93%2c167%2c20260424%2c1&ot=in
臺灣橋頭地方法院 115 年度 易 字第 216 號刑事判決,115.04.24,妨害名譽,,,,,,幹你娘 | 媽的幹 | Bitch | Fuck you | 娘砲 | 婊子 | 去你媽的,Ａ０４於民國113年12月7日中午12時47分許，在停於高雄市左營區高鐵左營站月台之台灣高鐵128次列車第6 節車廂內，因坐位問題與Ａ０１發生爭執。Ａ０４竟基於公然辱之犯意，在不特定多數人所得共見共聞之上開車廂內，接續當眾辱罵「幹你娘」、「媽的幹」、「Bitch」、「Fuck you」、「娘砲」、「婊子」、「去你媽的」等文字，藉之侮辱Ａ０１，直至Ａ０１收拾完畢離開坐位方停止，足以貶低及毀損Ａ０１之名譽及人格。後因Ａ０１報警處理，始查知上情。,Ａ０４犯公然侮辱罪，處拘役30日，如易科罰金，以新臺幣壹仟元折算壹日。,,https://judgment.judicial.gov.tw/FJUD/data.aspx?ty=JD&id=CTDM%2c115%2c%e6%98%93%2c216%2c20260424%2c1&ot=in
臺灣新北地方法院 113 年度 自 字第 27 號刑事判決,115.04.24,妨害名譽,,,,,,不自證己罪原則 | An | 陳怡茹,之認定，應憑證據，如未能發現確實之證據，或證據不足以證明，自不能以推測或擬制之方法，以為裁判基礎；再犯罪事實所憑之證據，固不以直接證據為限，間接證據亦包括在內，然無論直接或間接證據，其為訴訟上之證明，須於通常一般人均不致有所懷疑而得確信為真實之程度，始得據為有罪之認定，倘其證明尚未達此程度而尚有合理之懷疑存在時，本諸無罪推定之原則，自應為被告無罪之諭知。又檢察官負有對於控訴被告犯罪事實證明責任，自包括提出證據及使審理事實之法院相信被告有犯罪事實心證之實質責任，且其舉證方法必須使法院無合理之懷疑，始得認定被告有罪。再因刑事訴訟法既規定被告有緘默權，被告基於「不自證己罪原則」，既無供述之義務，亦無...,汪佑柏、陳柔安無罪。,,https://judgment.judicial.gov.tw/FJUD/data.aspx?ty=JD&id=PCDM%2c113%2c%e8%87%aa%2c27%2c20260424%2c1&ot=in
最高法院 115 年度 台聲 字第 55 號刑事裁定,115.04.23,妨害名譽聲請移轉管轄,,,,,,未明確提取,、事實及,聲請駁回。,,https://judgment.judicial.gov.tw/FJUD/data.aspx?ty=JD&id=TPSM%2c115%2c%e5%8f%b0%e8%81%b2%2c55%2c20260423%2c1&ot=in
臺灣高等法院 臺中分院 114 年度 上易 字第 1042 號刑事判決,115.04.23,妨害名譽,,,,,,未明確提取,"、證據、論罪法條及原判決不另為無罪諭知部分，本院僅就原判決量刑部分為審理，並以原判決所認定之犯罪事實及論斷之罪名，作為審認量刑是否妥適之判斷基礎。
二、被告上訴",上訴駁回。,,https://judgment.judicial.gov.tw/FJUD/data.aspx?ty=JD&id=TCHM%2c114%2c%e4%b8%8a%e6%98%93%2c1042%2c20260423%2c1&ot=in
臺灣高等法院 115 年度 上易 字第 237 號刑事判決,115.04.23,妨害名譽,,,,,,未明確提取,及,"原判決關於刑之部分撤銷。
前開撤銷部分，丁暐程處拘役伍拾日，如易科罰金，以新臺幣壹仟元折算壹日。",,https://judgment.judicial.gov.tw/FJUD/data.aspx?ty=JD&id=TPHM%2c115%2c%e4%b8%8a%e6%98%93%2c237%2c20260423%2c1&ot=in
臺灣高等法院 高雄分院 115 年度 上易 字第 54 號刑事判決,115.04.23,妨害名譽,,,,,,未明確提取,所憑之證據，須於通常一般之人均不致於有所懷疑，達到確信其為真實之程度者，始足當之；倘其證明之程度，尚有合理之懷疑存在時，即不能據為被告有罪之認定。而檢察官就被告犯罪事實，應負舉證責任，並指出證明之方法，被告並無自證無罪之義務；倘檢察官所提出之證據，不足為被告犯罪之積極證明，或其指出之證明方法，無從說服法院形成被告犯罪之心證，基於無罪推定原則，即應為被告有利之認定，而為被告無罪諭知。又按刑法第309條第1項所處罰之公然侮辱行為，係指依個案之表意脈絡，表意人公然貶損他人名譽之言論，已逾越一般人可合理忍受之範圍；而語言文字等意見表達是否構成侮辱，不得僅因該語言文字本身用語負面、粗鄙即認定之，而應就其...,上訴駁回。,,https://judgment.judicial.gov.tw/FJUD/data.aspx?ty=JD&id=KSHM%2c115%2c%e4%b8%8a%e6%98%93%2c54%2c20260423%2c1&ot=in
臺灣高等法院 115 年度 上易 字第 117 號刑事判決,115.04.23,妨害名譽,,,,,,未明確提取,及,上訴駁回。,,https://judgment.judicial.gov.tw/FJUD/data.aspx?ty=JD&id=TPHM%2c115%2c%e4%b8%8a%e6%98%93%2c117%2c20260423%2c1&ot=in
臺灣臺北地方法院 115 年度 審簡附民 字第 156 號刑事裁定,115.04.23,因妨害名譽案附帶民訴,,,,,,未明確提取,,,,https://judgment.judicial.gov.tw/FJUD/data.aspx?ty=JD&id=TPDM%2c115%2c%e5%af%a9%e7%b0%a1%e9%99%84%e6%b0%91%2c156%2c20260423%2c1&ot=in
臺灣臺中地方法院 115 年度 審易 字第 1088 號刑事判決,115.04.23,家庭暴力防治法之妨害名譽,,,,,,未明確提取,,本件公訴不受理。,,https://judgment.judicial.gov.tw/FJUD/data.aspx?ty=JD&id=TCDM%2c115%2c%e5%af%a9%e6%98%93%2c1088%2c20260423%2c1&ot=in
臺灣臺北地方法院 115 年度 審易 字第 658 號刑事判決,115.04.23,妨害名譽,,,,,,未明確提取,,本件公訴不受理。,,https://judgment.judicial.gov.tw/FJUD/data.aspx?ty=JD&id=TPDM%2c115%2c%e5%af%a9%e6%98%93%2c658%2c20260423%2c1&ot=in
臺灣臺北地方法院 115 年度 審簡 字第 880 號刑事判決,115.04.23,妨害名譽,,,,,,未明確提取,及,孫海澎犯公然侮辱罪，處罰金新臺幣參仟元，如易服勞役，以新臺幣壹仟元折算壹日。,,https://judgment.judicial.gov.tw/FJUD/data.aspx?ty=JD&id=TPDM%2c115%2c%e5%af%a9%e7%b0%a1%2c880%2c20260423%2c1&ot=in
臺灣臺南地方法院 115 年度 簡 字第 1473 號刑事判決,115.04.23,妨害名譽,,,,,,未明確提取,及,邱紹謙犯散布文字誹謗罪，處拘役參拾日，如易科罰金，以新臺幣壹仟元折算壹日。,,https://judgment.judicial.gov.tw/FJUD/data.aspx?ty=JD&id=TNDM%2c115%2c%e7%b0%a1%2c1473%2c20260423%2c1&ot=in
臺灣高雄地方法院 114 年度 審易 字第 2342 號刑事判決,115.04.23,妨害名譽,,,,,,未明確提取,,本件公訴不受理。,,https://judgment.judicial.gov.tw/FJUD/data.aspx?ty=JD&id=KSDM%2c114%2c%e5%af%a9%e6%98%93%2c2342%2c20260423%2c1&ot=in
臺灣臺中地方法院 115 年度 審易 字第 182 號刑事判決,115.04.23,妨害名譽,,,,,,證據清單及待證事實欄,"應依證據認定之，無證據不得認定犯罪事實；檢察官就被告犯罪事實，應負舉證責任，並指出證明之方法，刑事訴訟法第154條第2項、第161條第1項分別定有明文。認定犯罪事實所憑之證據，雖不以直接證據為限，間接證據亦包括在內；然無論直接或間接證據，其為訴訟上之證明，須於通常一般之人均不致於有所懷疑，而得確信其為真實之程度者，始得據之為有罪之認定，倘其證明尚未達到此一程度，而有合理性懷疑之存在時，即無從為有罪之認定（最高法院76年度台上字第4986號判決要旨參照）。不能證明被告犯罪或其行為不罰者應諭知無罪之判決，此觀刑事訴訟法第301條第1項之規定自明。
三、公訴意旨認被告涉犯公然侮辱罪嫌，無非係以起訴書...",黃雄鍾無罪。,,https://judgment.judicial.gov.tw/FJUD/data.aspx?ty=JD&id=TCDM%2c115%2c%e5%af%a9%e6%98%93%2c182%2c20260423%2c1&ot=in
臺灣屏東地方法院 114 年度 易 字第 1009 號刑事判決,115.04.23,妨害名譽,,,,,,未明確提取,"一、緣Ａ０２之父前與建商合建房屋，後出售部分房舍予Ａ０１、第三人汪○華、洪○花與何○樺等4人（下簡稱Ａ０１等四人），Ａ０１之房舍因此與Ａ０２住處車庫相鄰。嗣Ａ０２認上開房舍道路產權有疑，遂向Ａ０１等四人提起拆屋還地之訴，Ａ０１則認Ａ０２無端興訟，亦檢舉Ａ０２佔用水利用地，二人嫌隙日深。詎Ａ０２因不滿Ａ０１之舉，竟意圖散布於眾，基於誹謗及公然侮辱之接續犯意，於附表所示時間，在屏東縣○○市○○路000巷00號前之不特定人或特定多數人可共見共聞場所，公開發表如附表所示客觀上足以貶抑Ａ０１名譽及社會評價之言論，足生損害於Ａ０１之人格及社會評價。
二、案經Ａ０１告訴台灣屏東地方檢察署檢察官偵查起訴。",Ａ０２犯誹謗罪，處拘役伍拾日，如易科罰金，以新臺幣壹仟元折算壹日。,,https://judgment.judicial.gov.tw/FJUD/data.aspx?ty=JD&id=PTDM%2c114%2c%e6%98%93%2c1009%2c20260423%2c1&ot=in
臺灣高等法院 115 年度 上易 字第 350 號刑事判決,115.04.22,妨害名譽,,,,,,未明確提取,、證據及,上訴駁回。,,https://judgment.judicial.gov.tw/FJUD/data.aspx?ty=JD&id=TPHM%2c115%2c%e4%b8%8a%e6%98%93%2c350%2c20260422%2c1&ot=in
臺灣臺北地方法院 115 年度 審附民 字第 839 號刑事裁定,115.04.22,因妨害名譽案附帶民訴等,,,,,,未明確提取,,,,https://judgment.judicial.gov.tw/FJUD/data.aspx?ty=JD&id=TPDM%2c115%2c%e5%af%a9%e9%99%84%e6%b0%91%2c839%2c20260422%2c1&ot=in
臺灣高雄地方法院 115 年度 審自 字第 8 號刑事裁定,115.04.22,妨害名譽等,,,,,,未明確提取,,自訴人應於本裁定送達後伍日內補正下被告𧬶𧬶MeoMeo之姓名、性別、年齡、住所或居所，或其他足資辨別之特徵。,,https://judgment.judicial.gov.tw/FJUD/data.aspx?ty=JD&id=KSDM%2c115%2c%e5%af%a9%e8%87%aa%2c8%2c20260422%2c1&ot=in
臺灣新北地方法院 115 年度 簡 字第 1293 號刑事判決,115.04.22,妨害名譽,,,,,,未明確提取,及,Ａ０４犯公然侮辱罪，處罰金伍仟元，如易服勞役，以新臺幣壹仟元折算壹日。,,https://judgment.judicial.gov.tw/FJUD/data.aspx?ty=JD&id=PCDM%2c115%2c%e7%b0%a1%2c1293%2c20260422%2c1&ot=in
臺灣臺北地方法院 115 年度 審簡 字第 610 號刑事判決,115.04.22,妨害名譽等,,,,,,未明確提取,及,Ａ０３犯公然侮辱罪，處罰金新臺幣參仟元，如易服勞役，以新臺幣壹仟元折算壹日；又犯毀損他人物品罪，處拘役伍拾伍日，如易科罰金，以新臺幣壹仟元折算壹日。,,https://judgment.judicial.gov.tw/FJUD/data.aspx?ty=JD&id=TPDM%2c115%2c%e5%af%a9%e7%b0%a1%2c610%2c20260422%2c1&ot=in
臺灣臺中地方法院 114 年度 中原簡 字第 51 號刑事判決,115.04.22,妨害名譽,,,,,,未明確提取,及,施博薰犯誹謗罪，處罰金新臺幣參仟元，如易服勞役，以新臺幣壹仟元折算壹日。,,https://judgment.judicial.gov.tw/FJUD/data.aspx?ty=JD&id=TCDM%2c114%2c%e4%b8%ad%e5%8e%9f%e7%b0%a1%2c51%2c20260422%2c1&ot=in
臺灣新北地方法院 114 年度 易 字第 1080 號刑事判決,115.04.22,妨害名譽,,,,,,貴校 國安民國際長偕同校內在職人員馮小姐（越籍人氏）來越至本單位交流招生事宜，兩人全程手拉手攙扶，其行為動作實幾近曖昧之嫌 | 陳媞襄,一、許源秝前因參與其擔任顧問之東南亞國際合作教育及培訓股份公司（下稱東南亞公司）與財團法人醒吾科技大學（址設新北市○○區○○路0段000號，下稱醒吾大學）之合作招生洽談事宜，而有給付招生費用之糾紛。許源秝因此心生不滿，竟意圖散布於眾，基於加重誹謗之犯意，先於不詳時間、地點，印出載有：「貴校 國安民國際長偕同校內在職人員馮小姐（越籍人氏）來越至本單位交流招生事宜，兩人全程手拉手攙扶，其行為動作實幾近曖昧之嫌」等僅關乎私德，而與公共利益無關之不實內容信件（下稱本案信件）共17份（起訴書誤載為20餘份，應予更正），並蓋用其配偶「陳媞襄」之姓名章作為騎縫章後，於民國111年6月27日下午5時許，在屏東...,許源秝犯散布文字誹謗罪，處有期徒刑伍月，如易科罰金，以新臺幣壹仟元折算壹日。,,https://judgment.judicial.gov.tw/FJUD/data.aspx?ty=JD&id=PCDM%2c114%2c%e6%98%93%2c1080%2c20260422%2c1&ot=in
臺灣高等法院 114 年度 附民上 字第 72 號刑事裁定,115.04.21,妨害名譽,,,,,,未明確提取,,,,https://judgment.judicial.gov.tw/FJUD/data.aspx?ty=JD&id=TPHM%2c114%2c%e9%99%84%e6%b0%91%e4%b8%8a%2c72%2c20260421%2c1&ot=in
臺灣高等法院 114 年度 上易 字第 1614 號刑事判決,115.04.21,妨害名譽,,,,,,未明確提取,及,上訴駁回。,,https://judgment.judicial.gov.tw/FJUD/data.aspx?ty=JD&id=TPHM%2c114%2c%e4%b8%8a%e6%98%93%2c1614%2c20260421%2c1&ot=in
臺灣高等法院 114 年度 上易 字第 2258 號刑事判決,115.04.21,妨害名譽,,,,,,未明確提取,"提出主觀且與事實有關之意見或評論，其認定有誤。
㈢、被告於系爭經發會發表如原判決附表編號5所示言論，均與事實不符，且具傳述於眾之行為與意圖，應構成刑法誹謗罪。然原判決",上訴駁回。,,https://judgment.judicial.gov.tw/FJUD/data.aspx?ty=JD&id=TPHM%2c114%2c%e4%b8%8a%e6%98%93%2c2258%2c20260421%2c1&ot=in
臺灣臺中地方法院 115 年度 審易 字第 1153 號刑事判決,115.04.21,妨害名譽,,,,,,未明確提取,,本件公訴不受理。,,https://judgment.judicial.gov.tw/FJUD/data.aspx?ty=JD&id=TCDM%2c115%2c%e5%af%a9%e6%98%93%2c1153%2c20260421%2c1&ot=in
臺灣臺中地方法院 114 年度 簡 字第 2068 號刑事判決,115.04.21,妨害名譽,,,,,,未明確提取,及,李采容犯公然侮辱罪，處罰金新臺幣捌仟元，如易服勞役，以新臺幣壹仟元折算壹日。,,https://judgment.judicial.gov.tw/FJUD/data.aspx?ty=JD&id=TCDM%2c114%2c%e7%b0%a1%2c2068%2c20260421%2c1&ot=in
臺灣新北地方法院 115 年度 易 字第 419 號刑事判決,115.04.21,妨害名譽,,,,,,龜孫子，還敢教育下一代 | 龜兒子（臺語） | 沒看過那麼孬的男人。真的是實在有夠孬的 | Ａ０３是丟臉鬼、偽君子 | Ａ０３是偽君子 | 你真是偽君子,"為有罪之陳述，經本院告知簡式審判程序之旨，並聽取當事人之意見後，裁定行簡式審判程序審理，判決如下：
　　主　文
Ａ０４犯公然侮辱罪，處罰金新臺幣參仟元，如易服勞役，以新臺幣壹仟元折算壹日。

　　事　實
Ａ０４之配偶與Ａ０３之配偶為兄妹關係，Ａ０４與Ａ０３間，具有家庭暴力防治法第3條第7款所定之家庭成員關係。雙方分住○○市○○區○○路000巷00弄00號5樓、4樓，素因噪音問題而相處不睦。詎Ａ０４因認Ａ０３關門聲響過大而心生不滿，基於公然侮辱之犯意，於民國112年10月27日22時24分許，在新北市○○區○○路000巷00弄00號4樓樓梯間，先以「龜孫子，還敢教育下一代」、「龜兒子（臺語）」、...",Ａ０４犯公然侮辱罪，處罰金新臺幣參仟元，如易服勞役，以新臺幣壹仟元折算壹日。,,https://judgment.judicial.gov.tw/FJUD/data.aspx?ty=JD&id=PCDM%2c115%2c%e6%98%93%2c419%2c20260421%2c1&ot=in
臺灣橋頭地方法院 113 年度 易 字第 422 號刑事裁定,115.04.20,妨害名譽等,,,,,,未明確提取,,本件延展至民國115年5月5日上午9時25分宣判。,,https://judgment.judicial.gov.tw/FJUD/data.aspx?ty=JD&id=CTDM%2c113%2c%e6%98%93%2c422%2c20260420%2c1&ot=in
臺灣臺北地方法院 115 年度 審易 字第 863 號刑事判決,115.04.20,妨害名譽,,,,,,未明確提取,,本件公訴不受理。,,https://judgment.judicial.gov.tw/FJUD/data.aspx?ty=JD&id=TPDM%2c115%2c%e5%af%a9%e6%98%93%2c863%2c20260420%2c1&ot=in
臺灣臺北地方法院 114 年度 易 字第 1511 號刑事判決,115.04.20,妨害名譽,,,,,,神經病 | 瘋女人（台語）,"應依證據認定之，無證據不得認定犯罪事實；不能證明被告犯罪者應諭知無罪之判決，刑事訴訟法第154條第2項、第301條第1項分別定有明文。次按刑事訴訟法第161條第1項規定：檢察官就被告犯罪事實，應負舉證責任，並指出證明之方法。因此，檢察官對於起訴之犯罪事實，應負提出證據及說服之實質舉證責任。倘其所提出之證據，不足為被告有罪之積極證明，或其指出證明之方法，無從說服法院以形成被告有罪之心證，基於無罪推定之原則，自應為被告無罪判決之諭知（最高法院92年度台上字第128號判決意旨參照）。
三、公訴意旨認被告涉犯上開罪嫌，無非係以告訴人於警詢、偵查中之指述及證人吳文興於偵查中之證述等為其論據。訊據被告固不...",林子勤無罪。,,https://judgment.judicial.gov.tw/FJUD/data.aspx?ty=JD&id=TPDM%2c114%2c%e6%98%93%2c1511%2c20260420%2c1&ot=in
臺灣新北地方法院 115 年度 審易 字第 379 號刑事判決,115.04.17,妨害名譽,,,,,,未明確提取,,本件公訴不受理。,,https://judgment.judicial.gov.tw/FJUD/data.aspx?ty=JD&id=PCDM%2c115%2c%e5%af%a9%e6%98%93%2c379%2c20260417%2c1&ot=in
臺灣屏東地方法院 115 年度 原易 字第 17 號刑事判決,115.04.17,妨害名譽,,,,,,未明確提取,"，堪以認定。
　㈡經核前案判決書所載之加重誹謗部分犯罪事實，與本案犯罪時間、處所、對象、方法與行為態樣等事實均相同，前案與本案確屬同一案件無訛，是本案曾經判決確定，而為前案既判力效力所及，揆諸前揭說明，爰不經言詞辯論，逕為諭知免訴之判決。
據上論斷，應依刑事訴訟法第302條第1款、第307條，判決如主文。
本案經檢察官陳映妏提起公訴。
中　　華　　民　　國　　115 　年　　4 　　月　　17　　日
　　　　　　　　　刑事第六庭　審判長法　官　 曾思薇
　　　　　　　　　　　　　　　　　　法　官　 李昭安
　　　　　　　　　　　　　　　　　　法　官　 林靖涵
以上正本證明與原本無異。
如不服本...",本件免訴。,,https://judgment.judicial.gov.tw/FJUD/data.aspx?ty=JD&id=PTDM%2c115%2c%e5%8e%9f%e6%98%93%2c17%2c20260417%2c1&ot=in
臺灣橋頭地方法院 114 年度 原簡上 字第 11 號刑事判決,115.04.17,妨害名譽,,,,,,未明確提取,"部分，則不在第二審之審判範圍。」且依刑事訴訟法第455條之1第3項規定，對於簡易判決不服之上訴，準用刑事訴訟法第348條規定。是以，科刑事項可單獨成為上訴之標的，且上訴人若僅就科刑事項上訴時，第二審法院即應以原審法院所認定之犯罪事實，作為審認原審量刑妥適與否之判斷基礎。經查，本件上訴人即被告連靖婕（下稱被告）於本院準備程序及審判程序時已陳明僅針對原判決科刑事項上訴（見原簡上卷第57頁、第103頁），是本院僅就原判決關於量刑妥適與否進行審理，並以原判決認定之犯罪事實、所犯法條為審酌依據。
貳、上訴駁回之","上訴駁回。
連靖婕緩刑貳年，並應於緩刑期間內，接受法治教育課程壹場次，緩刑期間付保護管束。",,https://judgment.judicial.gov.tw/FJUD/data.aspx?ty=JD&id=CTDM%2c114%2c%e5%8e%9f%e7%b0%a1%e4%b8%8a%2c11%2c20260417%2c1&ot=in
臺灣高等法院 115 年度 聲再 字第 165 號刑事裁定,115.04.16,妨害名譽,,,,,,未明確提取,,抗告駁回。,,https://judgment.judicial.gov.tw/FJUD/data.aspx?ty=JD&id=TPHM%2c115%2c%e8%81%b2%e5%86%8d%2c165%2c20260416%2c1&ot=in
臺灣臺北地方法院 114 年度 附民 字第 1908 號刑事裁定,115.04.16,因妨害名譽案附帶民訴,,,,,,未明確提取,,本件移送本院民事庭。,,https://judgment.judicial.gov.tw/FJUD/data.aspx?ty=JD&id=TPDM%2c114%2c%e9%99%84%e6%b0%91%2c1908%2c20260416%2c1&ot=in
臺灣臺北地方法院 114 年度 審簡上 字第 307 號刑事判決,115.04.16,妨害名譽,,,,,,未明確提取,及,上訴駁回。,,https://judgment.judicial.gov.tw/FJUD/data.aspx?ty=JD&id=TPDM%2c114%2c%e5%af%a9%e7%b0%a1%e4%b8%8a%2c307%2c20260416%2c1&ot=in
臺灣新北地方法院 114 年度 易 字第 1917 號刑事判決,115.04.16,妨害名譽,,,,,,幹你娘 | 叭三小 | 死老猴,"一、李國彬於民國114年1月3日10時30分許，在新北市○○區○○街0段00巷00號前，因遭林添福鳴按喇叭而心生不滿，竟基於公然侮辱之犯意，當場以臺語對林添福辱罵：「幹你娘」、「叭三小」、「死老猴」等語，足以貶損林添福之人格及社會評價。
二、案經林添福訴由新北市政府警察局樹林分局報告臺灣新北地方檢察署檢察官偵查起訴。",李國彬犯公然侮辱罪，處罰金新臺幣捌仟元，如易服勞役，以新臺幣壹仟元折算壹日。,,https://judgment.judicial.gov.tw/FJUD/data.aspx?ty=JD&id=PCDM%2c114%2c%e6%98%93%2c1917%2c20260416%2c1&ot=in
臺灣臺北地方法院 114 年度 易 字第 53 號刑事判決,115.04.16,妨害名譽,,,,,,Ad Lib Kitchen | 是做雞的 | 妳們都是雞,李洢鏵於民國112年11月16日下午6時許，在臺北市中山區市○○道0段000號「Ad Lib Kitchen」餐廳內與多名友人聚餐時，因故與王子苓、李雅楹發生爭執，李洢鏵一時氣憤，竟意圖散布於眾，基於誹謗之犯意，在可得特定之多數人得以共見共聞之上開餐廳內，當場指稱王子苓、李雅楹「是做雞的」、「妳們都是雞」等語，指摘此等足以毀損李雅楹、王子苓名譽之事，貶損王子苓、李雅楹之人格及社會評價。,李洢鏵犯誹謗罪，累犯，處有期徒刑參月，如易科罰金，以新臺幣壹仟元折算壹日。,,https://judgment.judicial.gov.tw/FJUD/data.aspx?ty=JD&id=TPDM%2c114%2c%e6%98%93%2c53%2c20260416%2c1&ot=in
臺灣高等法院 114 年度 附民上 字第 99 號刑事裁定,115.04.15,妨害名譽,,,,,,未明確提取,,,,https://judgment.judicial.gov.tw/FJUD/data.aspx?ty=JD&id=TPHM%2c114%2c%e9%99%84%e6%b0%91%e4%b8%8a%2c99%2c20260415%2c2&ot=in
臺灣高等法院 114 年度 附民上 字第 99 號刑事判決,115.04.15,妨害名譽,,,,,,未明確提取,"一、上訴人（即附帶被上訴人）方面：
　㈠聲明：
　⒈原判決關於上訴人敗訴部分廢棄。
　⒉上開廢棄部分，被上訴人在第一審關於上訴人之訴及假執行之聲請均駁回。　
　⒊如受不利之判決，願預供擔保請准免為假執行之宣告。　
　㈡事實上陳述略稱：
　　上訴人（即附帶被上訴人）王子芩於記者會發表言論前，已盡合理查證，有證人吳學文、蔡俊華、游祥慶等人可以證明基隆海關在112年間確有3箱貨品遭不明人士搬走，且事後有同仁調動職務，主觀上有相當","原判決關於命上訴人王子芩連帶給付及該部分假執行之宣告均廢棄。
上開廢棄部分，被上訴人在原審之訴及其假執行之聲請均駁回。
被上訴人在本院之附帶上訴及假執行之聲請均駁回。",,https://judgment.judicial.gov.tw/FJUD/data.aspx?ty=JD&id=TPHM%2c114%2c%e9%99%84%e6%b0%91%e4%b8%8a%2c99%2c20260415%2c1&ot=in
臺灣高等法院 115 年度 上易 字第 365 號刑事判決,115.04.15,妨害名譽,,,,,,賤女人、破麻 | 積極證據足以為不利被告事實之認定 | 賤女人、破麻 | 破麻 | 賤女人 | 賤女人 | 破麻 | 賤女人 | 變成這樣你開心嗎 | 破麻 | 賤女人 | 破麻 | 賤女人,"及所犯法條略以：被告鄭梓妤與華文慧為前妯娌關係，因故發生嫌隙，被告鄭梓妤竟基於公然侮辱之犯意，於民國113年9月23日晚間9時許，在卓品翰所經營位於新北市○○區○○街00號之攤販前，以「賤女人、破麻」等語辱罵華文慧，致貶損華文慧之名譽及社會地位。檢察官因認被告鄭梓妤涉犯刑法第309條第1項之公然侮辱罪嫌。
二、犯罪事實應依證據認定之，無證據不得認定其犯罪事實；又不能證明被告犯罪者，應諭知被告無罪之判決，刑事訴訟法第154條第2項、第301條第1項分別定有明文。而事實之認定，應憑證據，如未發現相當證據或證據不足以證明，自不能以推測或擬制之方法，為裁判基礎（最高法院40年台上字第86號判決意旨參照...","原判決撤銷。
鄭梓妤無罪。",,https://judgment.judicial.gov.tw/FJUD/data.aspx?ty=JD&id=TPHM%2c115%2c%e4%b8%8a%e6%98%93%2c365%2c20260415%2c1&ot=in
臺灣高等法院 114 年度 上易 字第 2276 號刑事判決,115.04.15,妨害名譽,,,,,,【中天直播＃LIVE】羅文嘉二哥吃案還壓案？游智彬揭露現場最新000000000000News | 中壢戰神游智彬,一、游智彬、季節、王子芩（由本院為無罪之諭知，詳後述無罪部分）於民國112年12月間分別為新黨籍桃園市第3選區立法委員候選人、新黨輿情中心主任、新黨籍不分區立法委員候選人。游智彬、季節於未盡合理查證義務之情形下，基於散布於眾之意圖及妨害名譽之犯意聯絡，由游智彬擔任主持人、季節擔任引言人、王子芩則為參與者，在112年12月18日下午3時許，以使不特定多數人、網路使用者得以隨時觀看內容之網路直播共同記者會方式，於「【中天直播＃LIVE】羅文嘉二哥吃案還壓案？游智彬揭露現場最新000000000000News」記者會，游智彬、季節分別發表如附表一編號1所示之不實及侮辱性言論；游智彬、季節再於同日下午...,"原判決關於王子芩部分撤銷。
王子芩無罪。
其他上訴駁回。",,https://judgment.judicial.gov.tw/FJUD/data.aspx?ty=JD&id=TPHM%2c114%2c%e4%b8%8a%e6%98%93%2c2276%2c20260415%2c1&ot=in
臺灣臺北地方法院 115 年度 審易 字第 130 號刑事判決,115.04.15,妨害名譽,,,,,,"大地母親...
合夥人（13） | Lala isa...團（329）","及證據並所犯法條分敘如下：
　　　　犯罪事實
一、洪大剛明知自身係與○○○有嫌隙，而與○○○並無糾紛，
　　竟意圖散布於眾，基於誹謗之犯意，於附表所示時間，以附表所示之方式，散布如附表所示之內容，藉此影射○○○之婚外情對象為○○○，並使特定多數人得以觀覽，足以損害○○○之人格評價及社會地位。
二、案經○○○訴請桃園市政府警察局桃園分局報告偵辦。
　　　　證據並所犯法條
一、證據清單及待證事實：
編號
	
證據名稱
	
待證事實


1
	
被告洪大剛於本署偵查中
之供述
	
坦承有如附表所示時間，以如附
表所示方式，發表如附表所示內容之事實。


2
	
告訴人○○○於警詢中之
指訴
	
證明...",本件公訴不受理。,,https://judgment.judicial.gov.tw/FJUD/data.aspx?ty=JD&id=TPDM%2c115%2c%e5%af%a9%e6%98%93%2c130%2c20260415%2c1&ot=in
臺灣臺中地方法院 115 年度 審易 字第 634 號刑事判決,115.04.15,妨害名譽,,,,,,有些同學上課還是很認真，不要這樣幾顆老鼠屎壞了一鍋粥 | 有些同學上課還是很認真，不要這樣幾顆老鼠屎壞了一鍋粥 | 實質惡意原則 | 意見表達 | 老鼠屎 | 有些同學上課還是很認真，不要這樣幾顆老鼠屎壞了一鍋粥 | 一粒老鼠屎，壞了一鍋粥 | 老鼠屎,應依證據認定之，無證據不得認定犯罪事實，又不能證明被告犯罪者，應諭知無罪之判決，刑事訴訟法第154 條第2 項及第301 條第1 項分別定有明文。其次，刑事訴訟法上所謂認定犯罪事實之證據，係指足以認定被告確有犯罪行為之積極證據而言；如未能發現相當證據或證據不足以證明，自不能以推測或擬制之方法，以為裁判基礎（最高法院29年上字第3105號、40年台上字第86號判例參照）。再者，檢察官就被告犯罪事實，應負舉證責任，並指出證明之方法，刑事訴訟法第161 條第1 項定有明文，因此，檢察官對於起訴之犯罪事實，應負提出證據及說服之實質舉證責任。倘其所提出之證據，不足為被告有罪之積極證明，或其指出證明之方法...,李維宗無罪。,,https://judgment.judicial.gov.tw/FJUD/data.aspx?ty=JD&id=TCDM%2c115%2c%e5%af%a9%e6%98%93%2c634%2c20260415%2c1&ot=in
臺灣士林地方法院 115 年度 審簡 字第 357 號刑事判決,115.04.15,妨害名譽,,,,,,未明確提取,及,蔡貴英犯公然侮辱罪，處罰金新臺幣參仟元，如易服勞役，以新臺幣壹仟元折算壹日。,,https://judgment.judicial.gov.tw/FJUD/data.aspx?ty=JD&id=SLDM%2c115%2c%e5%af%a9%e7%b0%a1%2c357%2c20260415%2c1&ot=in
臺灣臺北地方法院 114 年度 易 字第 1580 號刑事判決,115.04.15,妨害名譽,,,,,,華視大樓,"一、張金鳳為侯怡君現任配偶蕭昭發之前女友，竟意圖散布於眾，基於誹謗之接續犯意，於附表編號1至4所示時間，在址設臺北市○○區○○○路000巷0號「華視大樓」某攝影棚、其住處社區交誼廳等處，參與錄製附表編號1至4所示之節目時，分別發表附表編號1至4所示之言論(下稱本案言論)，宣稱侯怡君係介入張金鳳與蕭昭發交往關係之第三者乙節，上開節目隨後透過電視、網際網路等媒體公開播送予不特定之多數人觀覽，張金鳳即以此方式指摘純涉私德且足以毀損侯怡君名譽之事，而貶抑侯怡君之人格評價及社會地位。
二、案經侯怡君告訴臺灣臺北地方檢察署檢察官偵查起訴。",張金鳳犯誹謗罪，處有期徒刑參月，如易科罰金，以新臺幣壹仟元折算壹日。,,https://judgment.judicial.gov.tw/FJUD/data.aspx?ty=JD&id=TPDM%2c114%2c%e6%98%93%2c1580%2c20260415%2c1&ot=in
福建高等法院金門分院 114 年度 軍上易 字第 1 號刑事判決,115.04.14,妨害名譽等,,,,,,未明確提取,及,"原判決關於朱應恩所處刑之部分，撤銷。
上開撤銷部分，朱應恩處有期徒刑貳月，如易科罰金，以新臺幣壹仟元折算壹日。
朱應恩緩刑貳年，緩刑期間付保護管束，並應於判決確定後壹年內，完成法治教育課程貳場次。",,https://judgment.judicial.gov.tw/FJUD/data.aspx?ty=JD&id=KMHM%2c114%2c%e8%bb%8d%e4%b8%8a%e6%98%93%2c1%2c20260414%2c1&ot=in
臺灣臺北地方法院 115 年度 附民 字第 127 號刑事裁定,115.04.14,因妨害名譽案附帶民訴,,,,,,未明確提取,,,,https://judgment.judicial.gov.tw/FJUD/data.aspx?ty=JD&id=TPDM%2c115%2c%e9%99%84%e6%b0%91%2c127%2c20260414%2c1&ot=in
臺灣臺東地方法院 115 年度 東原簡 字第 62 號刑事判決,115.04.14,妨害名譽,,,,,,未明確提取,及,Ａ０１犯公然侮辱罪，處罰金新臺幣陸仟元，如易服勞役，以新臺幣壹仟元折算壹日。,,https://judgment.judicial.gov.tw/FJUD/data.aspx?ty=JD&id=TTDM%2c115%2c%e6%9d%b1%e5%8e%9f%e7%b0%a1%2c62%2c20260414%2c1&ot=in
臺灣臺北地方法院 115 年度 簡 字第 885 號刑事判決,115.04.14,妨害名譽,,,,,,未明確提取,及,駱靜宜犯公然侮辱罪，處拘役拾日，如易科罰金，以新臺幣壹仟元折算壹日。,,https://judgment.judicial.gov.tw/FJUD/data.aspx?ty=JD&id=TPDM%2c115%2c%e7%b0%a1%2c885%2c20260414%2c1&ot=in
臺灣高等法院 高雄分院 114 年度 上易 字第 563 號刑事裁定,115.04.13,妨害名譽等,,,,,,未明確提取,,上訴人即被告陳光洋應於本裁定送達後七日內補正不服判決書狀之簽名、蓋章或按指印。,,https://judgment.judicial.gov.tw/FJUD/data.aspx?ty=JD&id=KSHM%2c114%2c%e4%b8%8a%e6%98%93%2c563%2c20260413%2c2&ot=in
臺灣宜蘭地方法院 115 年度 易 字第 112 號刑事判決,115.04.13,妨害名譽,,,,,,未明確提取,,本件公訴不受理。,,https://judgment.judicial.gov.tw/FJUD/data.aspx?ty=JD&id=ILDM%2c115%2c%e6%98%93%2c112%2c20260413%2c1&ot=in
臺灣高雄地方法院 115 年度 簡 字第 1353 號刑事判決,115.04.13,妨害名譽,,,,,,未明確提取,及,莊舒婷犯散布文字誹謗罪，處罰金新臺幣壹萬元，如易服勞役，以新臺幣壹仟元折算壹日。,,https://judgment.judicial.gov.tw/FJUD/data.aspx?ty=JD&id=KSDM%2c115%2c%e7%b0%a1%2c1353%2c20260413%2c1&ot=in
臺灣高等法院 115 年度 聲再 字第 77 號刑事裁定,115.04.10,妨害名譽,,,,,,未明確提取,、新證據，引用歷審107年度聲再字第130號、108年度聲再字第281號、111年度聲再字第82號等事實基礎明顯錯誤、無證據能力無證明力之裁判書，再審聲請人持續冤獄，法官、檢察官收了50次30萬賄款，以職權幫忙謝松樹於96年3月22日業務侵占再審聲請人25萬元之犯罪合法化，歷審法官集體貪腐組織犯罪，致再審聲請人被指南客運詐騙加班費、解雇，信用名譽受有損害，爰依法聲請再審，諭知再審聲請人無罪，並聲請調查謝松樹收賄法官、檢察官，要求書記官將系爭契約為居間契約、謝松樹3人侵占記載於審理筆錄，傳喚檢察官說明為何不將再審聲請人第3次入監及提出系爭契約為委託契約之證據，另請求謝松樹3人、檢察官、歷審法官連...,再審之聲請駁回。,,https://judgment.judicial.gov.tw/FJUD/data.aspx?ty=JD&id=TPHM%2c115%2c%e8%81%b2%e5%86%8d%2c77%2c20260410%2c1&ot=in
臺灣新北地方法院 115 年度 附民 字第 835 號刑事判決,115.04.10,妨害名譽等,,,,,,未明確提取,一、原告方面：原告訴之聲明及事實、,原告之訴及假執行之聲請均駁回。,,https://judgment.judicial.gov.tw/FJUD/data.aspx?ty=JD&id=PCDM%2c115%2c%e9%99%84%e6%b0%91%2c835%2c20260410%2c1&ot=in
臺灣基隆地方法院 114 年度 簡上 字第 97 號刑事判決,115.04.10,妨害名譽,,,,,,未明確提取,及,"原判決關於刑之部分撤銷。
上開撤銷部分，免刑。",,https://judgment.judicial.gov.tw/FJUD/data.aspx?ty=JD&id=KLDM%2c114%2c%e7%b0%a1%e4%b8%8a%2c97%2c20260410%2c1&ot=in
臺灣基隆地方法院 114 年度 易 字第 863 號刑事判決,115.04.10,妨害名譽,,,,,,應依證據認定,之認定，係據以確定具體的刑罰權之基礎，自須經嚴格之證明，故其所憑之證據不僅應具有證據能力，且須經合法之調查程序，否則即不得作為有罪認定之依據。倘法院審理之結果，認為不能證明被告犯罪，而為無罪之諭知，即無刑事訴訟法第154 條第2 項所謂「應依證據認定」之犯罪事實之存在。因此，同法第308 條前段規定，無罪之判決書只須記載主文及,洪嘉吟無罪。,,https://judgment.judicial.gov.tw/FJUD/data.aspx?ty=JD&id=KLDM%2c114%2c%e6%98%93%2c863%2c20260410%2c1&ot=in
臺灣高等法院 114 年度 附民上 字第 90 號刑事判決,115.04.09,妨害名譽,,,,,,未明確提取,,上訴駁回。,,https://judgment.judicial.gov.tw/FJUD/data.aspx?ty=JD&id=TPHM%2c114%2c%e9%99%84%e6%b0%91%e4%b8%8a%2c90%2c20260409%2c1&ot=in
臺灣高等法院 高雄分院 115 年度 上易 字第 42 號刑事判決,115.04.09,妨害名譽,,,,,,未明確提取,及,上訴駁回。,,https://judgment.judicial.gov.tw/FJUD/data.aspx?ty=JD&id=KSHM%2c115%2c%e4%b8%8a%e6%98%93%2c42%2c20260409%2c1&ot=in
臺灣高等法院 115 年度 上易 字第 5 號刑事判決,115.04.09,妨害名譽,,,,,,騎士詭途,"，而未充分評價；再被告與告訴人同為LINE「騎士詭途」聊天群組成員，該群組每次參與遊戲之人均非完全相同，成員亦有隨時間演進增加或減少之可能，實已達多數人得以共聞共見之狀態。原審未察及此，遽認被告主觀上並無轉知予不特定多數人知悉之意圖，實有未洽等語（見本院卷第21至24、58、81頁）。
四、駁回檢察官上訴之",上訴駁回。,,https://judgment.judicial.gov.tw/FJUD/data.aspx?ty=JD&id=TPHM%2c115%2c%e4%b8%8a%e6%98%93%2c5%2c20260409%2c1&ot=in
臺灣高等法院 114 年度 上易 字第 2075 號刑事判決,115.04.09,妨害名譽,,,,,,台北市度量衡公會公務群 | 營運危機、「賣廠房疑雲 | 上英盜賣絕技 | 掏空上英計中計 | 請鬼帖藥丹 | 作帳的秘密 | 欺騙的藝術 | 臨老入花叢 | 假面和尚,"未依證據及法律見解錯誤。㈣被告所謂臨老入花叢係指駱志強找小三當特助此事，此因涉及私德而與公共利益無關，亦無刑法第310條第3項真實性原則之適用。被告誹謗英展公司涉及公司其餘股東與全體同仁之公眾利益重大，被告自認對英展公司瞭如指掌，卻僅以薄弱之胡永明對話記錄證明有合理查證，原判決顯然存在重大違誤。綜上所述，原判決認事用法尚嫌未恰，爰依法提起上訴，請將原判決撤銷，更為適當合法之判決等語。
三、本院查：
　㈠原判決已就公訴人所提出被告之供述、告訴人駱志強及告訴代理人之指訴、證人即英展公司員工黃正欽、韓琳、證人即台北市度量衡公會理事長林達展、證人即台北市度量衡公會總幹事柯佩君、證人即台北市度量衡公會顧...",上訴駁回。,,https://judgment.judicial.gov.tw/FJUD/data.aspx?ty=JD&id=TPHM%2c114%2c%e4%b8%8a%e6%98%93%2c2075%2c20260409%2c1&ot=in
臺灣高等法院 114 年度 上易 字第 2169 號刑事判決,115.04.09,妨害名譽,,,,,,未明確提取,及,上訴駁回。,,https://judgment.judicial.gov.tw/FJUD/data.aspx?ty=JD&id=TPHM%2c114%2c%e4%b8%8a%e6%98%93%2c2169%2c20260409%2c1&ot=in
臺灣花蓮地方法院 115 年度 附民 字第 86 號刑事裁定,115.04.09,因妨害名譽附帶民訴,,,,,,未明確提取,,本件移送本院民事庭。,,https://judgment.judicial.gov.tw/FJUD/data.aspx?ty=JD&id=HLDM%2c115%2c%e9%99%84%e6%b0%91%2c86%2c20260409%2c1&ot=in
臺灣高雄地方法院 115 年度 簡 字第 936 號刑事判決,115.04.09,妨害名譽,,,,,,未明確提取,及,呂理勛犯散布文字誹謗罪，處拘役參拾日，如易科罰金，以新臺幣壹仟元折算壹日。,,https://judgment.judicial.gov.tw/FJUD/data.aspx?ty=JD&id=KSDM%2c115%2c%e7%b0%a1%2c936%2c20260409%2c1&ot=in
臺灣屏東地方法院 115 年度 簡 字第 790 號刑事判決,115.04.09,妨害名譽,,,,,,未明確提取,及,吳葵怜犯加重誹謗罪，處拘役參拾日，如易科罰金，以新臺幣壹仟元折算壹日。,,https://judgment.judicial.gov.tw/FJUD/data.aspx?ty=JD&id=PTDM%2c115%2c%e7%b0%a1%2c790%2c20260409%2c1&ot=in
臺灣花蓮地方法院 114 年度 易 字第 282 號刑事判決,115.04.09,妨害名譽,,,,,,范姜群凱,"一、范姜群凱因認遭謝唯智等人嘲笑而心生不滿，竟意圖散布於眾，基於散布文字誹謗之接續犯意，於附表所示時間、地點，在不特定多數人得以共見共聞之臉書帳號「范姜群凱」頁面(下稱本案臉書帳號)發布如附表所示之貼文，指摘謝唯智外遇等語，足以損害謝唯智之名譽。嗣經謝唯智之友人閱覽上開貼文，告知謝唯智，謝唯智報警處理而查悉上情。
二、案經謝唯智訴由花蓮縣警察局吉安分局報告臺灣花蓮地方檢察署檢察官偵查起訴。",范姜群凱犯散布文字誹謗罪，處拘役參拾日，如易科罰金，以新臺幣壹仟元折算壹日。,,https://judgment.judicial.gov.tw/FJUD/data.aspx?ty=JD&id=HLDM%2c114%2c%e6%98%93%2c282%2c20260409%2c1&ot=in
臺灣宜蘭地方法院 114 年度 易 字第 666 號刑事判決,115.04.09,妨害名譽,,,,,,人生舞ㄍㄠˋ讚　生命不受限演出 | 羅小穎 | 宜蘭縣春居藝文運動推廣協會/SpringMan Studio舞團/春居藝文運動工作室 | 羅小穎,一、Ａ０４前因與Ａ０２原定於民國111年3月20日15時許，在宜蘭演藝廳共同舉辦「人生舞ㄍㄠˋ讚　生命不受限演出」活動（下稱系爭活動），然雙方因費用問題產生糾紛，Ａ０２及其所帶領之ReFocus舞團最終未能參與該次活動演出，而由Ａ０４及其所帶領之SpringMan Studio舞團單獨演出，嗣後因多名網友於網路上就Ａ０２所帶領之ReFocus舞團未能參與演出表達不平，Ａ０４因而心生不滿，竟意圖散布於眾，基於散布文字誹謗之犯意，於114年8月3日凌晨0時41分許至114年8月6日17時31分許，在不詳地點，以資訊設備連結網際網路登入其向社群網站臉書申請之帳號，在不特定人得以共見之臉書頁面接續為下...,Ａ０４犯散布文字誹謗罪，處有期徒刑參月，如易科罰金，以新臺幣壹仟元折算壹日。,,https://judgment.judicial.gov.tw/FJUD/data.aspx?ty=JD&id=ILDM%2c114%2c%e6%98%93%2c666%2c20260409%2c1&ot=in
臺灣臺中地方法院 114 年度 簡 字第 2241 號刑事判決,115.04.08,妨害名譽,,,,,,未明確提取,及,黃國彰犯公然侮辱罪，處罰金新臺幣貳仟元，如易服勞役，以新臺幣壹仟元折算壹日。,,https://judgment.judicial.gov.tw/FJUD/data.aspx?ty=JD&id=TCDM%2c114%2c%e7%b0%a1%2c2241%2c20260408%2c1&ot=in
臺灣彰化地方法院 115 年度 簡 字第 764 號刑事判決,115.04.08,妨害名譽,,,,,,未明確提取,及,"黃宣諭犯散布文字誹謗罪，處拘役貳拾日，如易科罰金，以新臺
幣壹仟元折算壹日。",,https://judgment.judicial.gov.tw/FJUD/data.aspx?ty=JD&id=CHDM%2c115%2c%e7%b0%a1%2c764%2c20260408%2c1&ot=in
臺灣高等法院 高雄分院 114 年度 上易 字第 557 號刑事判決,115.04.07,妨害名譽,,,,,,他是垃圾啊 | 我說的垃圾是說，你不是華銀的人，那是垃圾 | 你如果是垃圾就不代表華銀的人啦,"一、Ａ０１於民國113年9月23日16時12分許，在高雄市○鎮區○○○路00號華南商業銀行前鎮分行內，因收費問題與該分行副理Ａ０２發生爭執，竟基於公然侮辱之犯意，在前揭特定多數人得以共見共聞之場合，接續以「他是垃圾啊」、「我說的垃圾是說，你不是華銀的人，那是垃圾」、「你如果是垃圾就不代表華銀的人啦」等語辱罵Ａ０２，足以貶損Ａ０２之人格及社會評價。
二、案經Ａ０２訴由高雄市政府警察局前鎮分局報告臺灣高雄地方檢察署檢察官偵查起訴。",上訴駁回。,,https://judgment.judicial.gov.tw/FJUD/data.aspx?ty=JD&id=KSHM%2c114%2c%e4%b8%8a%e6%98%93%2c557%2c20260407%2c1&ot=in
臺灣士林地方法院 115 年度 易 字第 219 號刑事判決,115.04.07,妨害名譽,,,,,,犯罪結果地 | 犯罪結果地,"，侵害告訴人之名譽權，乃違反刑法第309條第1項之犯罪結果，而此告訴人因被告犯罪受害之結果，究與犯罪結果地之認定，分屬二事；蓋所謂犯罪結果地，仍應以與犯罪結果發生具直接關聯之地點為限，告訴人之住居所地或不特定人多數人得以瀏覽網路貼文之地點，並不當然即為「犯罪結果地」，否則不啻將被害人之住居所地與侵害被害人專屬法益案件之「犯罪結果地」等同視之，而不問個案事實與該住居所地之關聯性，更致得以瀏覽該網路貼文之各地法院均具管轄權，有不當擴張管轄權範圍之虞，使管轄法定原則形同虛設。是亦難僅因本件告訴人之住居所地在本院管轄區域，或本件被告係被訴在得共見共聞之網路張貼本案文字等情，遽認本院具管轄權甚明。
四、...",本件管轄錯誤，移送臺灣新北地方法院。,,https://judgment.judicial.gov.tw/FJUD/data.aspx?ty=JD&id=SLDM%2c115%2c%e6%98%93%2c219%2c20260407%2c1&ot=in
臺灣高等法院 115 年度 上易 字第 20 號刑事判決,115.04.02,妨害名譽,,,,,,幹你娘 | 幹你娘 | 臭雞掰 | 幹你娘 | 幹你娘 | 臭雞掰,"所憑之證據，須於通常一般之人均不致於有所懷疑，達到確信其為真實之程度者，始足當之；倘其證明之程度，尚有合理之懷疑存在時，即不能據為被告有罪之認定。而檢察官就被告犯罪事實，應負舉證責任，並指出證明之方法，被告並無自證無罪之義務；倘檢察官所提出之證據，不足為被告犯罪之積極證明，或其指出之證明方法，無從說服法院形成被告犯罪之心證，基於無罪推定原則，即應為被告有利之認定，而為被告無罪諭知。
(二)原審斟酌取捨被告之供述、證人之證述、現場監視器錄影畫面截圖等卷內證據，認定被告雖有辱罵告訴人，然難認係出於惡意詆毀告訴人2人之人格評價所為，或針對毫無所據之事無端恣意謾罵，亦不足以對告訴人2人之客觀人格評價造...",上訴駁回。,,https://judgment.judicial.gov.tw/FJUD/data.aspx?ty=JD&id=TPHM%2c115%2c%e4%b8%8a%e6%98%93%2c20%2c20260402%2c1&ot=in
臺灣臺北地方法院 115 年度 附民 字第 438 號刑事裁定,115.04.02,因妨害名譽案附帶民訴,,,,,,未明確提取,,,,https://judgment.judicial.gov.tw/FJUD/data.aspx?ty=JD&id=TPDM%2c115%2c%e9%99%84%e6%b0%91%2c438%2c20260402%2c1&ot=in
臺灣臺北地方法院 115 年度 簡 字第 799 號刑事判決,115.04.02,妨害名譽,,,,,,未明確提取,及,"林立鈞犯公然侮辱罪，處罰金新臺幣伍仟元，如易服勞役，以新
臺幣壹仟元折算壹日。",,https://judgment.judicial.gov.tw/FJUD/data.aspx?ty=JD&id=TPDM%2c115%2c%e7%b0%a1%2c799%2c20260402%2c1&ot=in
臺灣高雄地方法院 115 年度 易 字第 2 號刑事判決,115.04.02,妨害名譽,,,,,,幹你娘機掰 | 操機掰 | 您娘機掰,"一、Ａ０４於民國114年6月10日下午4時58分許，前往址設高雄市○○區○○○路00號中華電信大昌門市，欲以其太太之證件申辦手機門號時，因不滿櫃臺人員Ａ０２表示要向其太太致電確認，竟基於公然侮辱之犯意，在該處不特定多數人得以共見共聞之場所，接續對Ａ０２辱罵「幹你娘機掰」、「幹」、「操機掰」、「您娘機掰」等語（下合稱本案言語），足以貶損Ａ０２之人格及社會名譽。
二、案經Ａ０２訴由高雄市政府警察局三民第二分局報告臺灣高雄地方檢察署檢察官偵查後聲請簡易判決處刑。",Ａ０４犯公然侮辱罪，處罰金新臺幣參仟元，如易服勞役，以新臺幣壹仟元折算壹日。,,https://judgment.judicial.gov.tw/FJUD/data.aspx?ty=JD&id=KSDM%2c115%2c%e6%98%93%2c2%2c20260402%2c1&ot=in
最高法院 87 年度 台聲 字第 16 號刑事裁定,87.06.11,妨害名譽聲請指定管轄,,,,,,未明確提取,,聲請駁回。,,https://judgment.judicial.gov.tw/FJUD/data.aspx?ty=JD&id=TPSM%2c87%2c%e5%8f%b0%e8%81%b2%2c16%2c19980611&ot=in
最高法院 87 年度 台聲 字第 7 號刑事裁定,87.02.13,妨害名譽聲請再審,,,,,,未明確提取,,聲明駁回。,,https://judgment.judicial.gov.tw/FJUD/data.aspx?ty=JD&id=TPSM%2c87%2c%e5%8f%b0%e8%81%b2%2c7%2c19980213&ot=in
最高法院 86 年度 台抗 字第 465 號刑事裁定,86.12.18,妨害名譽聲請再審,,,,,,未明確提取,,抗告駁回。,,https://judgment.judicial.gov.tw/FJUD/data.aspx?ty=JD&id=TPSM%2c86%2c%e5%8f%b0%e6%8a%97%2c465%2c19971218&ot=in
最高法院 86 年度 台非 字第 376 號刑事判決,86.12.10,妨害名譽,,,,,,未明確提取,"，與其所採用之證據不相適合，即屬證
據上之",上訴駁回。,,https://judgment.judicial.gov.tw/FJUD/data.aspx?ty=JD&id=TPSM%2c86%2c%e5%8f%b0%e9%9d%9e%2c376%2c19971210&ot=in
最高法院 86 年度 台附 字第 115 號刑事判決,86.11.06,妨害名譽,,,,,,未明確提取,,上訴駁回。,,https://judgment.judicial.gov.tw/FJUD/data.aspx?ty=JD&id=TPSM%2c86%2c%e5%8f%b0%e9%99%84%2c115%2c19971106&ot=in
最高法院 86 年度 台非 字第 329 號刑事判決,86.10.16,妨害名譽,,,,,,未明確提取,為判決基礎，以判斷其適用法律有無違誤。倘若非常上訴,上訴駁回。,,https://judgment.judicial.gov.tw/FJUD/data.aspx?ty=JD&id=TPSM%2c86%2c%e5%8f%b0%e9%9d%9e%2c329%2c19971016&ot=in
最高法院 86 年度 台抗 字第 324 號刑事裁定,86.09.10,妨害名譽,,,,,,未明確提取,,抗告駁回。,,https://judgment.judicial.gov.tw/FJUD/data.aspx?ty=JD&id=TPSM%2c86%2c%e5%8f%b0%e6%8a%97%2c324%2c19970910&ot=in
最高法院 86 年度 台非 字第 156 號刑事判決,86.05.29,妨害名譽,,,,,,設有某參議員『因向某女教師求婚未遂，懷恨在心， | 誣指為暗娼 | 地方議會議員在會議時就有關會議事項所為之言論應受保障。 | 無關會議事項 | 顯然違法,"欄既認定被告係在台北市第六屆市議會議員任內，
於民國八十二年十二月一日台北市議會開會期間，對黃前市長質詢時，對當時任職於
台北市政府交通局停車管理處企劃科之告訴人洪滄浪之操守、行為有所指摘，殊難謂
其所為之言論與會議事項無關。況告訴人當時係台北市政府交通局停車管理處企劃科
科長。其操守如何，是否清廉，關係市政之良寙。被告依據檢舉，在議會開會時予以
質詢，當然屬於會議事項。依前開司法院及同院大法官會議解釋，自屬免責範圍。更
何況司法院院解字第三七三五號解釋，係民國三十六年十二月二十二日應湖北省政府
轉請行政院函請就「設有某參議員『因向某女教師求婚未遂，懷恨在心，』乃在會內
發言，『誣指為暗娼』，...",上訴駁回。,,https://judgment.judicial.gov.tw/FJUD/data.aspx?ty=JD&id=TPSM%2c86%2c%e5%8f%b0%e9%9d%9e%2c156%2c19970529&ot=in
司法院刑事補償法庭 86 年度 台覆 字第 38 號刑事決定書,86.04.23,妨害名譽等,,,,,,未明確提取,及,原決定應予維持。,,https://judgment.judicial.gov.tw/FJUD/data.aspx?ty=JD&id=TPCM%2c86%2c%e5%8f%b0%e8%a6%86%2c38%2c19970423&ot=in
最高法院 85 年度 台非 字第 383 號刑事判決,85.12.19,妨害名譽案件,,,,,,未明確提取,"應依證據認定之，無證據不得推定犯罪事實，乃刑事
訴訟法第一百五十四條定有明文。而有罪判決書所憑之證據，以足以證明其所認定之
犯罪事實為必要，若所憑之證據與待證事實不相符合，即屬證據上",上訴駁回。,,https://judgment.judicial.gov.tw/FJUD/data.aspx?ty=JD&id=TPSM%2c85%2c%e5%8f%b0%e9%9d%9e%2c383%2c19961219&ot=in
司法院刑事補償法庭 85 年度 台覆 字第 82 號刑事決定書,85.12.19,妨害名譽等,,,,,,未明確提取,及,原決定應予維持。,,https://judgment.judicial.gov.tw/FJUD/data.aspx?ty=JD&id=TPCM%2c85%2c%e5%8f%b0%e8%a6%86%2c82%2c19961219&ot=in
最高法院 85 年度 台非 字第 105 號刑事判決,85.05.02,妨害名譽,,,,,,王者之風 | 新仙鶴神針,"，
認為足以毀損龍響公司名譽及經濟上之評價與事業不得為聯合行為之規定，有犯刑法
第三百十條第二項、第三百十三條及公平交易法第三十五條之罪，其一行為觸犯數罪
名，為想像競合犯，應從一重之公平交易法第三十五條論科，判決被告甲○○行為人
違反事業不得為聯合行為之規定，處罰金新台幣五萬元，如易服勞役，以銀元三百元
即新台幣九百元折算一日，而告確定，本署認有違法，提起非常上訴，而非常上訴審
亦以商業同業公會依公平交易法第二條第三款規定，固為該法所稱之事業，但依商業
團體法第一條規定，同業公會係以推廣國內外貿易，促進經濟發展，協調同業關係，
增進共同利益為宗旨，係為會員服務，而非從事交易之團體，故錄影節目...","原判決撤銷。
甲○○散布文字，指摘足以毀損他人名譽之事，處罰金玖仟元，如易服勞役，以叄佰
元折算壹日。",,https://judgment.judicial.gov.tw/FJUD/data.aspx?ty=JD&id=TPSM%2c85%2c%e5%8f%b0%e9%9d%9e%2c105%2c19960502&ot=in
最高法院 85 年度 台非 字第 27 號刑事判決,85.01.31,妨害名譽,,,,,,抵押契約書 | 簽收條,"審法院應予調查之證據
，不以當事人聲請者為限，凡與待證事實有關之證據，均應依職權詳為調查，方足發
見真實。亦有六十一年度台上字第二四七七號判例可資參考。本件被告因妨害名譽等
罪，經台灣高等法院台中分院以七十四年度上易字第一五八八號判處罪刑確定。嗣因
告訴被告等妨害名譽之謝益男，另因偽造沈進約署押一案，經台灣高等法院台中分院
以七十七年度上訴字第一二○一號判決，判處罪刑確定，被告以沈進約前此自訴謝益
男偽造文書（台灣雲林地方法院七十二年度自字第三十五號）案中『抵押契約書』及
『簽收條』上沈進約之署押，亦應係謝益男所偽造。果爾則被告之妨害名譽案件之原
判決即因而動搖，故具狀聲請再審。台灣高等法院台...",上訴駁回。,,https://judgment.judicial.gov.tw/FJUD/data.aspx?ty=JD&id=TPSM%2c85%2c%e5%8f%b0%e9%9d%9e%2c27%2c19960131&ot=in
最高法院 84 年度 台非 字第 461 號刑事判決,84.12.21,妨害名譽,,,,,,未明確提取,,,,https://judgment.judicial.gov.tw/FJUD/data.aspx?ty=JD&id=TPSM%2c84%2c%e5%8f%b0%e9%9d%9e%2c461%2c19951221%2c1&ot=in
最高法院 84 年度 台抗 字第 338 號刑事判決,84.09.14,妨害名譽聲請法官迴避,,,,,,未明確提取,,,,https://judgment.judicial.gov.tw/FJUD/data.aspx?ty=JD&id=TPSM%2c84%2c%e5%8f%b0%e6%8a%97%2c338%2c19950914%2c1&ot=in
最高法院 84 年度 台抗 字第 291 號刑事判決,84.08.17,妨害名譽,,,,,,未明確提取,,,,https://judgment.judicial.gov.tw/FJUD/data.aspx?ty=JD&id=TPSM%2c84%2c%e5%8f%b0%e6%8a%97%2c291%2c19950817%2c1&ot=in
最高法院 84 年度 台抗 字第 279 號刑事判決,84.07.28,妨害名譽經反訴誣告,,,,,,未明確提取,,,,https://judgment.judicial.gov.tw/FJUD/data.aspx?ty=JD&id=TPSM%2c84%2c%e5%8f%b0%e6%8a%97%2c279%2c19950728%2c1&ot=in
最高法院 84 年度 台抗 字第 148 號刑事判決,84.04.27,妨害名譽,,,,,,未明確提取,,,,https://judgment.judicial.gov.tw/FJUD/data.aspx?ty=JD&id=TPSM%2c84%2c%e5%8f%b0%e6%8a%97%2c148%2c19950427%2c1&ot=in
最高法院 84 年度 台非 字第 96 號刑事判決,84.03.16,妨害名譽,,,,,,未明確提取,,,,https://judgment.judicial.gov.tw/FJUD/data.aspx?ty=JD&id=TPSM%2c84%2c%e5%8f%b0%e9%9d%9e%2c96%2c19950316%2c1&ot=in
最高法院 84 年度 台非 字第 95 號刑事判決,84.03.10,妨害名譽,,,,,,未明確提取,,,,https://judgment.judicial.gov.tw/FJUD/data.aspx?ty=JD&id=TPSM%2c84%2c%e5%8f%b0%e9%9d%9e%2c95%2c19950310%2c1&ot=in
最高法院 84 年度 台非 字第 60 號刑事判決,84.02.16,妨害名譽,,,,,,未明確提取,,,,https://judgment.judicial.gov.tw/FJUD/data.aspx?ty=JD&id=TPSM%2c84%2c%e5%8f%b0%e9%9d%9e%2c60%2c19950216%2c1&ot=in
最高法院 84 年度 台非 字第 48 號刑事判決,84.02.09,妨害名譽,,,,,,未明確提取,,,,https://judgment.judicial.gov.tw/FJUD/data.aspx?ty=JD&id=TPSM%2c84%2c%e5%8f%b0%e9%9d%9e%2c48%2c19950209%2c1&ot=in
最高法院 83 年度 台上 字第 5991 號刑事判決,83.11.03,妨害名譽,,,,,,未明確提取,,,,https://judgment.judicial.gov.tw/FJUD/data.aspx?ty=JD&id=TPSM%2c83%2c%e5%8f%b0%e4%b8%8a%2c5991%2c19941103%2c1&ot=in
最高法院 83 年度 台非 字第 306 號刑事判決,83.10.20,妨害名譽,,,,,,未明確提取,,,,https://judgment.judicial.gov.tw/FJUD/data.aspx?ty=JD&id=TPSM%2c83%2c%e5%8f%b0%e9%9d%9e%2c306%2c19941020%2c1&ot=in
最高法院 83 年度 台非 字第 260 號刑事判決,83.09.16,妨害名譽,,,,,,未明確提取,,,,https://judgment.judicial.gov.tw/FJUD/data.aspx?ty=JD&id=TPSM%2c83%2c%e5%8f%b0%e9%9d%9e%2c260%2c19940916%2c1&ot=in
最高法院 82 年度 台非 字第 419 號刑事判決,82.12.30,妨害名譽,,,,,,未明確提取,,,,https://judgment.judicial.gov.tw/FJUD/data.aspx?ty=JD&id=TPSM%2c82%2c%e5%8f%b0%e9%9d%9e%2c419%2c19931230%2c1&ot=in
最高法院 82 年度 台非 字第 380 號刑事判決,82.11.18,妨害名譽,,,,,,未明確提取,,,,https://judgment.judicial.gov.tw/FJUD/data.aspx?ty=JD&id=TPSM%2c82%2c%e5%8f%b0%e9%9d%9e%2c380%2c19931118%2c1&ot=in
最高法院 82 年度 台抗 字第 456 號刑事判決,82.11.05,妨害名譽聲請法官迴避,,,,,,未明確提取,,,,https://judgment.judicial.gov.tw/FJUD/data.aspx?ty=JD&id=TPSM%2c82%2c%e5%8f%b0%e6%8a%97%2c456%2c19931105%2c1&ot=in
最高法院 82 年度 台上 字第 5682 號刑事判決,82.10.27,妨害名譽,,,,,,未明確提取,,,,https://judgment.judicial.gov.tw/FJUD/data.aspx?ty=JD&id=TPSM%2c82%2c%e5%8f%b0%e4%b8%8a%2c5682%2c19931027%2c1&ot=in
最高法院 82 年度 台抗 字第 396 號刑事判決,82.10.14,妨害名譽聲請法官迴避,,,,,,未明確提取,,,,https://judgment.judicial.gov.tw/FJUD/data.aspx?ty=JD&id=TPSM%2c82%2c%e5%8f%b0%e6%8a%97%2c396%2c19931014%2c1&ot=in
最高法院 81 年度 台非 字第 401 號刑事判決,81.11.26,妨害名譽,,,,,,未明確提取,,,,https://judgment.judicial.gov.tw/FJUD/data.aspx?ty=JD&id=TPSM%2c81%2c%e5%8f%b0%e9%9d%9e%2c401%2c19921126%2c1&ot=in
最高法院 81 年度 台非 字第 318 號刑事判決,81.09.04,妨害名譽,,,,,,未明確提取,,,,https://judgment.judicial.gov.tw/FJUD/data.aspx?ty=JD&id=TPSM%2c81%2c%e5%8f%b0%e9%9d%9e%2c318%2c19920904%2c1&ot=in
最高法院 81 年度 台附 字第 43 號刑事判決,81.04.24,妨害名譽,,,,,,未明確提取,,,,https://judgment.judicial.gov.tw/FJUD/data.aspx?ty=JD&id=TPSM%2c81%2c%e5%8f%b0%e9%99%84%2c43%2c19920424%2c1&ot=in
最高法院 81 年度 台非 字第 32 號刑事判決,81.02.13,妨害名譽,,,,,,未明確提取,,,,https://judgment.judicial.gov.tw/FJUD/data.aspx?ty=JD&id=TPSM%2c81%2c%e5%8f%b0%e9%9d%9e%2c32%2c19920213%2c1&ot=in
最高法院 80 年度 台非 字第 536 號刑事判決,80.12.13,妨害名譽,,,,,,未明確提取,,,,https://judgment.judicial.gov.tw/FJUD/data.aspx?ty=JD&id=TPSM%2c80%2c%e5%8f%b0%e9%9d%9e%2c536%2c19911213%2c1&ot=in
最高法院 80 年度 台非 字第 526 號刑事判決,80.12.06,妨害名譽,,,,,,未明確提取,,,,https://judgment.judicial.gov.tw/FJUD/data.aspx?ty=JD&id=TPSM%2c80%2c%e5%8f%b0%e9%9d%9e%2c526%2c19911206%2c1&ot=in
最高法院 80 年度 台抗 字第 481 號刑事判決,80.08.29,妨害名譽,,,,,,未明確提取,,,,https://judgment.judicial.gov.tw/FJUD/data.aspx?ty=JD&id=TPSM%2c80%2c%e5%8f%b0%e6%8a%97%2c481%2c19910829%2c1&ot=in
最高法院 80 年度 台非 字第 170 號刑事判決,80.05.24,妨害名譽,,,,,,未明確提取,,,,https://judgment.judicial.gov.tw/FJUD/data.aspx?ty=JD&id=TPSM%2c80%2c%e5%8f%b0%e9%9d%9e%2c170%2c19910524%2c1&ot=in
最高法院 79 年度 台非 字第 225 號刑事判決,79.10.30,妨害名譽,,,,,,未明確提取,,,,https://judgment.judicial.gov.tw/FJUD/data.aspx?ty=JD&id=TPSM%2c79%2c%e5%8f%b0%e9%9d%9e%2c225%2c19901030%2c1&ot=in
最高法院 79 年度 台抗 字第 324 號刑事判決,79.08.23,妨害名譽定執行刑,,,,,,未明確提取,,,,https://judgment.judicial.gov.tw/FJUD/data.aspx?ty=JD&id=TPSM%2c79%2c%e5%8f%b0%e6%8a%97%2c324%2c19900823%2c1&ot=in
最高法院 79 年度 台抗 字第 186 號刑事判決,79.05.25,妨害名譽,,,,,,未明確提取,,,,https://judgment.judicial.gov.tw/FJUD/data.aspx?ty=JD&id=TPSM%2c79%2c%e5%8f%b0%e6%8a%97%2c186%2c19900525%2c1&ot=in
最高法院 78 年度 台抗 字第 515 號刑事判決,78.12.21,妨害名譽,,,,,,未明確提取,,,,https://judgment.judicial.gov.tw/FJUD/data.aspx?ty=JD&id=TPSM%2c78%2c%e5%8f%b0%e6%8a%97%2c515%2c19891221%2c1&ot=in
最高法院 78 年度 台抗 字第 344 號刑事判決,78.08.25,妨害名譽,,,,,,未明確提取,,,,https://judgment.judicial.gov.tw/FJUD/data.aspx?ty=JD&id=TPSM%2c78%2c%e5%8f%b0%e6%8a%97%2c344%2c19890825%2c1&ot=in
最高法院 78 年度 台抗 字第 289 號刑事判決,78.07.20,妨害名譽,,,,,,未明確提取,,,,https://judgment.judicial.gov.tw/FJUD/data.aspx?ty=JD&id=TPSM%2c78%2c%e5%8f%b0%e6%8a%97%2c289%2c19890720%2c1&ot=in
最高法院 78 年度 台聲 字第 12 號刑事判決,78.06.30,妨害名譽,,,,,,未明確提取,,,,https://judgment.judicial.gov.tw/FJUD/data.aspx?ty=JD&id=TPSM%2c78%2c%e5%8f%b0%e8%81%b2%2c12%2c19890630%2c1&ot=in
最高法院 78 年度 台聲 字第 2 號刑事判決,78.01.20,妨害名譽,,,,,,未明確提取,,,,https://judgment.judicial.gov.tw/FJUD/data.aspx?ty=JD&id=TPSM%2c78%2c%e5%8f%b0%e8%81%b2%2c2%2c19890120%2c1&ot=in
最高法院 77 年度 台非 字第 159 號刑事判決,77.11.24,妨害名譽,,,,,,未明確提取,,,,https://judgment.judicial.gov.tw/FJUD/data.aspx?ty=JD&id=TPSM%2c77%2c%e5%8f%b0%e9%9d%9e%2c159%2c19881124%2c1&ot=in
最高法院 77 年度 台非 字第 100 號刑事判決,77.08.26,妨害名譽,,,,,,未明確提取,,,,https://judgment.judicial.gov.tw/FJUD/data.aspx?ty=JD&id=TPSM%2c77%2c%e5%8f%b0%e9%9d%9e%2c100%2c19880826%2c1&ot=in
最高法院 77 年度 台上 字第 1690 號刑事判決,77.03.31,妨害名譽,,,,,,未明確提取,,,,https://judgment.judicial.gov.tw/FJUD/data.aspx?ty=JD&id=TPSM%2c77%2c%e5%8f%b0%e4%b8%8a%2c1690%2c19880331%2c1&ot=in
最高法院 76 年度 台抗 字第 441 號刑事判決,76.09.25,妨害名譽聲請再審,,,,,,未明確提取,,,,https://judgment.judicial.gov.tw/FJUD/data.aspx?ty=JD&id=TPSM%2c76%2c%e5%8f%b0%e6%8a%97%2c441%2c19870925%2c1&ot=in
最高法院 76 年度 台上 字第 6425 號刑事判決,76.09.17,自訴妨害名譽,,,,,,未明確提取,,,,https://judgment.judicial.gov.tw/FJUD/data.aspx?ty=JD&id=TPSM%2c76%2c%e5%8f%b0%e4%b8%8a%2c6425%2c19870917%2c1&ot=in
最高法院 75 年度 台抗 字第 362 號刑事判決,75.09.22,妨害名譽（偽造文書）,,,,,,未明確提取,,,,https://judgment.judicial.gov.tw/FJUD/data.aspx?ty=JD&id=TPSM%2c75%2c%e5%8f%b0%e6%8a%97%2c362%2c19860922%2c1&ot=in
最高法院 75 年度 台非 字第 175 號刑事判決,75.07.04,妨害名譽,,,,,,未明確提取,,,,https://judgment.judicial.gov.tw/FJUD/data.aspx?ty=JD&id=TPSM%2c75%2c%e5%8f%b0%e9%9d%9e%2c175%2c19860704%2c1&ot=in
最高法院 75 年度 台抗 字第 254 號刑事判決,75.06.27,妨害名譽聲請再審,,,,,,未明確提取,,,,https://judgment.judicial.gov.tw/FJUD/data.aspx?ty=JD&id=TPSM%2c75%2c%e5%8f%b0%e6%8a%97%2c254%2c19860627%2c1&ot=in
最高法院 75 年度 台非 字第 119 號刑事判決,75.05.09,妨害名譽,,,,,,未明確提取,,,,https://judgment.judicial.gov.tw/FJUD/data.aspx?ty=JD&id=TPSM%2c75%2c%e5%8f%b0%e9%9d%9e%2c119%2c19860509%2c1&ot=in
最高法院 74 年度 台附 字第 47 號刑事判決,74.06.07,妨害名譽刑事附帶民事訴訟,,,,,,未明確提取,,,,https://judgment.judicial.gov.tw/FJUD/data.aspx?ty=JD&id=TPSM%2c74%2c%e5%8f%b0%e9%99%84%2c47%2c19850607%2c1&ot=in
最高法院 74 年度 台抗 字第 20 號刑事判決,74.01.16,自訴妨害名譽抗告,,,,,,未明確提取,,,,https://judgment.judicial.gov.tw/FJUD/data.aspx?ty=JD&id=TPSM%2c74%2c%e5%8f%b0%e6%8a%97%2c20%2c19850116%2c1&ot=in
最高法院 73 年度 台聲 字第 26 號刑事判決,73.08.10,妨害名譽等聲請移轉管轄,,,,,,未明確提取,,,,https://judgment.judicial.gov.tw/FJUD/data.aspx?ty=JD&id=TPSM%2c73%2c%e5%8f%b0%e8%81%b2%2c26%2c19840810%2c1&ot=in
最高法院 73 年度 台抗 字第 139 號刑事判決,73.04.05,妨害名譽聲請再審,,,,,,未明確提取,,,,https://judgment.judicial.gov.tw/FJUD/data.aspx?ty=JD&id=TPSM%2c73%2c%e5%8f%b0%e6%8a%97%2c139%2c19840405%2c1&ot=in
最高法院 72 年度 台附 字第 82 號刑事判決,72.08.12,妨害名譽附帶民事訴訟,,,,,,未明確提取,,,,https://judgment.judicial.gov.tw/FJUD/data.aspx?ty=JD&id=TPSM%2c72%2c%e5%8f%b0%e9%99%84%2c82%2c19830812%2c1&ot=in
最高法院 72 年度 台附 字第 71 號刑事判決,72.07.22,妨害名譽附帶民事訴訟,,,,,,未明確提取,,,,https://judgment.judicial.gov.tw/FJUD/data.aspx?ty=JD&id=TPSM%2c72%2c%e5%8f%b0%e9%99%84%2c71%2c19830722%2c1&ot=in
最高法院 72 年度 台附 字第 45 號刑事判決,72.04.29,妨害名譽附帶民事訴訟,,,,,,未明確提取,,,,https://judgment.judicial.gov.tw/FJUD/data.aspx?ty=JD&id=TPSM%2c72%2c%e5%8f%b0%e9%99%84%2c45%2c19830429%2c1&ot=in
最高法院 71 年度 台抗 字第 642 號刑事判決,71.12.10,妨害名譽,,,,,,未明確提取,,,,https://judgment.judicial.gov.tw/FJUD/data.aspx?ty=JD&id=TPSM%2c71%2c%e5%8f%b0%e6%8a%97%2c642%2c19821210%2c1&ot=in
最高法院 71 年度 台上 字第 7831 號刑事判決,71.12.10,自訴妨害名譽,,,,,,未明確提取,,,,https://judgment.judicial.gov.tw/FJUD/data.aspx?ty=JD&id=TPSM%2c71%2c%e5%8f%b0%e4%b8%8a%2c7831%2c19821210%2c1&ot=in
最高法院 70 年度 台上 字第 6870 號刑事判決,70.12.11,妨害名譽及反訴誣告,,,,,,未明確提取,,,,https://judgment.judicial.gov.tw/FJUD/data.aspx?ty=JD&id=TPSM%2c70%2c%e5%8f%b0%e4%b8%8a%2c6870%2c19811211%2c1&ot=in
最高法院 70 年度 台上 字第 5887 號刑事判決,70.11.05,妨害名譽,,,,,,未明確提取,,,,https://judgment.judicial.gov.tw/FJUD/data.aspx?ty=JD&id=TPSM%2c70%2c%e5%8f%b0%e4%b8%8a%2c5887%2c19811105%2c1&ot=in
最高法院 70 年度 台抗 字第 154 號刑事判決,70.04.30,妨害名譽聲明異議,,,,,,未明確提取,,,,https://judgment.judicial.gov.tw/FJUD/data.aspx?ty=JD&id=TPSM%2c70%2c%e5%8f%b0%e6%8a%97%2c154%2c19810430%2c1&ot=in
最高法院 70 年度 台抗 字第 113 號刑事判決,70.03.31,自訴妨害名譽聲請再審,,,,,,未明確提取,,,,https://judgment.judicial.gov.tw/FJUD/data.aspx?ty=JD&id=TPSM%2c70%2c%e5%8f%b0%e6%8a%97%2c113%2c19810331%2c1&ot=in
最高法院 69 年度 台上 字第 4592 號刑事判決,69.11.27,自訴妨害名譽及反訴偽造文書,,,,,,未明確提取,,,,https://judgment.judicial.gov.tw/FJUD/data.aspx?ty=JD&id=TPSM%2c69%2c%e5%8f%b0%e4%b8%8a%2c4592%2c19801127%2c1&ot=in
最高法院 69 年度 台上 字第 3132 號刑事判決,69.08.22,妨害名譽,,,,,,未明確提取,,,,https://judgment.judicial.gov.tw/FJUD/data.aspx?ty=JD&id=TPSM%2c69%2c%e5%8f%b0%e4%b8%8a%2c3132%2c19800822%2c1&ot=in
最高法院 67 年度 台上 字第 586 號刑事判決,67.03.08,妨害名譽,,,,,,未明確提取,,,,https://judgment.judicial.gov.tw/FJUD/data.aspx?ty=JD&id=TPSM%2c67%2c%e5%8f%b0%e4%b8%8a%2c586%2c19780308%2c1&ot=in
最高法院 67 年度 台抗 字第 13 號刑事判決,67.01.12,妨害名譽,,,,,,未明確提取,,,,https://judgment.judicial.gov.tw/FJUD/data.aspx?ty=JD&id=TPSM%2c67%2c%e5%8f%b0%e6%8a%97%2c13%2c19780112%2c1&ot=in
最高法院 66 年度 台附 字第 18 號刑事判決,66.05.04,妨害名譽,,,,,,未明確提取,,,,https://judgment.judicial.gov.tw/FJUD/data.aspx?ty=JD&id=TPSM%2c66%2c%e5%8f%b0%e9%99%84%2c18%2c19770504%2c1&ot=in
最高法院 66 年度 台抗 字第 130 號刑事判決,66.05.04,妨害名譽,,,,,,未明確提取,,,,https://judgment.judicial.gov.tw/FJUD/data.aspx?ty=JD&id=TPSM%2c66%2c%e5%8f%b0%e6%8a%97%2c130%2c19770504%2c1&ot=in
最高法院 66 年度 台附 字第 1 號刑事判決,66.01.12,妨害名譽,,,,,,未明確提取,,,,https://judgment.judicial.gov.tw/FJUD/data.aspx?ty=JD&id=TPSM%2c66%2c%e5%8f%b0%e9%99%84%2c1%2c19770112%2c1&ot=in
最高法院 65 年度 台聲 字第 7 號刑事判決,65.06.16,妨害名譽,,,,,,未明確提取,,,,https://judgment.judicial.gov.tw/FJUD/data.aspx?ty=JD&id=TPSM%2c65%2c%e5%8f%b0%e8%81%b2%2c7%2c19760616%2c1&ot=in
最高法院 64 年度 台抗 字第 262 號刑事判決,64.09.17,妨害名譽等罪,,,,,,未明確提取,,,,https://judgment.judicial.gov.tw/FJUD/data.aspx?ty=JD&id=TPSM%2c64%2c%e5%8f%b0%e6%8a%97%2c262%2c19750917%2c1&ot=in
最高法院 64 年度 台非 字第 94 號刑事判決,64.09.10,妨害名譽,,,,,,未明確提取,,,,https://judgment.judicial.gov.tw/FJUD/data.aspx?ty=JD&id=TPSM%2c64%2c%e5%8f%b0%e9%9d%9e%2c94%2c19750910%2c1&ot=in
最高法院 64 年度 台抗 字第 125 號刑事判決,64.04.09,妨害名譽,,,,,,未明確提取,,,,https://judgment.judicial.gov.tw/FJUD/data.aspx?ty=JD&id=TPSM%2c64%2c%e5%8f%b0%e6%8a%97%2c125%2c19750409%2c1&ot=in
最高法院 63 年度 台附 字第 34 號刑事判決,63.07.16,妨害名譽,,,,,,未明確提取,,,,https://judgment.judicial.gov.tw/FJUD/data.aspx?ty=JD&id=TPSM%2c63%2c%e5%8f%b0%e9%99%84%2c34%2c19740716%2c1&ot=in
最高法院 63 年度 台上 字第 2288 號刑事判決,63.07.16,妨害名譽,,,,,,未明確提取,,,,https://judgment.judicial.gov.tw/FJUD/data.aspx?ty=JD&id=TPSM%2c63%2c%e5%8f%b0%e4%b8%8a%2c2288%2c19740716%2c1&ot=in
最高法院 63 年度 台聲 字第 6 號刑事判決,63.02.22,妨害名譽,,,,,,未明確提取,,,,https://judgment.judicial.gov.tw/FJUD/data.aspx?ty=JD&id=TPSM%2c63%2c%e5%8f%b0%e8%81%b2%2c6%2c19740222%2c1&ot=in
最高法院 62 年度 台上 字第 1921 號刑事判決,62.05.16,妨害名譽等罪,,,,,,未明確提取,,,,https://judgment.judicial.gov.tw/FJUD/data.aspx?ty=JD&id=TPSM%2c62%2c%e5%8f%b0%e4%b8%8a%2c1921%2c19730516%2c1&ot=in
最高法院 62 年度 台抗 字第 112 號刑事判決,62.03.28,妨害名譽,,,,,,未明確提取,,,,https://judgment.judicial.gov.tw/FJUD/data.aspx?ty=JD&id=TPSM%2c62%2c%e5%8f%b0%e6%8a%97%2c112%2c19730328%2c1&ot=in
最高法院 62 年度 台抗 字第 104 號刑事判決,62.03.22,妨害名譽,,,,,,未明確提取,,,,https://judgment.judicial.gov.tw/FJUD/data.aspx?ty=JD&id=TPSM%2c62%2c%e5%8f%b0%e6%8a%97%2c104%2c19730322%2c1&ot=in
最高法院 62 年度 台抗 字第 91 號刑事判決,62.03.15,妨害名譽,,,,,,未明確提取,,,,https://judgment.judicial.gov.tw/FJUD/data.aspx?ty=JD&id=TPSM%2c62%2c%e5%8f%b0%e6%8a%97%2c91%2c19730315%2c1&ot=in
最高法院 62 年度 台抗 字第 67 號刑事判決,62.02.22,妨害名譽,,,,,,未明確提取,,,,https://judgment.judicial.gov.tw/FJUD/data.aspx?ty=JD&id=TPSM%2c62%2c%e5%8f%b0%e6%8a%97%2c67%2c19730222%2c1&ot=in
最高法院 62 年度 台抗 字第 42 號刑事判決,62.01.25,妨害名譽案件提起再抗告,,,,,,未明確提取,,,,https://judgment.judicial.gov.tw/FJUD/data.aspx?ty=JD&id=TPSM%2c62%2c%e5%8f%b0%e6%8a%97%2c42%2c19730125%2c1&ot=in
最高法院 62 年度 台抗 字第 21 號刑事判決,62.01.17,妨害名譽案件,,,,,,未明確提取,,,,https://judgment.judicial.gov.tw/FJUD/data.aspx?ty=JD&id=TPSM%2c62%2c%e5%8f%b0%e6%8a%97%2c21%2c19730117%2c1&ot=in
最高法院 60 年度 台上 字第 3543 號刑事判決,60.10.21,妨害名譽,,,,,,未明確提取,,,,https://judgment.judicial.gov.tw/FJUD/data.aspx?ty=JD&id=TPSM%2c60%2c%e5%8f%b0%e4%b8%8a%2c3543%2c19711021%2c1&ot=in
臺灣高等法院 89 年度 上易 字第 2262 號刑事判決,89.08.10,妨害名譽,,,,,,未明確提取,及,上訴駁回。,,https://judgment.judicial.gov.tw/FJUD/data.aspx?ty=JD&id=TPHM%2c89%2c%e4%b8%8a%e6%98%93%2c2262%2c20000810&ot=in
臺灣高等法院 89 年度 上易 字第 3434 號刑事判決,89.08.10,妨害名譽,,,,,,"善意 | 國軍醫院附設民眾診療作業基金收支保管
          及運用辦法 | 國軍醫院附設民
          眾診療服務處作業暫行規定 | 另亦
          殷盼其切莫再向行政機關及媒體憑空指摘本局暨本局局長間有不當行為 | 憑空指摘 | 因
          自衛、自辯、保護自身利益 | 陸軍未設民診單位軍醫人員八十二年度奬助金分
          配辦法 | 經查，國防部軍
          法局就所謂軍醫局局長個人被訴涉嫌貪污乙案，業經國防部軍事檢察官詳
          調查後，認定軍醫局局長個人並無侵占、圖利他人之行為，而於八十八年
          六月三日以八十八年則剛（初）不字第０九號為不起訴處分。至監察院關
          於乙○○先生對本局局長之檢舉乙案，亦於八十八年五月二十六日以函文
          明白揭示：『軍醫局基於合理正常之考量，選擇民生醫院訂立醫療特約，
          亦難謂其有所不當．． | 另亦殷盼其切莫再向行政機關及媒
          體憑空指摘本局暨本局局長間有不當行為 | 圖利與貪污行為","之一部提起自
    訴者，他部雖不得提起自訴亦以得提起自訴論。但不得提起自訴部分係較重之罪
    ，或其第一審屬於高等法院管轄，或第三百二十一條之情形者，不在此限。」查
    本件被告甲○○雖係現役軍人，惟自訴人之自訴之犯罪事實僅係認被告所為前揭
    函文之內容，涉有刑法第三百十條之誹謗罪嫌，業據自訴人指訴明確（見原審卷
    第一六七頁），依該罪最重本刑為二年以下有期徒刑，屬刑法第六十一條案件，
    原審對被告自有審判權無訛，合先敘明。
三、按犯罪事實應依證據認定之，無證據不得推定其犯罪事實。又不能證明被告犯罪
    者，應諭知無罪之判決，刑事訴訟法第一百五十四條、第三百零...",上訴駁回。,,https://judgment.judicial.gov.tw/FJUD/data.aspx?ty=JD&id=TPHM%2c89%2c%e4%b8%8a%e6%98%93%2c3434%2c20000810%2c1&ot=in
臺灣臺南地方法院 89 年度 易 字第 2115 號刑事判決,89.08.10,妨害名譽,,,,,,未明確提取,,本件公訴不受理。,,https://judgment.judicial.gov.tw/FJUD/data.aspx?ty=JD&id=TNDM%2c89%2c%e6%98%93%2c2115%2c20000810&ot=in
臺灣桃園地方法院 89 年度 易 字第 1363 號刑事判決,89.08.10,妨害名譽等,,,,,,未明確提取,,無罪,,https://judgment.judicial.gov.tw/FJUD/data.aspx?ty=JD&id=TYDM%2c89%2c%e6%98%93%2c1363%2c20000810&ot=in
臺灣新北地方法院 89 年度 易 字第 2434 號刑事判決,89.08.08,妨害名譽,,,,,,"‥‥七月三十一日校內教務主任已公開表示
    下學年度，財產管理要讓一位鄭姓代課老師（即乙○○）擔任，這是什麼意思？
    既已內定妥代課老師，又何須公告或辦理代課甄選？鄭姓代課老師找議員關說，
    學校又何須設置教評會？‥‥不可讓教務主任黑箱作業得逞，‥‥","一、甲○○在未先查證乙○○是否確有找議員關說，以要求臺北縣立重慶國民小學內
    定伊為該校代課教師等情真實性之情況，竟即意圖散布於眾，基於毀損他人名譽
    之犯意，於民國八十八年八月一日某時（確實時間不詳），在不詳地點，於臺北
    縣政府教育局所設之網站上留言謂「‥‥七月三十一日校內教務主任已公開表示
    下學年度，財產管理要讓一位鄭姓代課老師（即乙○○）擔任，這是什麼意思？
    既已內定妥代課老師，又何須公告或辦理代課甄選？鄭姓代課老師找議員關說，
    學校又何須設置教評會？‥‥不可讓教務主任黑箱作業得逞，‥‥」等意指乙○
    ○係拜託縣議員關說，故臺北縣立重慶國...","甲○○散布文字而指謫足以毀損他人名譽之事，處拘役伍拾玖日，如易科罰金以叁佰
元折算壹日。",,https://judgment.judicial.gov.tw/FJUD/data.aspx?ty=JD&id=PCDM%2c89%2c%e6%98%93%2c2434%2c20000808&ot=in
臺灣高等法院 89 年度 抗 字第 270 號刑事裁定,89.08.07,妨害名譽,,,,,,十四日,"告知家樂福公司，竟以散布於眾之意圖，為毀損自訴人之名
    譽，於八十七年二月十日自家樂福公司傳真誹謗信函乙封至裕廊公司，誣指自訴
    人曾於八十六年七月十四日代表裕廊公司出席前開協調會議，且誣指自訴人曾以
    不實陳述欺詐家樂福公司委派之代表人，致其誤信九華公司之資力而使家樂福公
    司與九華公司成立前開工程融資協議。更有甚者，其將九華公司內部完全依照中
    華民國相關法令推選江正為其任總經理之合法行為，誣陷為係自訴人與黑社會幫
    派份子共同圖謀不法利益之行為。又前開傳真信函並經裕廊公司董事會全體成員
    傳閱，因認被告涉犯刑法第三百十條第二項之加重誹謗罪嫌。
二...",抗告駁回。,,https://judgment.judicial.gov.tw/FJUD/data.aspx?ty=JD&id=TPHM%2c89%2c%e6%8a%97%2c270%2c20000807&ot=in
臺灣新北地方法院 89 年度 重附民 字第 74 號刑事判決,89.08.07,妨害名譽等,,,,,,未明確提取,,原告之訴及其假執行之聲請均駁回。,,https://judgment.judicial.gov.tw/FJUD/data.aspx?ty=JD&id=PCDM%2c89%2c%e9%87%8d%e9%99%84%e6%b0%91%2c74%2c20000807&ot=in
臺灣新北地方法院 89 年度 易 字第 501 號刑事判決,89.08.07,妨害名譽等,,,,,,未明確提取,,無罪,,https://judgment.judicial.gov.tw/FJUD/data.aspx?ty=JD&id=PCDM%2c89%2c%e6%98%93%2c501%2c20000807&ot=in
臺灣高等法院 臺南分院 89 年度 上易 字第 1624 號刑事判決,89.08.04,妨害名譽,,,,,,"六嘉村的花痴乙○○：：硬要
    人家娶你死不要臉：：已有神經病傾向：：沒人敢娶妳","一、丙○○於民國（下同）八十四年間因偽造有價證券案件，經本院判處有期徒刑三
    年一月確定，甫於八十八年二月二十日執行完畢，猶不知警惕，因與乙○○（現
    改名為王雅微）有債務糾紛，竟意圖散布於眾，於八十九年二月二十二日晚間至
    翌日早晨，在乙○○住於台南縣安定鄉六嘉村六塊寮五七號住處對面至台南市○
    ○街與安和路口紅綠燈之十數支電線桿上，張貼「六嘉村的花痴乙○○：：硬要
    人家娶你死不要臉：：已有神經病傾向：：沒人敢娶妳」等文字的傳單數紙，指
    摘足以毀損乙○○名譽之事。
二、案經乙○○提出上開傳單一紙，訴請台灣台南地方法院檢察署檢察官偵查起訴。","原判決撤銷。
丙○○意圖散布於眾，而散布文字，指摘足以毀損他人名譽之事，累犯，處有期徒刑
伍月，如易科罰金以參佰元折算壹日。
扣案之傳單壹紙沒收。",,https://judgment.judicial.gov.tw/FJUD/data.aspx?ty=JD&id=TNHM%2c89%2c%e4%b8%8a%e6%98%93%2c1624%2c20000804&ot=in
臺灣臺南地方法院 89 年度 易 字第 1707 號刑事裁定,89.08.04,妨害名譽,,,,,,未明確提取,,,,https://judgment.judicial.gov.tw/FJUD/data.aspx?ty=JD&id=TNDM%2c89%2c%e6%98%93%2c1707%2c20000804&ot=in
臺灣高等法院 89 年度 附民 字第 89 號刑事判決,89.08.03,妨害名譽,,,,,,"梅竹山莊 | 梅竹山莊 | 丙○先生在梅竹山莊立下
    最壞的示範","一、原告聲明求為判決：(一)被告應給付原告新台幣一百萬元，及自起訴狀繕本送達
    翌日起至清償日止，按年利率百分之五計算之利息。(二)被告應在梅竹山莊網站
    上刊載如起訴狀附求件所示內容之道歉啟示(事)，費用由被告負擔。
二、原告之陳述略稱：被告丁○○與丙○同為新竹市○○路「梅竹山莊」之住戶，分
    居新竹市○○路○○○號十三樓之三及同址十二樓之三，為上下樓層之關係，前
    因丁○○住處浴室排水不良需借用樓下丙○住處維修孔疏通之事，與丙○發生爭
    執，事後丁○○心有未甘，基於概括之犯意，意圖散布於眾，而連續於民國八十
    七年十月十五日凌晨三時三十八分及同年月日晚間...",原告之訴駁回。,,https://judgment.judicial.gov.tw/FJUD/data.aspx?ty=JD&id=TPHM%2c89%2c%e9%99%84%e6%b0%91%2c89%2c20000803&ot=in
臺灣臺北地方法院 89 年度 簡 字第 350 號刑事判決,89.08.03,妨害名譽,,,,,,未明確提取,及,公然侮辱,,https://judgment.judicial.gov.tw/FJUD/data.aspx?ty=JD&id=TPDM%2c89%2c%e7%b0%a1%2c350%2c20000803%2c1&ot=in
臺灣臺北地方法院 89 年度 簡 字第 350 號刑事判決,89.08.03,妨害名譽,,,,,,未明確提取,及,公然侮辱,,https://judgment.judicial.gov.tw/FJUD/data.aspx?ty=JD&id=TPDM%2c89%2c%e7%b0%a1%2c350%2c20000803&ot=in
臺灣高等法院 89 年度 附民 字第 336 號刑事判決,89.07.31,妨害名譽,,,,,,未明確提取,"甲、原告方面：
    原告之聲明、陳述均詳如附件起訴狀影本所示。
乙、被告方面：
    被告未提出書狀，亦未作任何陳述。",原告之訴及假執行之聲請均駁回。,,https://judgment.judicial.gov.tw/FJUD/data.aspx?ty=JD&id=TPHM%2c89%2c%e9%99%84%e6%b0%91%2c336%2c20000731&ot=in
臺灣高等法院 89 年度 重附民上 字第 55 號刑事判決,89.07.31,妨害名譽,,,,,,未明確提取,"一、本院判決書內應記載之事實，除求為廢棄原判決外，餘與第一審判決書記載相同
    ，茲引用之。
二、被告未提出書狀，亦未作何陳述，惟依其在刑事訴訟之陳述不承認有何侵權行為
    。",上訴駁回。,,https://judgment.judicial.gov.tw/FJUD/data.aspx?ty=JD&id=TPHM%2c89%2c%e9%87%8d%e9%99%84%e6%b0%91%e4%b8%8a%2c55%2c20000731%2c1&ot=in
臺灣高等法院 高雄分院 89 年度 上易 字第 571 號刑事判決,89.07.31,妨害名譽,,,,,,"甲○○在深夜勾引、主幼潘董、幽會、被潘董
    夫人，會同警察捉姦（6/24晚上24:00 ）有高雄三民派出所（哈爾濱街）的筆錄
    可查，相片是在三民派出所拍照","一、乙○○與丙○○係夫妻，平時即有芥蒂而相處不睦，於民國八十八年六月二十四
    日晚間，因懷疑丙○○與甲○○間有曖昧行為，即報警偕同高雄市政府警察局三
    民第一分局哈爾濱派出所警員，至丙○○與甲○○相約晤談之高雄市○○區○○
    ○路客家文物館對面公園停車場，欲追查兩人妨害家庭之犯行，惟終因該二人未
    被發覺有何犯行而未為移送偵辦。乙○○明知丙○○與甲○○於上開時地並無妨
    害家庭之犯行，竟基於意圖散布於眾之犯意，趁甲○○在前開派出所接受調查時
    ，拍攝甲○○在警局之照片，並於八十八年六月二十四至同月二十八日間之某不
    詳時間，在其高雄市○○區○○○路○○...","原判決撤銷。
乙○○散布文字，指摘足以毀損他人名譽之事，處有期徒刑參月，如易科罰金，以參
佰元折算壹日。",,https://judgment.judicial.gov.tw/FJUD/data.aspx?ty=JD&id=KSHM%2c89%2c%e4%b8%8a%e6%98%93%2c571%2c20000731&ot=in
臺灣臺北地方法院 89 年度 自 字第 494 號刑事判決,89.07.31,妨害名譽等,,,,,,未明確提取,,本件自訴不受理。,,https://judgment.judicial.gov.tw/FJUD/data.aspx?ty=JD&id=TPDM%2c89%2c%e8%87%aa%2c494%2c20000731&ot=in
臺灣臺南地方法院 89 年度 易 字第 1718 號刑事判決,89.07.31,妨害名譽,,,,,,未明確提取,,本件公訴不受理。,,https://judgment.judicial.gov.tw/FJUD/data.aspx?ty=JD&id=TNDM%2c89%2c%e6%98%93%2c1718%2c20000731&ot=in
臺灣新北地方法院 89 年度 簡上 字第 244 號刑事判決,89.07.31,妨害名譽,,,,,,"己○
      ○、乙○○夫婦以恐嚇及仙人跳等方式欲向勒索新台幣（下同）一千萬元 | 己○○、乙○○夫婦係一對狗男女 | 快樂谷 | 己○○、乙○○夫婦向其恐嚇、勒索一千萬","一、丙○○基於意圖散布於眾之概括犯意：
（一）先於民國八十八年九月三日十一時許，至己○○所經營位於臺北縣新莊市○○
      路○○○號一樓瀚霖企業有限公司（下稱瀚霖公司）辦公室內，指稱：「己○
      ○、乙○○夫婦以恐嚇及仙人跳等方式欲向勒索新台幣（下同）一千萬元」、
      「己○○、乙○○夫婦係一對狗男女」等足以毀損己○○、乙○○名譽之事。
（二）嗣於同年月十二日二十二時許，在臺北市○○○路「快樂谷」舞廳，向己○○
      之客戶丁○○陳述：「己○○、乙○○夫婦向其恐嚇、勒索一千萬」之足以毀
      損己○○、乙○○名譽之事。
二、案經己○○、乙○○訴由臺灣板橋地方法...","原判決撤銷。
丙○○連續意圖散布於眾，而指摘足以毀損他人名譽之事，處拘役肆拾日，如易科罰
金以叄佰元折算壹日。",,https://judgment.judicial.gov.tw/FJUD/data.aspx?ty=JD&id=PCDM%2c89%2c%e7%b0%a1%e4%b8%8a%2c244%2c20000731%2c1&ot=in
福建金門地方法院 88 年度 易 字第 5 號刑事判決,89.07.31,妨害名譽,,,,,,"少數『不肖分子 | 詐財 | 該人自告奮勇為某死者家屬寫訴訟狀，
    事先言明分文不取，事後以各種名義向家屬借貸約三、四十萬 | 在街坊上人潮強強滾，圍觀者有三、四十人正
    在討論『訟棍詐財","一、乙○○前曾於民國八十五年間因犯妨害自由罪，經臺灣高等法院判處有期徒刑三
    月確定，並於八十六年四月十日執行完畢，猶不知悔改，因不滿甲○○於八十七
    年一月八日報警查獲其恫嚇索款事，竟利用任職金門時報擔任採訪主任兼總編輯
    之記者身分乃意圖散布於眾，於八十七年一月十八日之金門時報第二版，散布文
    字刊登「少數『不肖分子』假借清新形象，私下卻趁機向死者家屬『詐財』，偽
    善一面原形畢露」之顯著標題，並指摘「該人自告奮勇為某死者家屬寫訴訟狀，
    事先言明分文不取，事後以各種名義向家屬借貸約三、四十萬」等使讀者一望即
    知係暗喻甲○○之文字，並述及「在街坊...","乙○○散布文字，指摘足以毀損他人名譽之事，累犯，處拘役伍拾日，如易科罰金以
參佰元折算壹日。",,https://judgment.judicial.gov.tw/FJUD/data.aspx?ty=JD&id=KMDM%2c88%2c%e6%98%93%2c5%2c20000731&ot=in
臺灣高等法院 高雄分院 89 年度 上易 字第 1564 號刑事判決,89.07.28,妨害名譽,,,,,,未明確提取,,上訴駁回。,,https://judgment.judicial.gov.tw/FJUD/data.aspx?ty=JD&id=KSHM%2c89%2c%e4%b8%8a%e6%98%93%2c1564%2c20000728&ot=in
臺灣臺中地方法院 89 年度 中簡上 字第 257 號刑事判決,89.07.28,妨害名譽,,,,,,未明確提取,及,"上訴駁回。
乙○○緩刑貳年。",,https://judgment.judicial.gov.tw/FJUD/data.aspx?ty=JD&id=TCDM%2c89%2c%e4%b8%ad%e7%b0%a1%e4%b8%8a%2c257%2c20000728&ot=in
臺灣屏東地方法院 89 年度 自 字第 67 號刑事判決,89.07.28,妨害名譽,,,,,,未明確提取,,無罪,,https://judgment.judicial.gov.tw/FJUD/data.aspx?ty=JD&id=PTDM%2c89%2c%e8%87%aa%2c67%2c20000728&ot=in
臺灣高等法院 89 年度 上易 字第 1990 號刑事判決,89.07.27,妨害名譽,,,,,,"警
    民家戶聯防 | 路障 | 路霸 | 該巷口路面突出
    部分，依當時核發七八－１２４使用執照，查該巷道係現有道路，現場路面設置
    障礙物，違反道路管理條例乙節，請養工處協調被授權單位松山區公所清除 | 經查
    主旨地點基地南側臨接八公尺道路【即敦化北路五十巷】，本局核發七八使字第
    一二四號使照竣工時，已打通舖築柏油路面及公共排水側溝，基地一樓西南側設
    置五部室外平面停車位，亦由此八公尺道路進出殆無疑義。蓋本案爭議部分業已
    釐清，與會單位據已確定本巷道水泥障礙物為既成巷道上所違規興建之突出物，
    請養工處於文到七日內依法拆除巷道上違規使用之水泥障礙物，使巷道恢復原狀
    供公共通行使用 | 市長區政說明會 | 辦理情形：本案係佔用道路設置停車場，仍請依市長裁示請交通大隊
    、養工處、建管處，必要時會同法規會以清除路霸名義予以拆除；市長裁示：本
    案請地政處鑑界後，依會勘結論辦理，如有違法情事，請交通大隊、養工處、建
    管處，必要時會同法規會以清除路霸名義予以拆除 | 市長區政說明會 | 路霸 | 特權路障 | （問：你在系爭地賣漢堡，該地何時加高？）答：約七十八年左右該路
    即已打通，建設公司將系爭地鋪高。問：鋪高後做車場？答：也放了一段時間後
    才做停車場 | 警民家戶聯防 | 警民家戶聯防 | 市長區政說明會 | 路霸 | 特權路障 | 警民家戶聯防","應依證據認定之，無證據不得推定其犯罪事實，刑事訴訟法第一百五
    十四條定有明文。又認定不利於被告之事實，須依積極證據，茍積極證據不足為
    不利於被告事實之認定時，即應為有利於被告之認定，更不必有何有利之證據；
    且刑事訴訟法上所謂認定犯罪事實之積極證據，係指適合於被告犯罪事實之認定
    之積極證據而言，雖不以直接證據為限，間接證據亦包括在內，然而無論直接或
    間接證據，其為訴訟上之證明，須於通常一般之人均不致有所懷疑，而得確信其
    為真實之程度者，始得據為有罪之認定，倘其證明尚未達到此一程度，而有合理
    之懷疑存在時，自不能以推測或擬制之方法，以為有罪裁...",上訴駁回。,,https://judgment.judicial.gov.tw/FJUD/data.aspx?ty=JD&id=TPHM%2c89%2c%e4%b8%8a%e6%98%93%2c1990%2c20000727&ot=in
臺灣臺中地方法院 89 年度 簡 字第 46 號刑事判決,89.07.27,妨害名譽,,,,,,未明確提取,及,公然侮辱,,https://judgment.judicial.gov.tw/FJUD/data.aspx?ty=JD&id=TCDM%2c89%2c%e7%b0%a1%2c46%2c20000727&ot=in
臺灣臺南地方法院 89 年度 易 字第 1232 號刑事判決,89.07.27,妨害名譽,,,,,,未明確提取,二、案經甲○○訴請台灣台南地方法院檢察署檢察官偵查起訴。,"乙○○散布文字，而指摘足以毀損他人名譽之事，處有期徒刑叁月，如易科金，以叁
佰元折算壹日。",,https://judgment.judicial.gov.tw/FJUD/data.aspx?ty=JD&id=TNDM%2c89%2c%e6%98%93%2c1232%2c20000727&ot=in
臺灣基隆地方法院 89 年度 簡上 字第 115 號刑事判決,89.07.26,妨害名譽,,,,,,未明確提取,及,上訴駁回。,,https://judgment.judicial.gov.tw/FJUD/data.aspx?ty=JD&id=KLDM%2c89%2c%e7%b0%a1%e4%b8%8a%2c115%2c20000726%2c1&ot=in
臺灣新竹地方法院 89 年度 易 字第 470 號刑事判決,89.07.26,妨害名譽,,,,,,能證明其為真實者,"一、本件公訴意旨略以：被告丙○○明知告訴人甲○○並未積欠其債務，竟於民國八
    十八年三月八日十時許，前往告訴人所居住位於新竹市○○路○段山海關社區之
    警衛室，○○○區○○○○路人面前指稱告訴人積欠其新台幣（下同）二百萬元
    ，並要告訴人償還等語，因認被告涉有刑法第三百十條第一項之誹謗罪等語。
二、按犯罪事實應依證據認定之，無證據不得推定其犯罪事實，刑事訴訟法第一百五
    十四條定有明文。又認定不利於被告之事實，須依積極證據，苟積極證據不足為
    不利於被告事實之認定時，即應為有利於被告之認定，更不必有何有利之證據；
    認定犯罪事實應依證據，為刑事訴訟法所明定，...",無罪,,https://judgment.judicial.gov.tw/FJUD/data.aspx?ty=JD&id=SCDM%2c89%2c%e6%98%93%2c470%2c20000726&ot=in
臺灣基隆地方法院 88 年度 基簡 字第 811 號刑事判決,89.07.26,妨害名譽,,,,,,未明確提取,及,"乙○○意圖散布於眾，而傳述足以毀損他人名譽之事，處拘役貳拾日，如易科罰金以
參佰元折算壹日；又以加害身體之事，恐嚇他人，致生危害於安全，處拘役貳拾日，
如易科罰金，以叁佰元折算壹日。應執行拘役參拾日，如易科罰金，以叁佰元折算壹
日。",,https://judgment.judicial.gov.tw/FJUD/data.aspx?ty=JD&id=KLDM%2c88%2c%e5%9f%ba%e7%b0%a1%2c811%2c20000726%2c1&ot=in
臺灣臺北地方法院 89 年度 易 字第 1551 號刑事判決,89.07.20,妨害名譽,,,,,,未明確提取,,本件公訴不受理。,,https://judgment.judicial.gov.tw/FJUD/data.aspx?ty=JD&id=TPDM%2c89%2c%e6%98%93%2c1551%2c20000720&ot=in
臺灣新竹地方法院 89 年度 自 字第 63 號刑事判決,89.07.20,妨害名譽,,,,,,未明確提取,,無罪,,https://judgment.judicial.gov.tw/FJUD/data.aspx?ty=JD&id=SCDM%2c89%2c%e8%87%aa%2c63%2c20000720&ot=in
臺灣高等法院 臺中分院 89 年度 聲再 字第 167 號刑事裁定,89.07.19,妨害名譽聲請再審,,,,,,未明確提取,,再審之聲請駁回。,,https://judgment.judicial.gov.tw/FJUD/data.aspx?ty=JD&id=TCHM%2c89%2c%e8%81%b2%e5%86%8d%2c167%2c20000719&ot=in
臺灣高等法院 臺中分院 89 年度 附民上 字第 360 號刑事判決,89.07.19,妨害名譽,,,,,,未明確提取,"一、本件上訴人即原告（以下簡稱為上訴人）上訴聲明求為判決：（一）原判決廢棄
    ，（二）被告等應各給付上訴人新台幣一千萬元，及自起訴狀繕本送達翌日起至
    清償日止，按年息百分之五計算之利息，（三）願供擔保，請准為假執行宣告。
    其上訴",上訴駁回。,,https://judgment.judicial.gov.tw/FJUD/data.aspx?ty=JD&id=TCHM%2c89%2c%e9%99%84%e6%b0%91%e4%b8%8a%2c360%2c20000719&ot=in
臺灣高等法院 高雄分院 89 年度 上易 字第 990 號刑事判決,89.07.19,妨害名譽,,,,,,"原○○○鄉○○村○○路○號許錦娘嫁出去給（那個、那
    個）回來用盡辦法，要強取娘家財產，已夠違反社會心態，很會到處煽動造謠，
    返娘家背祖，背情義的她已夠毒了，相信無人能了解她的真面目，兩三年前服務
    於屏東地政事務所，替人辦過業務發生大問題，遭人給送法院告訴，才混到此地
    崇文國小當工友，我違恐汙染貴地方，請咱們鄉親（留意）此人居住萬丹鄉‧‧
    最恐怖的，八十八年十月十三日還要請證人幫取娘家全部家產，若是平分，每人
    可得土地只有數坪而已，他們心內為何那麼髒貪想法！一生專心破害家庭等，並
    且連接這波的無天無良事件，來逆天逆地的事都敢做，此段是她做人做事，盼望
    社會人士做個公論。","一、甲○○與其胞妹許錦娘因繼承遺產之事滋生糾紛，竟於八十八年十月十日左右，
    在屏東縣東港鎮印製『原○○○鄉○○村○○路○號許錦娘嫁出去給（那個、那
    個）回來用盡辦法，要強取娘家財產，已夠違反社會心態，很會到處煽動造謠，
    返娘家背祖，背情義的她已夠毒了，相信無人能了解她的真面目，兩三年前服務
    於屏東地政事務所，替人辦過業務發生大問題，遭人給送法院告訴，才混到此地
    崇文國小當工友，我違恐汙染貴地方，請咱們鄉親（留意）此人居住萬丹鄉‧‧
    最恐怖的，八十八年十月十三日還要請證人幫取娘家全部家產，若是平分，每人
    可得土地只有數坪而已，他們心內為何那...",上訴駁回。,,https://judgment.judicial.gov.tw/FJUD/data.aspx?ty=JD&id=KSHM%2c89%2c%e4%b8%8a%e6%98%93%2c990%2c20000719&ot=in
臺灣臺中地方法院 88 年度 易 字第 3095 號刑事判決,89.07.19,妨害名譽,,,,,,未明確提取,,無罪,,https://judgment.judicial.gov.tw/FJUD/data.aspx?ty=JD&id=TCDM%2c88%2c%e6%98%93%2c3095%2c20000719&ot=in
臺灣臺中地方法院 89 年度 自 字第 203 號刑事判決,89.07.19,妨害名譽,,,,,,"我不認識你 | 一位不乖，被整肅教師的
    心聲 | 整肅異己 | 在八十七年看到學生因服裝儀容不
    整，因請假問題‧‧‧因許多芝麻蒜皮的事，學生畢不了業‧‧‧‧ | 公器私用的國中","，以達扭曲事實和誹謗自訴人之目
    的。又被告乙○○於八十八年五月一日上午八時導師時間全校實施教孝月讀書心
    得測驗，於發現班長正宣佈答案讓全班同學作弊時，竟故意說「我不認識你」而
    離開教室，有縱容學生作弊之故意，而自訴人本於職責請被告乙○○改進，竟遭
    被告乙○○歪曲事實狀告丙○○○，並於市議會提出質詢，且報導於媒體，使自
    訴人名譽受損。被告乙○○又於八十八年八月三十日立人國中八十八年學年度第
    一學期期初校務會議中，公然向全體教職員散發題為「一位不乖，被整肅教師的
    心聲」文宣，文中稱自訴人「整肅異己」及「在八十七年看到學生因服裝儀容不
    ...",無罪,,https://judgment.judicial.gov.tw/FJUD/data.aspx?ty=JD&id=TCDM%2c89%2c%e8%87%aa%2c203%2c20000719&ot=in
臺灣高等法院 89 年度 附民上 字第 72 號刑事判決,89.07.18,妨害名譽,,,,,,有伴生活大廈,"甲、上訴人方面：
一、上訴人提起上訴聲明求為判決將第一審之判決廢棄，被上訴人應給付原告每人各
    新台幣（以下同）五十萬元，均自起訴狀繕本送達翌日起至清償日止，按週年利
    率百分之五計算之利息，又被上訴人並應於「有伴生活大廈」社區公告上向全體
    住戶澄清，並向第一、二、三屆管理委員道歉，另被上訴人應於中國時報、聯合
    報及自由時報第一版刊登道歉啟事，訴訟費用由被上訴人負擔。
二、其事實陳述略稱：援引原審時所為之陳述。而求為判決如訴之聲明，並援用刑事
    訴訟之證據。
乙、被上訴人方面：
  被上訴人未提書狀，亦未作何陳述，惟依其在刑事訴訟之陳述，否認有何侵權行為
  ...",上訴駁回。,,https://judgment.judicial.gov.tw/FJUD/data.aspx?ty=JD&id=TPHM%2c89%2c%e9%99%84%e6%b0%91%e4%b8%8a%2c72%2c20000718&ot=in
臺灣高等法院 臺中分院 89 年度 上易 字第 1994 號刑事判決,89.07.18,妨害名譽,,,,,,"我不認識你 | 一位不乖，被整肅教師的心聲 | 整肅異己 | 在八十七年看到學生因服裝儀容不整，因請假問題‧
    ‧‧因許多芝麻蒜皮的事，學生畢不了業‧‧‧‧ | 公器私用的國中 | 教孝月讀書心得測驗 | 我的說明 | 對權勢黑暗的深刻感受 | 在
    遭受整肅迫害 | 加害者囂張狂妄 | 怎麼會有這麼惡質的人 | 他愛怎
    麼做就怎麼做 | 陳進興 | 極權獨裁能夠維持 | 白色恐怖會發生 | 壞人才會猖狂 | 壞人才會得逞 | 借刀殺人 | 一位不乖，被整肅教師的心聲","，以達扭曲事實和誹謗自訴人之目的。又被告乙○○於
    八十八年五月一日上午八時導師時間全校實施教孝月讀書心得測驗時，雖發現班
    長正宣佈答案讓全班同學作弊，竟仍故意說「我不認識你」而離開教室，有縱容
    學生作弊之故意，而自訴人本於職責請被告乙○○改進，竟遭被告乙○○歪曲事
    實狀告張廖萬堅，並於市議會提出質詢，且報導於媒體，使自訴人名譽受損。被
    告乙○○又於八十八年八月三十日立人國中八十八年學年度第一學期期初校務會
    議中，公然向全體教職員散發題為「一位不乖，被整肅教師的心聲」文宣，文中
    稱自訴人「整肅異己」及「在八十七年看到學生因服裝儀容不整，因請...",上訴駁回。,,https://judgment.judicial.gov.tw/FJUD/data.aspx?ty=JD&id=TCHM%2c89%2c%e4%b8%8a%e6%98%93%2c1994%2c20000718&ot=in
臺灣新北地方法院 89 年度 易 字第 2142 號刑事判決,89.07.18,妨害名譽,,,,,,未明確提取,,本件公訴不受理。,,https://judgment.judicial.gov.tw/FJUD/data.aspx?ty=JD&id=PCDM%2c89%2c%e6%98%93%2c2142%2c20000718&ot=in
臺灣高等法院 高雄分院 89 年度 上易 字第 937 號刑事裁定,89.07.14,妨害名譽,,,,,,未明確提取,,本判決,,https://judgment.judicial.gov.tw/FJUD/data.aspx?ty=JD&id=KSHM%2c89%2c%e4%b8%8a%e6%98%93%2c937%2c20000714&ot=in
臺灣高等法院 臺中分院 89 年度 上易 字第 1974 號刑事判決,89.07.14,妨害名譽,,,,,,你有幾個爸爸﹖一下子死，一下子怎樣 | 你以仙人跳要錢,"甲○○○係鄭邦智之妻，緣因鄭邦智曾自民國八十六年五月起，至八十八年三月間止
，與乙○○之母黃浥淳有妨害婚姻之犯行，經乙○○之父盧榮煇提出告訴，由臺灣臺
中地方法院檢察署檢察官起訴後，鄭邦智為臺灣臺中地方法院判處有期徒刑三月。乙
○○則於八十九年三月七日，具狀向臺灣臺中地方法院提起損害賠償之民事訴訟，請
求鄭邦智給付新台幣一百萬元，經同法院以八十九年度訴字第七七七號審理此一民事
事件，並定於八十九年四月五日進行審理，當日該案之被告鄭邦智並未出庭，而委由
其配偶甲○○○為代理人代為出庭應訊，該案當日下午三時許，在同法院民事第一法
庭進行公開審理，不特定人均得在場旁聽而得共見共聞，甲○○○竟公然對乙...",公然侮辱,,https://judgment.judicial.gov.tw/FJUD/data.aspx?ty=JD&id=TCHM%2c89%2c%e4%b8%8a%e6%98%93%2c1974%2c20000714&ot=in
臺灣臺中地方法院 89 年度 易 字第 1796 號刑事判決,89.07.14,妨害名譽,,,,,,"你們都知道，你爸媽沒離婚，你們的作
    為就像仙人跳 | 你爸爸到底是那一個﹖是離婚的那個，還是過世的那個﹖ | 仙人跳 | 仙人跳 | 該錄音帶已銷毀許久（因結案即可銷毀） | 你有幾個爸爸﹖一下子死，
    一下子怎樣 | 你以仙人跳要錢 | 你有幾個爸爸﹖一下子死，一
      下子怎樣 | 你以仙人跳要錢 | 你有幾個爸爸﹖一下子死，一下子怎樣 | 你以仙人跳要錢","應依證據認定之，無證據不得推定其犯罪事實；不能證明被告犯罪者
    ，應諭知無罪之判決，刑事訴訟法第一百五十四條、第三百零一條第一項分別定
    有明文。又認定不利於被告之事實，須依積極證據，苟積極證據不足為不利於被
    告事實之認定時，即應為有利於被告之認定，更不必有何有利之證據；認定犯罪
    事實所憑之證據，雖不以直接證據為限，間接證據亦包括在內，然而無論直接或
    間接證據，其為訴訟上之證明，須於通常一般之人均不致有所懷疑，而得確信為
    真實之程度者，始得據為有罪之認定；再事實之認定，應憑證據，如未能發現相
    當證據，或證據不足以證明，自不能以推測或擬制之方法...",無罪,,https://judgment.judicial.gov.tw/FJUD/data.aspx?ty=JD&id=TCDM%2c89%2c%e6%98%93%2c1796%2c20000714&ot=in
臺灣高等法院 89 年度 上易 字第 3576 號刑事判決,89.07.13,妨害名譽,,,,,,未明確提取,及,上訴駁回。,,https://judgment.judicial.gov.tw/FJUD/data.aspx?ty=JD&id=TPHM%2c89%2c%e4%b8%8a%e6%98%93%2c3576%2c20000713&ot=in
臺灣新竹地方法院 89 年度 自 字第 53 號刑事裁定,89.07.13,妨害名譽,,,,,,未明確提取,,,,https://judgment.judicial.gov.tw/FJUD/data.aspx?ty=JD&id=SCDM%2c89%2c%e8%87%aa%2c53%2c20000713&ot=in
臺灣新北地方法院 89 年度 易 字第 2011 號刑事判決,89.07.13,妨害名譽,,,,,,"民族里辦公室 | 妳討客兄、妳去死啦
、妳去給人幹死啦","丙○○與乙○○間因事而有摩擦，丙○○竟於民國八十九年一月二十八日二十三時五
十分許，至臺北縣永和市○○街○○○巷○○號之「民族里辦公室」，在不特定人或
多數人得以共見共聞之狀況下，基於侮辱之犯意，公然以臺語「妳討客兄、妳去死啦
、妳去給人幹死啦」等足以貶抑乙○○人格價值及聲譽之言語，大聲辱罵乙○○。案
經被害人乙○○訴由臺灣板橋地方法院檢察署檢察官偵查起訴。",公然侮辱,,https://judgment.judicial.gov.tw/FJUD/data.aspx?ty=JD&id=PCDM%2c89%2c%e6%98%93%2c2011%2c20000713&ot=in
臺灣臺中地方法院 89 年度 易 字第 1622 號刑事判決,89.07.11,妨害名譽,,,,,,未明確提取,,本件公訴不受理。,,https://judgment.judicial.gov.tw/FJUD/data.aspx?ty=JD&id=TCDM%2c89%2c%e6%98%93%2c1622%2c20000711&ot=in
臺灣高等法院 89 年度 重附民 字第 65 號刑事裁定,89.07.10,妨害名譽,,,,,,未明確提取,,,,https://judgment.judicial.gov.tw/FJUD/data.aspx?ty=JD&id=TPHM%2c89%2c%e9%87%8d%e9%99%84%e6%b0%91%2c65%2c20000710&ot=in
臺灣高等法院 89 年度 附民 字第 174 號刑事裁定,89.07.07,妨害名譽,,,,,,未明確提取,,,,https://judgment.judicial.gov.tw/FJUD/data.aspx?ty=JD&id=TPHM%2c89%2c%e9%99%84%e6%b0%91%2c174%2c20000707&ot=in
臺灣臺中地方法院 89 年度 中簡上 字第 256 號刑事判決,89.07.04,妨害名譽,,,,,,未明確提取,及,上訴駁回。,,https://judgment.judicial.gov.tw/FJUD/data.aspx?ty=JD&id=TCDM%2c89%2c%e4%b8%ad%e7%b0%a1%e4%b8%8a%2c256%2c20000704&ot=in
臺灣高等法院 89 年度 上易 字第 1872 號刑事判決,89.07.03,妨害名譽,,,,,,"兩造婚後，上訴人即逐漸顯露
    其劣根性惡習，經常約一群朋友至家中聚賭打麻將，起初是小賭，後來輸贏漸大
    ，久而久之，上訴人竟棄正職於不顧，除此之外，上訴人於婚前有積欠一些債務
    ，致家中隨時有人上門討債，而上訴人於生活中如有不如意，就會暴跳如雷，並
    且會無緣無故地毆打被上訴人，事後才又低聲下氣向被上訴人要求原諒，如此之
    生活週而復始，兩造之長子於民國00年0月00日出生後，上訴人之行為非但
    未見改善，反而變本加厲：：： | 兩造婚後，上訴人即逐漸顯露其劣根性惡習，經常約一群朋友至家中聚賭打麻將
    ，起初是小賭，後來輸贏漸大，久而久之，上訴人竟棄正職於不顧，除此之外，
    上訴人於婚前有積欠一些債務，致家中隨時有人上門討債，而上訴人於生活中如
    有不如意，就會暴跳如雷，並且會無緣無故地毆打被上訴人，事後才又低聲下氣
    向被上訴人要求原諒，如此之生活週而復始，兩造之長子於民國00年0月00
    日出生後，上訴人之行為非但未見改善，反而變本加厲：：： | 以善意發
    表言論，而有因自衛、自辯或保護合法之利益之情形者，不罰 | 善意","上果已
    散布於眾，或為眾所周知者為限。又因自衛、自辯或保護合法之利益，以善意發
    表之言論，不罰，刑法第三百十一條固定有明文。惟所謂善意，係惡意之對，乃
    指行為人並無害惡於他人之意。本件被告企圖以「兩造婚後，上訴人即逐漸顯露
    其劣根性惡習，經常約一群朋友至家中聚賭打麻將，起初是小賭，後來輸贏漸大
    ，久而久之，上訴人竟棄正職於不顧，除此之外，上訴人於婚前有積欠一些債務
    ，致家中隨時有人上門討債，而上訴人於生活中如有不如意，就會暴跳如雷，並
    且會無緣無故地毆打被上訴人，事後才又低聲下氣向被上訴人要求原諒，如此之
    生活週而復始，兩造之長子...",上訴駁回。,,https://judgment.judicial.gov.tw/FJUD/data.aspx?ty=JD&id=TPHM%2c89%2c%e4%b8%8a%e6%98%93%2c1872%2c20000703&ot=in
臺灣新竹地方法院 89 年度 自 字第 9 號刑事判決,89.07.01,妨害名譽,,,,,,養父母像養二條狗一樣,"一、戊○○為甲○○、丙○○之子，其與甲○○、丙○○及其他兄弟姊妹早因家產析
    離之事而生有爭執。又因其母丙○○所有之土地為新竹縣政府徵收，其上之地上
    物補償由戊○○提出異議而發生爭議，遂由丙○○授權其夫甲○○及證人丁○○
    ，於民國八十八年七月二十一日上午九時三十分許，在新竹縣政府地政科中庭之
    公共場所進行協調。因戊○○執意親自與丙○○協調，不願與甲○○及丁○○協
    調，甲○○與戊○○乃發生口角，時戊○○即以「養父母像養二條狗一樣」之足
    以貶損甲○○之言語，公然侮辱甲○○。
二、案經甲○○提起自訴。",公然侮辱,,https://judgment.judicial.gov.tw/FJUD/data.aspx?ty=JD&id=SCDM%2c89%2c%e8%87%aa%2c9%2c20000701&ot=in
臺灣高等法院 高雄分院 89 年度 附民 字第 116 號刑事判決,89.06.30,妨害名譽,,,,,,"Ａ國民黨為外來政權，滾回大陸去，你
    是老兵，滾","甲、原告方面：
一、聲明：被告應賠償原告新台幣（以下同）三十萬元，並自起訴狀副本送達（八十
    九年六月二十一日送達）翌日起至清償日止按年息百分之五計算之利息；並願供
    擔保，聲請宣告假執行。
二、陳述：被告於八十八年十月三日二十時二十四分許，在高雄市○○區○○街○○
    ○巷一之四號五樓走廊上，向原告辱罵「Ａ國民黨為外來政權，滾回大陸去，你
    是老兵，滾」等語，使原告內心至感痛苦，情何以堪，案經檢察官依刑法第三百
    零九條第一項公然侮辱罪提起公訴，爰求為判決如訴之聲明。
乙、被告方面：未為任何聲明或陳述，亦未提出任何書狀。","被告應給付原告新臺幣伍仟元，及自八十九年六月二十二日起至清償日止，按年息百
分之五計算之利息。
原告其餘之訴駁回。",,https://judgment.judicial.gov.tw/FJUD/data.aspx?ty=JD&id=KSHM%2c89%2c%e9%99%84%e6%b0%91%2c116%2c20000630&ot=in
臺灣高等法院 89 年度 上易 字第 2801 號刑事判決,89.06.30,妨害名譽,,,,,,未明確提取,,上訴駁回。,,https://judgment.judicial.gov.tw/FJUD/data.aspx?ty=JD&id=TPHM%2c89%2c%e4%b8%8a%e6%98%93%2c2801%2c20000630&ot=in
臺灣高等法院 高雄分院 89 年度 上易 字第 937 號刑事判決,89.06.30,妨害名譽,,,,,,滾回大陸去，你是老兵，滾,"一、乙○○於民國八十八年十月三日下午八時二十四分許，在高雄市○○區○○街○
    ○○巷一之四號五樓走廊上，與鄰居甲○○因故發生爭執，竟公然辱罵甲○○「
    滾回大陸去，你是老兵，滾」等語，而對之公然侮辱。
二、案經告訴人甲○○訴由台灣高雄地方法院檢察署檢察官偵查起訴。",公然侮辱,,https://judgment.judicial.gov.tw/FJUD/data.aspx?ty=JD&id=KSHM%2c89%2c%e4%b8%8a%e6%98%93%2c937%2c20000630&ot=in
臺灣高等法院 89 年度 上易 字第 2007 號刑事判決,89.06.30,妨害名譽,,,,,,未明確提取,及,上訴駁回。,,https://judgment.judicial.gov.tw/FJUD/data.aspx?ty=JD&id=TPHM%2c89%2c%e4%b8%8a%e6%98%93%2c2007%2c20000630&ot=in
臺灣臺北地方法院 88 年度 附民 字第 129 號刑事裁定,89.06.30,因妨害名譽案附帶民訴,,,,,,未明確提取,,,,https://judgment.judicial.gov.tw/FJUD/data.aspx?ty=JD&id=TPDM%2c88%2c%e9%99%84%e6%b0%91%2c129%2c20000630&ot=in
臺灣彰化地方法院 89 年度 簡上 字第 93 號刑事判決,89.06.30,妨害名譽,,,,,,未明確提取,及,上訴駁回。,,https://judgment.judicial.gov.tw/FJUD/data.aspx?ty=JD&id=CHDM%2c89%2c%e7%b0%a1%e4%b8%8a%2c93%2c20000630&ot=in
臺灣臺北地方法院 88 年度 易 字第 385 號刑事判決,89.06.30,妨害名譽,,,,,,"常仁 | 八里建港填海造路，黑白來，廢土場變聚寶盒 | 八里建
    港，惡霸地主暴力勒索，包商人人自危 | 賺錢
    優先","一、己○○係獨家報導週刊社之文字記者，於民國八十五年間以「常仁」之筆名，負
    責獨家報導週刊中有關黑道治鄉內幕追蹤系列報導之撰稿，其身為中華民國記者
    ，當明知撰寫報導內容時，應遵守中國新聞記者信條之規範，對於其所發表之新
    聞內容，均應事先詳查確實，不得未經查證即予報導，乃竟於台北縣八里鄉聽聞
    不詳人士表示八里鄉淡水河口國際商港興建工程中，有黑道人士及該鄉鄉長丙○
    參與廢土填海工程之瓜分，並曾發生持槍警告，及鄉長之弟戊○○在一次糾紛中
    遭黑道份子打得頭破血流等糾紛之不實消息時，未經向相關工程主管單位、警察
    機關、張恆及其他相關人士查證，竟意圖...","己○○散布文字，指摘及傳述足以毀損他人名譽之事，處拘役伍拾日，如易科罰金，
以參佰元折算壹日。",,https://judgment.judicial.gov.tw/FJUD/data.aspx?ty=JD&id=TPDM%2c88%2c%e6%98%93%2c385%2c20000630&ot=in
臺灣高等法院 臺中分院 89 年度 聲再 字第 160 號刑事裁定,89.06.29,妨害名譽聲請再審,,,,,,未明確提取,,再審之聲請駁回。,,https://judgment.judicial.gov.tw/FJUD/data.aspx?ty=JD&id=TCHM%2c89%2c%e8%81%b2%e5%86%8d%2c160%2c20000629&ot=in
臺灣高雄地方法院 89 年度 自 字第 268 號刑事判決,89.06.29,妨害名譽,,,,,,未明確提取,,本件自訴不受理。,,https://judgment.judicial.gov.tw/FJUD/data.aspx?ty=JD&id=KSDM%2c89%2c%e8%87%aa%2c268%2c20000629&ot=in
臺灣高等法院 89 年度 附民 字第 260 號刑事判決,89.06.27,妨害名譽,,,,,,未明確提取,"一、原告聲明求為判決，被告應賠償原告新台幣（下同）一百萬元及自訴狀繕本送達
    翌日起至清償日止按年息百分之五計算之利息，原告願供擔保，請准宣告假執行
    ，其事實上陳述略稱，被告妨害原告名譽，侵害原告權利，刑事部分原審判決被
    告無罪，原告不服，已提起上訴，爰求為判決如訴之聲明：並援用刑事訴訟之證
    據。
二、被告未提出書狀，亦未作何陳述，惟依其在刑事訴訟之陳述，不承認有何侵權行
    為。",原告之訴及假執行之聲請均駁回。,,https://judgment.judicial.gov.tw/FJUD/data.aspx?ty=JD&id=TPHM%2c89%2c%e9%99%84%e6%b0%91%2c260%2c20000627&ot=in
臺灣高等法院 89 年度 上易 字第 1544 號刑事判決,89.06.27,妨害名譽,,,,,,"‧‧‧黃律師（即乙○○）為
    何不幫她的當事人陳先生爭取事情，反而幫著銀行來做這件事，如果這威脅的情
    況發生的話，我懷疑這裡面是不是有犯意聯絡、犯罪行為分工的情況‧‧‧","一、緣丙○○前因受法國國家巴黎銀行（以下簡稱巴黎銀行）委任擔任台灣台北地方
    法院八十八年度易字第九五○號刑事案件（該案件被告係陳百瑞，案由係詐欺等
    ，又陳百瑞於該案件係委任乙○○為選任辯護人）之告訴代理人，而於民國八十
    八年五月十二日下午二時三十分許，至該院第十九法庭出庭應訊。詎丙○○竟於
    上開時、地之公開場合，意圖散布於眾，指稱：「‧‧‧黃律師（即乙○○）為
    何不幫她的當事人陳先生爭取事情，反而幫著銀行來做這件事，如果這威脅的情
    況發生的話，我懷疑這裡面是不是有犯意聯絡、犯罪行為分工的情況‧‧‧」等
    語，而指摘該案件之選任辯護人乙○○涉...","上訴駁回。
丙○○緩刑貳年。",,https://judgment.judicial.gov.tw/FJUD/data.aspx?ty=JD&id=TPHM%2c89%2c%e4%b8%8a%e6%98%93%2c1544%2c20000627&ot=in
臺灣高等法院 89 年度 上易 字第 1749 號刑事判決,89.06.27,妨害名譽,,,,,,"此乃她以自己的行徑卑劣，來猜別人也會像她一樣賴帳 | 乙○○
    以欺騙人的手段騙說要開收據（連同過去所付的）給我，結果卻以整人的方式，
    害本人的票子跳票 | 一、台端八七年七月十五日施工前，既無估價單也無本人之
    施工簽名，擅自施工，何謂受本人之委託，又何來工程完工之總工程款？．．三
    、另台端在管理房屋施工期間，台端將本人鑰匙交他人，本人一０四號二樓房屋
    ，遭人翻箱倒櫃，遺失本人所有之老母遺物小皮箱一個，內有銀元陸拾餘枚、玉
    片參拾多個及聖母十字架鍊一條，另福州杉大木箱一個，內有珍貴布匹數匹及老
    母全新絲棉襖一件，價值超過新台幣參拾伍萬元以上，依法台端應付賠償責任，
    亦請一併支付．． | 丙○ | 丙○、陳催慶 | 丙○、陳催慶 | 陳催慶","，足以毀損告訴人
    之名譽，因認被告涉有刑法第三百十條第二項之誹謗罪嫌。
二、按犯罪事實應依證據認定之，無證據不得推定其犯罪事實；又不能證明被告犯罪
    者，應諭知無罪之判決，刑事訴訟法第一百五十四條、第三百零一條第一項分別
    定有明文。
三、訊據被告堅決否認有何誹謗犯行，辯稱：伊先生承包告訴人家之裝潢、整修工程
    ，告訴人尚欠工程款新台幣（以下同）五十幾萬元未付，因伊先生要先付工人工
    資，伊乃於八十七年九月底向告訴人即會首說要標二萬元之互助會，告訴人卻說
    會員不同意伊標會，但伊算過當時伊要競標的是第十六次之開標，依互助會規則
    伊可以競標，告訴人竟...",上訴駁回。,,https://judgment.judicial.gov.tw/FJUD/data.aspx?ty=JD&id=TPHM%2c89%2c%e4%b8%8a%e6%98%93%2c1749%2c20000627&ot=in
臺灣高等法院 88 年度 上易 字第 5429 號刑事判決,89.06.26,妨害名譽,,,,,,"給各位家長的一封信 | 受傷的第二天乙
    ○○園長來家中探望，對小孩當面承諾說要帶班上要好的同學來看望，孩子在林
    園長約定的時間內盼望，結果盼望竟然落空了，甚至連一通關心慰問的電話都沒
    有 | 一個多月了，園方竟然是不聞不問未曾再來探視小孩，更連
    一通關心的電話都沒有 | 今天把我們遭受園方這般無情義對待的
    真相公諸社會大眾知曉，祇是要提醒家長們，您能接受一個不負責任的學校加上
    沒有愛心及良心的園長來教育照顧您們的心肝寶貝嗎﹖ | 給各位家長的一封信 | http:// www.allyes.com.tw/edu/0924/Defauit.htm","一、甲○○之子余政煌於民國（下同）八十七年間就讀於自訴人乙○○所開設之位於
    桃○○○鄉○○路○號之愛彌兒幼稚園，詎甲○○因不滿其子余政煌於八十七年
    五月二十一日下午四時十五分許，在幼稚園內與其他小朋友拉扯致右手臂受傷骨
    折，明知余政煌受傷後之八十七年五月二十一日起至同年六月十日間，愛彌兒幼
    稚園之園長乙○○或當時在園內擔任余政煌導師之游玉琴老師均有多次至家中、
    醫院探望余政煌，或多次以電話聯絡關心余政煌之病情，並無不關心、不處理之
    態度，甲○○竟基於概括之犯意，意圖散布於眾，先於八十七年七月十日在桃園
    縣龜山地區，以夾報方式散布「給各位家...",上訴駁回。,,https://judgment.judicial.gov.tw/FJUD/data.aspx?ty=JD&id=TPHM%2c88%2c%e4%b8%8a%e6%98%93%2c5429%2c20000626&ot=in
臺灣高等法院 高雄分院 89 年度 附民上 字第 48 號刑事判決,89.06.23,妨害名譽,,,,,,未明確提取,"一、上訴人聲明求為判決：㈠原判決廢棄。㈡被上訴人應給付上訴人新台幣（下同）
    五十萬元，精神慰藉金五十萬元，合計一百萬元，並願供擔保，請准宣告假執行
    。其陳述略以：被告乙○○多次以文字散播於眾，涉嫌妨害上訴人之名譽，被告
    有妨害上訴人名譽之故意，多次惡意誹謗，並造成上訴人神經衰弱，精神上之痛
    苦。證據：引用刑事訴訟程序提出之相關證據。
二、被上訴人等未提出書狀，惟依其在刑事訴訟之陳述，不承認有毀謗之侵權行為。",上訴駁回。,,https://judgment.judicial.gov.tw/FJUD/data.aspx?ty=JD&id=KSHM%2c89%2c%e9%99%84%e6%b0%91%e4%b8%8a%2c48%2c20000623&ot=in
臺灣高等法院 高雄分院 89 年度 上易 字第 1244 號刑事判決,89.06.23,妨害名譽,,,,,,未明確提取,,上訴駁回。,,https://judgment.judicial.gov.tw/FJUD/data.aspx?ty=JD&id=KSHM%2c89%2c%e4%b8%8a%e6%98%93%2c1244%2c20000623&ot=in
臺灣新北地方法院 89 年度 易 字第 1872 號刑事判決,89.06.23,妨害名譽,,,,,,未明確提取,,本件公訴不受理。,,https://judgment.judicial.gov.tw/FJUD/data.aspx?ty=JD&id=PCDM%2c89%2c%e6%98%93%2c1872%2c20000623&ot=in
臺灣高雄地方法院 89 年度 附民 字第 286 號刑事判決,89.06.23,妨害名譽等,,,,,,"溢領 | 溢領 | 溢
        領","一、原告方面：
    (一)聲明：求為判決被告應給付原告新臺幣（下同）一百萬元，並願供擔保請准
        宣告假執行。
    (二)陳述：
        被告乙○○未經自訴人甲○○同意，亦未告知自訴人，即將錢存入原告郵局
        帳戶內，並先後六次來函催繳，稱原告「溢領」，並於民國八十九年二月二
        日又以存證信函簽名蓋章第七次毀謗原告「溢領」。被告明知原告並無「溢
        領」之事實，卻基於妨害原告名譽之故意，多次毀謗原告，並使人散佈，嚴
        重妨害原告名譽，並造成原告精神上極端之痛苦，故請求被告賠償原告名譽
        損失費五十萬元...",原告之訴及假執行之聲請均駁回。,,https://judgment.judicial.gov.tw/FJUD/data.aspx?ty=JD&id=KSDM%2c89%2c%e9%99%84%e6%b0%91%2c286%2c20000623&ot=in
臺灣高雄地方法院 89 年度 自 字第 114 號刑事判決,89.06.23,妨害名譽等,,,,,,未明確提取,,無罪,,https://judgment.judicial.gov.tw/FJUD/data.aspx?ty=JD&id=KSDM%2c89%2c%e8%87%aa%2c114%2c20000623&ot=in
臺灣高等法院 臺中分院 89 年度 聲再 字第 156 號刑事裁定,89.06.21,妨害名譽聲請再審,,,,,,未明確提取,"之認定，
    並以該證據已予提出，而被捨棄不予採用，並未敘明其捨棄之",再審之聲請駁回。,,https://judgment.judicial.gov.tw/FJUD/data.aspx?ty=JD&id=TCHM%2c89%2c%e8%81%b2%e5%86%8d%2c156%2c20000621&ot=in
臺灣南投地方法院 89 年度 簡上 字第 43 號刑事判決,89.06.21,妨害名譽,,,,,,未明確提取,"一、本案經本院審理結果，認第一審判決認事用法及量刑均無不當，應予維持，並引
    用第一審判決書記載之事實、證據及","上訴駁回。
甲○○緩刑貳年。",,https://judgment.judicial.gov.tw/FJUD/data.aspx?ty=JD&id=NTDM%2c89%2c%e7%b0%a1%e4%b8%8a%2c43%2c20000621&ot=in
臺灣屏東地方法院 89 年度 自 字第 23 號刑事判決,89.06.21,妨害名譽,,,,,,乙○○為屏東科技大學養殖系講師，學能不足，不知長進,"一、甲○○為國立屏東科技大學水產養殖系教授，乙○○為同校系講師。甲○○前因
    乙○○妨害其名譽，而向本院提起侵權行為損害賠償訴訟，案經上訴至臺灣高等
    法院高雄分院。詎甲○○竟於民國八十八年九月二十九日下午四時二十分許，該
    民事侵權行為損害賠償事件審理時，在臺灣高等法院高雄分院民事第四庭，公然
    以「乙○○為屏東科技大學養殖系講師，學能不足，不知長進」等語，侮辱乙○
    ○。
二、案經乙○○提起自訴。",公然侮辱,,https://judgment.judicial.gov.tw/FJUD/data.aspx?ty=JD&id=PTDM%2c89%2c%e8%87%aa%2c23%2c20000621&ot=in
臺灣新北地方法院 89 年度 易 字第 1765 號刑事判決,89.06.19,妨害名譽,,,,,,"花園廣場 | 甲○○○○鴨霸、中和市花園廣場地震後屋傾倒、家
    破人亡 | 甲○○○○中和市花園廣場財大勢大、漠視勞工權利、可憐無辜的
    市民訴求無門","一、丙○○係甲○○○○股份有限公司（下稱全宏鑫公司）所興建位於臺北縣中和市
    之「花園廣場」預售屋承購戶，民國八十八年九月二十一日大地震後，因其所購
    房屋發生牆壁、樑柱龜裂，地下室連續壁滲水等情形，遂與全宏鑫公司協調，惟
    雙方未獲結論。丙○○因此心生不滿，明知道路為公眾出入場所，竟意圖散布於
    眾，於小貨車上張貼書有「甲○○○○鴨霸、中和市花園廣場地震後屋傾倒、家
    破人亡」、「甲○○○○中和市花園廣場財大勢大、漠視勞工權利、可憐無辜的
    市民訴求無門」等文字之海報，而於八十九年一月二十八日上午九時許至下午三
    時許，僱請不知名之司機駕駛該小貨車，...","丙○○意圖散佈於眾，而指摘足以毀損他人名譽之事，處拘役貳拾日，如易科罰金以
參佰元折算壹日；緩刑貳年。",,https://judgment.judicial.gov.tw/FJUD/data.aspx?ty=JD&id=PCDM%2c89%2c%e6%98%93%2c1765%2c20000619&ot=in
臺灣高等法院 高雄分院 89 年度 上易 字第 1486 號刑事判決,89.06.16,妨害名譽,,,,,,未明確提取,"存在，因此，被告之辯解為可採；此外，又查無其他積極證據足以
    證明被告有誹謗犯行，原審因而諭知被告無罪之判決，核無不當，公訴人循告訴
    人之請求提起本件上訴，仍執前詞，認原審判決無罪為不當，請求撤銷改判，為
    無",上訴駁回。,,https://judgment.judicial.gov.tw/FJUD/data.aspx?ty=JD&id=KSHM%2c89%2c%e4%b8%8a%e6%98%93%2c1486%2c20000616&ot=in
臺灣高雄地方法院 89 年度 易 字第 2161 號刑事判決,89.06.16,妨害名譽,,,,,,未明確提取,,無罪,,https://judgment.judicial.gov.tw/FJUD/data.aspx?ty=JD&id=KSDM%2c89%2c%e6%98%93%2c2161%2c20000616&ot=in
臺灣嘉義地方法院 88 年度 易 字第 928 號刑事判決,89.06.16,妨害名譽,,,,,,"二二八紀念館為一人館，管理單位開支浮濫，收費毫無標準，有圖利他人
    ，偽造文書、貪污、背信 | 第一次在五月十八日，是請政風室就我
      到匿名檢舉金龍文教基金會一些弊案的電話作調查，當時我手上的資料均未公
      布，在五月十九日從報上提到金龍文教基金會說可能是一位黃姓離職員工的事
      ，之後我去了解才知道是丙○○ | 丙○○是在第二次質詢後，大約是在五
      月二十日或五月二十一日，：：他來找我，交給我二二八紀念館的財產目錄，
      及二二八紀念館辦活動的登記資料 | （問：匿名電話是誰打？）男女都有
      ，他們均稱是藝文界的人士，丙○○沒有打電話給我 | 第一次質詢後，我
      是在中國時報及自由時報上看到報導，才去查證丙○○這個人 | 文化中心
      舉辦的活動並不是由一人來決定，是由審查委員會決定，為什麼二二八紀念公
      園竟然沒有這麼做 | 第一點金龍文教基金員工圖利自己，第二點圖利他人，第
      三點有背信嫌疑，第四點有偽造文書嫌疑，第五點是恐嚇藝文界，第六點是牽
      涉到私人事件，不方便在此公告：： | 二二八紀念館為一人館，管理
      單位開支浮濫，收費毫無標準，有圖利他人，偽造文書、貪污、背信 | 二二八紀念館為一人館，管理單位開支浮濫，收費毫無標準，有圖利他人，
      偽造文書、貪污、背信 | 可受公評之事 | 適當之評論","，在嘉義市議會質詢時，當眾
    發表「二二八紀念館為一人館，管理單位開支浮濫，收費毫無標準，有圖利他人
    ，偽造文書、貪污、背信」等內容指摘金龍文教基金會及代表人不法具體事實之
    言論，並要求嘉義市政府調查，及作成決議，函送臺灣嘉義地方法院檢察署偵辦
    ，且經各報紙大肆報導，足以毀損金龍文教基金會及丁○○等之名譽，因認被告
    丙○○涉有刑法第三百十條第一項之誹謗罪嫌等語。
二、按犯罪事實應依證據認定之，無證據不得推定其犯罪事實。又不能證明被告犯罪
    者，應諭知無罪之判決，刑事訴訟法第一百五十四條、第三百零一條第一項分別
    定有明文。次按事實之認定，應憑證...",無罪,,https://judgment.judicial.gov.tw/FJUD/data.aspx?ty=JD&id=CYDM%2c88%2c%e6%98%93%2c928%2c20000616&ot=in
臺灣高等法院 89 年度 附民 字第 266 號刑事裁定,89.06.15,妨害名譽,,,,,,未明確提取,,,,https://judgment.judicial.gov.tw/FJUD/data.aspx?ty=JD&id=TPHM%2c89%2c%e9%99%84%e6%b0%91%2c266%2c20000615&ot=in
臺灣高雄地方法院 89 年度 附民 字第 331 號刑事裁定,89.06.15,妨害名譽,,,,,,未明確提取,,,,https://judgment.judicial.gov.tw/FJUD/data.aspx?ty=JD&id=KSDM%2c89%2c%e9%99%84%e6%b0%91%2c331%2c20000615&ot=in
臺灣高雄地方法院 89 年度 易 字第 1211 號刑事判決,89.06.15,妨害名譽,,,,,,幹你娘 | 你若不還我東西，你賊,"一、甲○○、乙○於民國八十八年十二月二十四日上午十一時二十分許，在台灣高雄
    地方法院檢察署第七偵查庭外，因不滿丙○○於庭上所為之供述，竟心生憤恨，
    繼而萌生侮辱之犯意，分別公然以「幹你娘」、「你若不還我東西，你賊」等語
    ，侮辱丙○○。
二、案經丙○○請檢察官偵查起訴。",公然侮辱,,https://judgment.judicial.gov.tw/FJUD/data.aspx?ty=JD&id=KSDM%2c89%2c%e6%98%93%2c1211%2c20000615&ot=in
臺灣高等法院 89 年度 上易 字第 1220 號刑事判決,89.06.13,妨害名譽,,,,,,未明確提取,及,上訴駁回。,,https://judgment.judicial.gov.tw/FJUD/data.aspx?ty=JD&id=TPHM%2c89%2c%e4%b8%8a%e6%98%93%2c1220%2c20000613&ot=in
臺灣高等法院 89 年度 附民上 字第 41 號刑事判決,89.06.13,妨害名譽,,,,,,未明確提取,"壹、上訴人方面：
一、聲明：
（一）原判決關於命上訴人應給付被上訴人新臺幣（下同）二萬元，及自民國八十八
      年五月二十日起至清償日止按年息百分之五計算利息，暨命被上訴人以七千元
      為上訴人供擔保後得為假執行部分廢棄。
（二）右開廢棄部分，被上訴人在第一審之訴及假執行之聲請均駁回。
二、陳述：上訴人並未妨害被上訴人之名譽，無庸負損害賠償責任。
貳、被上訴人方面：
一、聲明：如主文所示。
二、陳述：
（一）上訴人妨害被上訴人名譽之事實，引用刑事判決書所載之犯罪事實。
（二）上訴人之侵權行為，致被上訴人精神上痛苦異常，所受損害遠逾原審判決所命
      給付之金額，惟被上訴人為...",上訴駁回。,,https://judgment.judicial.gov.tw/FJUD/data.aspx?ty=JD&id=TPHM%2c89%2c%e9%99%84%e6%b0%91%e4%b8%8a%2c41%2c20000613&ot=in
臺灣臺中地方法院 88 年度 中簡上 字第 339 號刑事判決,89.06.13,妨害名譽,,,,,,"丙○先生
    尚欠總部款項未清楚","，足以毀損丙○之名譽。因認被告涉有刑法
    第三百十條第二項之誹謗罪嫌。
二、按犯罪事實應依證據認定之，無證據不得推定其犯罪事實；又不能證明被告犯罪
    者，應諭知無罪之判決，刑事訴訟法第一百五十四條、第三百零一條第一項分別
    定有明文。公訴人認被告涉犯上開罪嫌，無非係以被告對於其以傳真方式向供貨
    廠商表明告訴人丙○尚欠總公司款項未清楚等情供認不諱，此外証人即ＥＲＡ不
    動產公司會計甲○○、許燕雲及丁○○等三人復証稱，八十七年七、八月間，大
    安、天母店的帳款有繳回總公司，少部份帳款因客戶有產權糾紛，佣金未收而沒
    繳交總公司，此有八至十月業績總表可稽等...",無罪,,https://judgment.judicial.gov.tw/FJUD/data.aspx?ty=JD&id=TCDM%2c88%2c%e4%b8%ad%e7%b0%a1%e4%b8%8a%2c339%2c20000613&ot=in
臺灣新北地方法院 89 年度 易 字第 811 號刑事判決,89.06.13,妨害名譽,,,,,,在美國養女人，生小孩,"一、乙○○原係甲○○之妻，因甲○○遭受脅迫而於民國八十六年六月二十日與乙○
    ○簽訂離婚協議書，嗣甲○○就該受脅迫之事實告訴經臺灣板橋地方法院檢察署
    檢察官以八十七年度偵字第二七二二二號偵查結果，認乙○○涉犯恐嚇罪嫌起訴
    由本院八十八年度易字第二六三五號審理。詎乙○○明知甲○○係長榮國際航空
    公司之機師，為一通常社會評價之人，竟基於意圖散布於眾，毀損甲○○名譽之
    概括犯意，先後於（一）本院八十八年度易字第二六三五號妨害自由案八十八年
    八月十日言詞辯論期日訊畢，在本院審判大樓五樓休息區不特定人得以共聞共見
    之處所，指摘甲○○「在美國養女人，生...","乙○○連續意圖散布於眾，而指摘足以毀損他人名譽之事，處罰金肆仟元，如易服勞
役，以叁佰元折算壹日。",,https://judgment.judicial.gov.tw/FJUD/data.aspx?ty=JD&id=PCDM%2c89%2c%e6%98%93%2c811%2c20000613&ot=in
臺灣臺北地方法院 89 年度 附民 字第 261 號刑事裁定,89.06.12,因妨害名譽案附帶民訴,,,,,,未明確提取,,,,https://judgment.judicial.gov.tw/FJUD/data.aspx?ty=JD&id=TPDM%2c89%2c%e9%99%84%e6%b0%91%2c261%2c20000612&ot=in
臺灣臺北地方法院 89 年度 附民 字第 260 號刑事裁定,89.06.12,因妨害名譽案附帶民訴,,,,,,未明確提取,,,,https://judgment.judicial.gov.tw/FJUD/data.aspx?ty=JD&id=TPDM%2c89%2c%e9%99%84%e6%b0%91%2c260%2c20000612&ot=in
臺灣臺北地方法院 89 年度 重附民 字第 11 號刑事判決,89.06.12,因妨害名譽案附帶民訴等,,,,,,未明確提取,"甲、原告部分：
    聲明：（一）被告應賠償原告新台幣三千萬元，並命將本案刑事判決書全文刊登
                於聯合報、中國時報、台灣日報、台灣時報、中華日報及自由時報
                各三日，其費用由被告負擔。
          （二）願供擔保，請准宣告假執行。
乙、被告部分：
    被告未為任何聲明或陳述，亦未提出任何書狀。",原告之訴及假執行之聲請駁回。,,https://judgment.judicial.gov.tw/FJUD/data.aspx?ty=JD&id=TPDM%2c89%2c%e9%87%8d%e9%99%84%e6%b0%91%2c11%2c20000612&ot=in
臺灣臺北地方法院 89 年度 重附民 字第 11 號刑事判決,89.06.12,因妨害名譽案附帶民訴等,,,,,,未明確提取,"甲、原告部分：
    聲明：（一）被告應賠償原告新台幣三千萬元，並命將本案刑事判決書全文刊登
                於聯合報、中國時報、台灣日報、台灣時報、中華日報及自由時報
                各三日，其費用由被告負擔。
          （二）願供擔保，請准宣告假執行。
乙、被告部分：
    被告未為任何聲明或陳述，亦未提出任何書狀。",原告之訴及假執行之聲請駁回。,,https://judgment.judicial.gov.tw/FJUD/data.aspx?ty=JD&id=TPDM%2c89%2c%e9%87%8d%e9%99%84%e6%b0%91%2c11%2c20000612%2c1&ot=in
臺灣臺北地方法院 88 年度 自 字第 1057 號刑事判決,89.06.12,妨害名譽等,,,,,,未明確提取,,無罪,,https://judgment.judicial.gov.tw/FJUD/data.aspx?ty=JD&id=TPDM%2c88%2c%e8%87%aa%2c1057%2c20000612&ot=in
臺灣臺北地方法院 88 年度 易 字第 2196 號刑事判決,89.06.12,妨害名譽,,,,,,"如此卑鄙無恥之行徑，也只有你丙○○及甲○○
    做得出來 | 近鐵運通／南山人壽  請傳
    閱","一、乙○○與丙○○原為夫妻，二人離婚後，乙○○因認丙○○應返還其先前即婚姻
    關係存續中為丙○○繳交之保險費，然丙○○卻未如數支付，且丙○○另與甲○
    ○交往，而心有不滿，乃基於毀損丙○○與甲○○名譽之犯意，並意圖散布於眾
    ，明知丙○○與甲○○在公司之傳真電話均為公司各員工所共同使用，非丙○○
    與甲○○個人單獨使用，猶於民國八十八年六月一日，將其上開所認丙○○未如
    數返還保險費之行為，指摘成「如此卑鄙無恥之行徑，也只有你丙○○及甲○○
    做得出來」等毀損丙○○與甲○○名譽之文字，同時以電話傳真方式分別散布至
    台北市○○○路○段○○號三樓丙○○服...","乙○○散布文字，指摘足以毀損他人名譽之事，處拘役參拾日，如易科罰金，以參佰
元折算壹日。",,https://judgment.judicial.gov.tw/FJUD/data.aspx?ty=JD&id=TPDM%2c88%2c%e6%98%93%2c2196%2c20000612&ot=in
臺灣基隆地方法院 89 年度 易 字第 217 號刑事判決,89.06.09,妨害名譽,,,,,,寰球通運有限公司,"一、戊○○原係「寰球通運有限公司」（下稱寰球公司）之司機，丙○○、崔靜玫夫
    妻則分別擔任寰球公司之負責人及總經理。緣戊○○於任職寰球公司司機期間，
    因全勤獎金之發放問題，與丙○○迭起爭執，戊○○竟意圖毀損寰球公司與丙○
    ○、崔靜玫夫妻之名譽，而基於概括犯意，自民國八十八年九月間起至同年十月
    初止，連續多次在基隆市○○路○○○號寰球公司所在地及基隆港貨運碼頭等處
    ，向乙○○、丁○○、甲○○及其他寰球公司司機傳述寰球公司涉嫌逃漏稅、丙
    ○○、崔靜玫夫妻為脫產而辦理假離婚及寰球公司因欠稅將遭查封，該公司之司
    機有可能會領不到薪水等足以毀損寰球公...","戊○○連續意圖散布於眾，而傳述足以毀損他人名譽之事，處拘役參拾日，如易科罰
金以參佰元折算壹日。",,https://judgment.judicial.gov.tw/FJUD/data.aspx?ty=JD&id=KLDM%2c89%2c%e6%98%93%2c217%2c20000609&ot=in
臺灣高等法院 89 年度 附民 字第 237 號刑事判決,89.06.08,妨害名譽,,,,,,未明確提取,"一、原告聲明求為判決：
（一）被告應給付原告新台幣貳佰伍拾萬元之慰藉金。
（二）訴訟費用由被告負擔。
（三）請准供擔保宣告假執行。
二、事實上陳述略稱：被告侵權行為之事實，詳如檢察官起訴書所載。按不法侵害他
    人之名譽者，被害人雖非財產上之損害，亦得請求賠償相當之金額，民法第一百
    九十五條第一項前段著有明文。本件被告誹謗原告致原告受有嚴重之名譽傷害，
    依原告之身分及社會地位，並衡量被告之經濟能力，認以賠償原告慰藉金新台幣
    二百五十萬元為適當。
三、被告未提出書狀，亦未作何陳述，惟依其在刑事訴訟之陳述，不承認有何侵權行
    為。",原告之訴及假執行之聲請均駁回。,,https://judgment.judicial.gov.tw/FJUD/data.aspx?ty=JD&id=TPHM%2c89%2c%e9%99%84%e6%b0%91%2c237%2c20000608&ot=in
臺灣高等法院 89 年度 上易 字第 1646 號刑事判決,89.06.08,妨害名譽,,,,,,"你根本
    不配當老師，我懷疑當老師怎麼有錢可以買房子，不知怎麼來的，來路一定見不
    得人 | 他都利用學校資源，叫學校工人免費替他工作 | 你
    根本不配當老師，我懷疑當老師怎麼有錢可以買房子，不知怎麼來的，來路一定
    見不得人 | 他都利用學校資源，叫學校工人免費替他工作 | 他是老師，
    不講信用如何教人家子弟","應依證據認定之，無證據不得推定其犯罪事實，刑事訴訟法第一百五
    十四條定有明文。所謂證據，須適於為被告犯罪事實之證明者，始得採為斷罪資
    料，如未能發現相當證據，或證據不足以證明，自不能以推測或擬制之方法，以
    為裁判基礎。又告訴人之告訴，係以使被告受刑事訴追為目的，是其陳述是否與
    事實相符，仍應調查其他證據以資審認（最高法院五十二年度台上字第一三００
    號判例參照）。
三、公訴人認被告涉犯妨害名譽犯行，無非指被告於偵查中初次訊問時坦承不諱及告
    訴人林麗宗之指訴，並有調解書影本、臺灣高等法院八十八年度上訴字第一三○
    七號判決書、被告及告訴人各自提...",上訴駁回。,,https://judgment.judicial.gov.tw/FJUD/data.aspx?ty=JD&id=TPHM%2c89%2c%e4%b8%8a%e6%98%93%2c1646%2c20000608&ot=in
臺灣新北地方法院 89 年度 自 字第 195 號刑事判決,89.06.08,妨害名譽,,,,,,未明確提取,,本件自訴不受理。,,https://judgment.judicial.gov.tw/FJUD/data.aspx?ty=JD&id=PCDM%2c89%2c%e8%87%aa%2c195%2c20000608&ot=in
臺灣花蓮地方法院 88 年度 花簡附民 字第 10 號刑事裁定,89.06.07,因妨害名譽附帶民訴,,,,,,未明確提取,,本件移送本院民事庭。,,https://judgment.judicial.gov.tw/FJUD/data.aspx?ty=JD&id=HLDM%2c88%2c%e8%8a%b1%e7%b0%a1%e9%99%84%e6%b0%91%2c10%2c20000607&ot=in
臺灣花蓮地方法院 88 年度 花簡 字第 496 號刑事判決,89.06.07,妨害名譽,,,,,,幹你娘,"及證據
一、本件犯罪事實引用檢察官聲請簡易判決處刑書之記載，另補充被告乙○○公然以
    ：「幹你娘」等語侮辱丙○○，足以生損害丙○○之名譽。
二、前開犯罪事實有下列事證證明屬實：
  ㈠被告乙○○於本院訊問時坦承於聲請簡易判決處刑書所載之時地以前開言詞對著
    丙○○罵等情不諱。
  ㈡告訴人丙○○之指訴。
  ㈢證人甲○○證稱綦詳。
    被告固辯稱其並非針對丙○○而罵，是要罵其夫，當時已喝醉亂說話云云，惟查
    被告公然侮辱丙○○之犯行，已有前開事證可憑，其空言否認，顯不足採，犯行
    已堪認定。
三、依刑事訴訟法第四百四十九條第一項、刑法第三百零九條第一項、第四十二條第...",公然侮辱,,https://judgment.judicial.gov.tw/FJUD/data.aspx?ty=JD&id=HLDM%2c88%2c%e8%8a%b1%e7%b0%a1%2c496%2c20000607&ot=in
臺灣苗栗地方法院 89 年度 易 字第 185 號刑事判決,89.06.07,妨害名譽,,,,,,未明確提取,,無罪,,https://judgment.judicial.gov.tw/FJUD/data.aspx?ty=JD&id=MLDM%2c89%2c%e6%98%93%2c185%2c20000607&ot=in
臺灣高等法院 89 年度 上易 字第 2691 號刑事判決,89.06.05,妨害名譽,,,,,,"今（按：即八十八年六月二十九日）早九點二十分左右，我前往士
    林地院應訊八十八易第一八五號被告乙○○誹謗案件，我在庭外等候時，他一見
    我就高聲辱罵我『你是什麼東西，不要臉，你知法犯法，你還是學法律的，○○
    ○區○○街老鼠 | 操你媽的 | 幹你娘老雞巴 | 你祖宗十八代 | 你家死人 | 貪贓枉法 | 知法犯法 | 圖利他人 | 一、東
    方保全甲○○胡作非為之所在，二、本社區因此而所受之損害，三、依七月份收
    支公告汽車一五三輛、機車五六部每月收入應為廿四萬三千五百元","，核與本件公訴人所指被告涉犯公然侮辱之犯罪事實，時間緊接，
    方法相同，且均觸犯構成要件同一之罪名，顯係基於概括犯意反覆為之，二者應
    屬連續犯之裁判上一罪，是本件公訴人起訴被告公然侮辱之犯罪事實，應為前案
    確定判決效力所及，因而不經言詞辯論，逕為諭知免訴之判決。
二、按連續犯之所謂出於概括犯意，必須其多次犯罪行為自始均在一個預定犯罪計劃
    以內，出於主觀上始終同一犯意之進行，若中途另有新犯意發生，縱所犯為同一
    罪名，究非連續其初發的意思，即不能成立連續犯，最高法院七十年臺上字第六
    二九六號判例著有明文。本件公訴意旨所指被告涉嫌之犯罪情節，據告訴人於偵...",原判決撤銷，發回臺灣士林地方法院。,,https://judgment.judicial.gov.tw/FJUD/data.aspx?ty=JD&id=TPHM%2c89%2c%e4%b8%8a%e6%98%93%2c2691%2c20000605&ot=in
臺灣新北地方法院 89 年度 易 字第 1583 號刑事判決,89.06.05,妨害名譽,,,,,,幹你娘 | 眾人幹,"一、甲○○於民國八十八年九月十三日下午八時許，在臺北縣○○鄉○○街○○巷口
    路邊之不特定人可共聞共見之公共埸所，因會款紛與乙○○發生爭執，竟憤而以
    「幹你娘」、「眾人幹」等語辱罵黃女，而公然侮辱黃女。
二、案經乙○○訴請臺灣板橋地方法院檢察署檢察官偵查起訴。",公然侮辱,,https://judgment.judicial.gov.tw/FJUD/data.aspx?ty=JD&id=PCDM%2c89%2c%e6%98%93%2c1583%2c20000605&ot=in
臺灣高等法院 89 年度 附民 字第 241 號刑事判決,89.06.02,妨害名譽,,,,,,未明確提取,"一、原告聲明求為判決，被告應刊登報紙向原告公開道歉，被告應給付原告伍拾萬元
    正及自民國（下同）八十九年五月十九日起至清償日止按年息百分之五計算利息
    ，訴訟費用由被告負擔。其事實上陳述略稱，被告於八十八年三月二十四日及多
    次不同場合，用言詞妨害原告之名譽，致原告身心受損甚鉅，被告之行為已係人
    格權之侵害，則依法請求被告賠償原告在精神上所受之損害，並以刊登報紙道歉
    為適當云云。
二、被告未提出書狀，亦未作何陳述，惟依其在刑事訴訟之陳述，不承認有何侵權行
    為。",原告之訴駁回。,,https://judgment.judicial.gov.tw/FJUD/data.aspx?ty=JD&id=TPHM%2c89%2c%e9%99%84%e6%b0%91%2c241%2c20000602&ot=in
臺灣高等法院 臺中分院 89 年度 上易 字第 1840 號刑事判決,89.06.02,妨害名譽,,,,,,幹你娘、老雞巴,"一、甲○○因土地繼承及土地贈與等問題，而與乙○○時起爭執，彼等二人於民國八
    十八年四月三十日上午十一時十分許，在台中縣○○鎮○○街○○○號前發生爭
    吵，詎甲○○竟在上址以客家語及台語公然以「幹你娘、老雞巴」等語，辱罵乙
    ○○。
二、案經乙○○告訴由臺灣臺中地方法院檢察署檢察官偵查起訴。",公然侮辱,,https://judgment.judicial.gov.tw/FJUD/data.aspx?ty=JD&id=TCHM%2c89%2c%e4%b8%8a%e6%98%93%2c1840%2c20000602&ot=in
臺灣高等法院 89 年度 上易 字第 1650 號刑事判決,89.06.02,妨害名譽,,,,,,未明確提取,"應依證據認定之，無證據不得推定其犯罪事實。又不能證明被告犯罪
    者，應諭知無罪之判決，刑事訴訟法第一百五十四條、第三百零一條第一項分別
    定有明文。又告訴人之告訴，係以使被告受刑事訴追為目的，是其陳述是否與事
    實相符，仍應調查其他證據以資審認；倘其陳述尚有瑕疵，則在未究明前，自難
    遽採為",上訴駁回。,,https://judgment.judicial.gov.tw/FJUD/data.aspx?ty=JD&id=TPHM%2c89%2c%e4%b8%8a%e6%98%93%2c1650%2c20000602&ot=in
臺灣臺北地方法院 89 年度 自 字第 496 號刑事判決,89.06.02,妨害名譽等,,,,,,未明確提取,,本件自訴不受理。,,https://judgment.judicial.gov.tw/FJUD/data.aspx?ty=JD&id=TPDM%2c89%2c%e8%87%aa%2c496%2c20000602&ot=in
臺灣基隆地方法院 89 年度 易 字第 228 號刑事判決,89.06.02,妨害名譽,,,,,,"甲
    ○○女士 | 某位女性：只因為妳經
    常晚上帶不同的男人回來，怕警衛替妳傳開來，妳就要拆除警衛遮風避雨的崗亭
    。","一、乙○○意圖散布於眾，於民國八十九年二月上旬某日，在其所有而受文者為「甲
    ○○女士」之基隆市信義區公所之影印公文上，書寫：「某位女性：只因為妳經
    常晚上帶不同的男人回來，怕警衛替妳傳開來，妳就要拆除警衛遮風避雨的崗亭
    。」並蓋其印章於上，再委託不知情之警衛，張貼於基隆市○○區○○路○○○
    巷○○○弄○○號麗景江山社區之公告欄，而散布之，以此指摘足以毀損甲○○
    名譽之事。
二、案經甲○○訴由台灣基隆地方法院檢察署檢察官偵查起訴。","乙○○意圖散布於眾，而散布文字，指摘足以毀損他人名譽之事，處罰金壹仟元；如
易服勞役，以參佰元折算壹日。
張貼於基隆市○○區○○路○○○巷○○○弄○○號麗景江山社區公告欄之基隆市信
義區公所八十九年一月十八日八九基信民字第五０二號影印公文一紙沒收。",,https://judgment.judicial.gov.tw/FJUD/data.aspx?ty=JD&id=KLDM%2c89%2c%e6%98%93%2c228%2c20000602&ot=in
臺灣高等法院 89 年度 上易 字第 1590 號刑事判決,89.06.01,妨害名譽,,,,,,小偷 | 賊仔,"，不但於八十六年七月三十一日，經臺灣
    桃園地方法院檢察署檢察官以八十六年偵字第四九八六號起訴，復經第一審法院
    於八十七年六月八日，以八十六年易字第三九０二號判處自訴人有期徒刑三月，
    緩刑二年，雖於八十八年一月十一日被告與自訴人對駡時，該案件在本院審理中
    尚未確定（該案件本院於八十八年四月七日，以八十七年度上易字第六一三九號
    改判，仍以竊佔罪，處有期徒刑三月，緩刑貳年而告確定），惟檢察官及第一審
    法院就該案件起訴與判決之事實，及各該起訴書與判決書，即已佈告社會置於大
    眾得共聞周知之情形下，且衡諸常情，具有法律專業知識及代表社會公信之檢察
 ...",上訴駁回。,,https://judgment.judicial.gov.tw/FJUD/data.aspx?ty=JD&id=TPHM%2c89%2c%e4%b8%8a%e6%98%93%2c1590%2c20000601&ot=in
臺灣高等法院 89 年度 上易 字第 1072 號刑事判決,89.05.31,妨害名譽,,,,,,未明確提取,及,上訴駁回。,,https://judgment.judicial.gov.tw/FJUD/data.aspx?ty=JD&id=TPHM%2c89%2c%e4%b8%8a%e6%98%93%2c1072%2c20000531&ot=in
臺灣高等法院 89 年度 上易 字第 2549 號刑事判決,89.05.31,妨害名譽,,,,,,"因查被告等兩次攀誣事實，均係向臺北所在地之內政部，提出足以毀損自
    訴人名譽之情，是應以其等之犯行結果地法院為第一審管轄，並向臺北地方法院
    提出自訴","，提起自訴後
    ，改變對被告追訴之決議，而向受訴法院所為不再追訴之意思表示，本案自訴人
    於八十七年八月二十九日向高雄地方法院提出自訴狀後，隔二日之同月三十一日
    即以「因查被告等兩次攀誣事實，均係向臺北所在地之內政部，提出足以毀損自
    訴人名譽之情，是應以其等之犯行結果地法院為第一審管轄，並向臺北地方法院
    提出自訴」",上訴駁回。,,https://judgment.judicial.gov.tw/FJUD/data.aspx?ty=JD&id=TPHM%2c89%2c%e4%b8%8a%e6%98%93%2c2549%2c20000531&ot=in
臺灣臺北地方法院 89 年度 附民 字第 134 號刑事裁定,89.05.31,因妨害名譽案附帶民訴等,,,,,,未明確提取,,,,https://judgment.judicial.gov.tw/FJUD/data.aspx?ty=JD&id=TPDM%2c89%2c%e9%99%84%e6%b0%91%2c134%2c20000531%2c1&ot=in
臺灣臺北地方法院 89 年度 附民 字第 134 號刑事裁定,89.05.31,因妨害名譽案附帶民訴等,,,,,,未明確提取,,,,https://judgment.judicial.gov.tw/FJUD/data.aspx?ty=JD&id=TPDM%2c89%2c%e9%99%84%e6%b0%91%2c134%2c20000531&ot=in
臺灣新北地方法院 89 年度 易 字第 460 號刑事判決,89.05.31,妨害名譽,,,,,,"丁○○偷
    了我的機車","一、甲○○因其妻林妙貞於民國八十八年五月十四日無故離家出走，以為遭老闆丁○
    ○誘拐，竟意圖散布於眾，於同年月下旬某日（起訴書漏載為八十八年二十二日
    ），前往設址臺北縣中和市○○路○○○巷○○號一樓丁○○所經營之台陞電子
    股份有限公司，明知公司內有七、八位員工正在上班，竟大聲喊說：「丁○○偷
    了我的機車」，而以此方式指摘足以毀損丁○○名譽之事。
二、案經丁○○訴請臺灣板橋地方法院檢察署檢察官偵查起訴。","甲○○意圖散布於眾，而指摘足以毀損他人名譽之事，處拘役貳拾日，如易科罰金，
以叁佰元折算壹日。",,https://judgment.judicial.gov.tw/FJUD/data.aspx?ty=JD&id=PCDM%2c89%2c%e6%98%93%2c460%2c20000531&ot=in
臺灣臺中地方法院 89 年度 自 字第 412 號刑事判決,89.05.31,妨害名譽,,,,,,未明確提取,,無罪,,https://judgment.judicial.gov.tw/FJUD/data.aspx?ty=JD&id=TCDM%2c89%2c%e8%87%aa%2c412%2c20000531&ot=in
臺灣臺北地方法院 89 年度 簡上 字第 35 號刑事判決,89.05.31,妨害名譽等,,,,,,"我命中剋夫、喪偶、丈夫死於突發的心臟病、奠、土葬、火葬、中西式
    棺木、壽衣、屍體接運、遺體整容化妝、殯儀館代辦、死了 | 四四四 | 死死死","一、甲○○與乙○○均為一葉蘭喪偶協會之會員，認識後時有往來，嗣因李女有意疏
    遠，且二人於民國八十六年十月十六日發生口角後，甲○○竟基於散布於眾之概
    括犯意，自八十六年十月三十日起至同年十一月二十六日止，先後多次寄發指摘
    內容為「我命中剋夫、喪偶、丈夫死於突發的心臟病、奠、土葬、火葬、中西式
    棺木、壽衣、屍體接運、遺體整容化妝、殯儀館代辦、死了」之文字，並寫上00
    0000000 （即乙○○之身分證號碼）等足以毀損乙○○名譽及含有以加害生命之
    事恐嚇意味之明信片，寄至台北市○○路卅六號四樓李女工作地點、新店市○○
    ○路○○○號三樓李女娘家、...","原判決撤銷。
甲○○連續散布文字，指摘足以毀損他人名譽之事，處有期徒刑肆月，如易科罰金，
以叁佰元折算壹日。緩刑貳年。",,https://judgment.judicial.gov.tw/FJUD/data.aspx?ty=JD&id=TPDM%2c89%2c%e7%b0%a1%e4%b8%8a%2c35%2c20000531&ot=in
臺灣臺北地方法院 89 年度 簡上 字第 35 號刑事判決,89.05.31,妨害名譽等,,,,,,"我命中剋夫、喪偶、丈夫死於突發的心臟病、奠、土葬、火葬、中西式
    棺木、壽衣、屍體接運、遺體整容化妝、殯儀館代辦、死了 | 四四四 | 死死死","一、吳夢熊與李良烜均為一葉蘭喪偶協會之會員，認識後時有往來，嗣因李女有意疏
    遠，且二人於民國八十六年十月十六日發生口角後，吳夢熊竟基於散布於眾之概
    括犯意，自八十六年十月三十日起至同年十一月二十六日止，先後多次寄發指摘
    內容為「我命中剋夫、喪偶、丈夫死於突發的心臟病、奠、土葬、火葬、中西式
    棺木、壽衣、屍體接運、遺體整容化妝、殯儀館代辦、死了」之文字，並寫上00
    0000000 （即李良烜之身分證號碼）等足以毀損李良烜名譽及含有以加害生命之
    事恐嚇意味之明信片，寄至台北市○○路○○號四樓李女工作地點、新店市○○
    ○路○○○號三樓李女娘家、...","原判決撤銷。
吳夢熊連續散布文字，指摘足以毀損他人名譽之事，處有期徒刑肆月，如易科罰金，
以叁佰元折算壹日。緩刑貳年。",,https://judgment.judicial.gov.tw/FJUD/data.aspx?ty=JD&id=TPDM%2c89%2c%e7%b0%a1%e4%b8%8a%2c35%2c20000531%2c1&ot=in
臺灣高等法院 臺中分院 89 年度 附民 字第 188 號刑事裁定,89.05.30,妨害名譽,,,,,,未明確提取,,,,https://judgment.judicial.gov.tw/FJUD/data.aspx?ty=JD&id=TCHM%2c89%2c%e9%99%84%e6%b0%91%2c188%2c20000530&ot=in
臺灣高等法院 89 年度 上易 字第 943 號刑事判決,89.05.30,妨害名譽,,,,,,未明確提取,及,上訴駁回。,,https://judgment.judicial.gov.tw/FJUD/data.aspx?ty=JD&id=TPHM%2c89%2c%e4%b8%8a%e6%98%93%2c943%2c20000530&ot=in
臺灣高等法院 臺中分院 89 年度 上易 字第 992 號刑事判決,89.05.30,妨害名譽,,,,,,幹你娘 | 婊子 | 婊子 | 婊子,"一、丁○○擔任全生醫院（設於臺中縣○○鄉○○路○○○○號）之公關，於民國（
    下同）八十七年十月十六日上午九時五十分許，因之前偕同該醫院總務主任李政
    銘、股東蕭憲章與乙○○、丙○○父女，協調丙○○與該醫院資遣費事宜未果，
    在全生醫院一樓候診室內屬公眾得出入之場所，丁○○與乙○○又因相互拍照再
    發生爭執，丁○○遂以「幹你娘」、「婊子」、「婊子」、「婊子」等穢語公然
    侮辱乙○○。
二、案經乙○○訴由臺灣臺中地方法院檢察署檢察官偵查起訴。",公然侮辱,,https://judgment.judicial.gov.tw/FJUD/data.aspx?ty=JD&id=TCHM%2c89%2c%e4%b8%8a%e6%98%93%2c992%2c20000530&ot=in
臺灣臺北地方法院 88 年度 易 字第 2287 號刑事判決,89.05.30,妨害名譽,,,,,,未明確提取,,本件公訴不受理。,,https://judgment.judicial.gov.tw/FJUD/data.aspx?ty=JD&id=TPDM%2c88%2c%e6%98%93%2c2287%2c20000530&ot=in
臺灣臺東地方法院 88 年度 易 字第 242 號刑事判決,89.05.30,妨害名譽,,,,,,唬爛元,"，無非係以被告在擔任中國國民黨台東縣黨部主
    任委員期間，適逢台東縣第十三屆縣長選舉，告訴人乙○○參選此次選舉，被告
    於民國八十六年十一月五日，竟擅自以中國國民黨台東縣黨部之名義，製作標題
    為「唬爛元」之文宣海報一件，其中並畫有乙○○貪圖金元寶及縣長烏紗帽之漫
    畫（如附件二），藉以明稱及暗示乙○○為虛偽不實之人，及貪污之徒，將該海
    報以夾報方式，散發於台東縣縣民手中，公然侮辱乙○○，案經告訴人乙○○告
    訴偵辦。因認被告涉有刑法第三百零九條第一項之公然侮辱罪。
三、查本案原經臺灣台東地方法院檢察署檢察官以八十六年度偵字第三三四八號不起
    訴處分...",無罪,,https://judgment.judicial.gov.tw/FJUD/data.aspx?ty=JD&id=TTDM%2c88%2c%e6%98%93%2c242%2c20000530&ot=in
臺灣新竹地方法院 89 年度 自 字第 11 號刑事判決,89.05.29,妨害名譽,,,,,,未明確提取,,本件自訴不受理。,,https://judgment.judicial.gov.tw/FJUD/data.aspx?ty=JD&id=SCDM%2c89%2c%e8%87%aa%2c11%2c20000529&ot=in
臺灣高等法院 89 年度 附民 字第 129 號刑事裁定,89.05.26,妨害名譽,,,,,,未明確提取,,,,https://judgment.judicial.gov.tw/FJUD/data.aspx?ty=JD&id=TPHM%2c89%2c%e9%99%84%e6%b0%91%2c129%2c20000526&ot=in
臺灣高等法院 臺中分院 89 年度 上易 字第 1894 號刑事判決,89.05.26,妨害名譽,,,,,,未明確提取,及,上訴駁回。,,https://judgment.judicial.gov.tw/FJUD/data.aspx?ty=JD&id=TCHM%2c89%2c%e4%b8%8a%e6%98%93%2c1894%2c20000526&ot=in
臺灣臺北地方法院 88 年度 易 字第 2893 號刑事判決,89.05.25,妨害名譽等,,,,,,未明確提取,,無罪,,https://judgment.judicial.gov.tw/FJUD/data.aspx?ty=JD&id=TPDM%2c88%2c%e6%98%93%2c2893%2c20000525&ot=in
臺灣高等法院 89 年度 上易 字第 2346 號刑事判決,89.05.24,妨害名譽,,,,,,未明確提取,,上訴駁回。,,https://judgment.judicial.gov.tw/FJUD/data.aspx?ty=JD&id=TPHM%2c89%2c%e4%b8%8a%e6%98%93%2c2346%2c20000524&ot=in
臺灣高等法院 臺南分院 89 年度 上易 字第 1160 號刑事判決,89.05.24,妨害名譽,,,,,,"說十一個代表無啥小路用 | 當天早上（在服務處）沒待多久，聽到
      被告說十一個代表無啥小路用（台語），以後若要選，其就要自己選自己一票
      ，我就離開了，沒有聽到其說東線代表們之事 | 十一個代表無啥小路用（台語） | 南線二
      個代表，一個是市長的人，另一個已死了 | 東線三個代表無啥小路用 | 街內六個代表，其中五個是聽長 | 十一個代表無啥小路 | 代表無
      啥小路用（台語），以後若要選，其就要自己選自己一票 | 無啥小路
      用","應依證據認定之，無證據不得推定其犯罪事實，刑事訴訟法第一百五
    十四條定有明文。復按告訴人之告訴無非以使被告受到刑事訴追為目的，其陳述
    是否與事實相符，仍應調查其他證據以資審認，必告訴人所述被害情形，無瑕疵
    可擊，而就其他方面調查又與事實相符，始足據為認定犯行之基礎。此之所謂證
    據係指積極之證據而言，故知無確切之積極證據，足以證明被告之犯罪事實，即
    令被告不能為有利之反證，亦不能遽論以罪刑。亦即認定不利於被告之事實，須
    依積極證據，苟積極證據不足為不利於被告事實之認定時，即應為有利於被告之
    認定，更不必有何有利之證據（最高法院三十年上字第八...",無罪,,https://judgment.judicial.gov.tw/FJUD/data.aspx?ty=JD&id=TNHM%2c89%2c%e4%b8%8a%e6%98%93%2c1160%2c20000524&ot=in
臺灣嘉義地方法院 89 年度 易 字第 332 號刑事判決,89.05.24,妨害名譽,,,,,,"朴子市十一個代表，十個沒路用 | 南線二個代表
    ，一個是市長的人，另一個已死了 | 東線三個代表無啥小路用 | 街內六
    個代表，其中五個是聽長","一、丙○○意圖散佈於眾，於民國八十八年十一月十五日上午八、九時左右，在嘉義
    縣朴子市市民代表會副主席吳心俊與丙○○位於嘉義縣朴子市○○里○○路○○
    號共設之服務處內，指摘「朴子市十一個代表，十個沒路用」、「南線二個代表
    ，一個是市長的人，另一個已死了」、「東線三個代表無啥小路用」、「街內六
    個代表，其中五個是聽長」等語，足生損害現任嘉義縣朴子市市民代表辛○○、
    戊○○、甲○○、子○○、乙○○、癸○○、己○○、庚○○、丁○○等人之名
    譽。
二、案經辛○○、戊○○、甲○○、子○○、乙○○、癸○○、己○○、庚○○、丁
    ○○等人訴請臺灣嘉義地方法...","丙○○意圖散佈於眾，而指摘足以毀損他人名譽之事，處拘役伍拾日。如易科罰金，
以叁佰元折算壹日。",,https://judgment.judicial.gov.tw/FJUD/data.aspx?ty=JD&id=CYDM%2c89%2c%e6%98%93%2c332%2c20000524&ot=in
臺灣新竹地方法院 89 年度 易 字第 38 號刑事判決,89.05.24,妨害名譽,,,,,,未明確提取,,無罪,,https://judgment.judicial.gov.tw/FJUD/data.aspx?ty=JD&id=SCDM%2c89%2c%e6%98%93%2c38%2c20000524&ot=in
臺灣臺南地方法院 89 年度 易 字第 90 號刑事判決,89.05.22,妨害名譽,,,,,,未明確提取,"一、乙○○於民國八十八年十月六日十時二十五分，在台灣高等法院台南分院之第一
    法庭之公眾得出場所，代理其弟黃德水與其弟媳甲○○間離婚訴訟事件（八十八
    年度家上字第七十九號）出庭時，竟在法庭上公然辱罵甲○○稱：甲○○在馬路
    上與男人相擁相抱，甚至接吻，不要臉、不守婦道。旋即於出第一法庭後又在法
    庭門口公然接續辱罵甲○○稱：不要臉、討客兄、不守婦道等語。
二、案經被害人甲○○訴請台灣台南地方法院檢察署檢察官偵查起訴。",公然侮辱,,https://judgment.judicial.gov.tw/FJUD/data.aspx?ty=JD&id=TNDM%2c89%2c%e6%98%93%2c90%2c20000522&ot=in
臺灣臺北地方法院 89 年度 易 字第 87 號刑事其他文書,89.05.19,妨害名譽,,,,,,未明確提取,,,,https://judgment.judicial.gov.tw/FJUD/data.aspx?ty=JD&id=TPDM%2c89%2c%e6%98%93%2c87%2c20000519&ot=in
臺灣臺南地方法院 89 年度 易 字第 523 號刑事判決,89.05.19,妨害名譽,,,,,,未明確提取,,本件公訴不受理。,,https://judgment.judicial.gov.tw/FJUD/data.aspx?ty=JD&id=TNDM%2c89%2c%e6%98%93%2c523%2c20000519&ot=in
臺灣臺南地方法院 89 年度 易 字第 201 號刑事判決,89.05.19,妨害名譽,,,,,,未明確提取,"一、丁○○意圖散布於眾，明知甲○○並未竊取其支票簿存根，竟於民國八十七年十
    月三十日上午十時至十一時間，在臺南縣永康市○○○路○○○巷○○弄○○號
    美律實業公司內，當唐瓊善、陳廣澤、方耕畬、甲○○眾人面前，指摘甲○○侵
    入其家中竊取其支票簿，並稱有錄影帶為證之不實事項，足以毀損甲○○之名譽
    。
二、案經甲○○訴由臺灣臺南地方法院檢察署檢察官偵查起訴。","丁○○意圖散佈於眾，而指摘足以毀損他人名譽之事，處拘役伍拾日，如易科罰金，
以參佰元折算壹日。",,https://judgment.judicial.gov.tw/FJUD/data.aspx?ty=JD&id=TNDM%2c89%2c%e6%98%93%2c201%2c20000519&ot=in
臺灣臺北地方法院 89 年度 易 字第 87 號刑事判決,89.05.19,妨害名譽,,,,,,"幹你娘 | 使你
    娘七八（諧音）","應依證據認定之，無證據不得推定其犯罪事實。又不能證明被告犯罪
    者，應諭知無罪之判決。刑事訴訟法第一百五十四條、第三百零一條第一項分別
    定有明文。次按，刑事訴訟法所謂認定事實之證據，係指足以認定被告確有犯罪
    行為之積極證據而言，該項證據自須適合於被告犯罪事實之認定，始得採為斷罪
    資料，如未能發現相當證據，或證據不足以證明，自不能以推測或擬制之方法，
    為裁判基礎。又告訴人之告訴，係以使被告受刑事訴追為目的，是其陳述是否與
    事實相符，仍應調查其他證據以資審認，最高法院亦著有四十年臺上字第八六號
    、五十二年臺上字第一三００號判例可資參照。再刑法上...",無罪,,https://judgment.judicial.gov.tw/FJUD/data.aspx?ty=JD&id=TPDM%2c89%2c%e6%98%93%2c87%2c20000519%2c1&ot=in
最高法院 89 年度 台非 字第 139 號刑事判決,89.05.18,妨害名譽,,,,,,公然 | 散布於眾 | 特定之多數人,"，被告係以寄發存證信函之方式，將足
以損害於自訴人陳進財名譽之事實，寄送給何煖軒、張聰明、英泉公司及許玉樹等四
人，核其事實欄既未明確認定被告有具體散布於眾之意圖及行為，已不足為適用刑法
第三百十條第二項之準據；且被告之行為僅係向有利害相關之特定人告知陳進財涉有
詐欺犯嫌之事實而已，顯僅傳達於各該特定人，並非散發或傳布於不特定之多數人或
大眾，揆諸上揭說明，被告所為自與刑法第三百十條第二項之犯罪構成要件不合，不
能成立該罪。詎原判決竟以該罪構成要件所無『公然』之意義，比附援引司法院大法
官會議釋字第一四五號解釋，認『散布於眾』包括傳布於『特定之多數人』在內，並
認被告應成立刑法第三百十條第二項...",原判決撤銷，由台灣高等法院依判決前之程序更為審判。,,https://judgment.judicial.gov.tw/FJUD/data.aspx?ty=JD&id=TPSM%2c89%2c%e5%8f%b0%e9%9d%9e%2c139%2c20000518&ot=in
臺灣臺北地方法院 89 年度 重附民 字第 27 號刑事判決,89.05.18,因妨害名譽案附帶民訴,,,,,,未明確提取,"一、原告方面：
（一）、聲明：被告應給付原告新台幣（下同）貳仟伍百萬元及自八十七年十二月廿
              九日起迄給付日止，按週年利率百分之五計算之利息。
（二）、陳述：被告對原告公然侮辱，係侵權行為；名譽乃人之第二生命，不容任何
              人任意踐踏。
二、被告未為任何聲明或陳述，亦未提出任何書狀。",原告之訴駁回。,,https://judgment.judicial.gov.tw/FJUD/data.aspx?ty=JD&id=TPDM%2c89%2c%e9%87%8d%e9%99%84%e6%b0%91%2c27%2c20000518%2c1&ot=in
臺灣臺北地方法院 89 年度 重附民 字第 27 號刑事判決,89.05.18,因妨害名譽案附帶民訴,,,,,,未明確提取,"一、原告方面：
（一）、聲明：被告應給付原告新台幣（下同）貳仟伍百萬元及自八十七年十二月廿
              九日起迄給付日止，按週年利率百分之五計算之利息。
（二）、陳述：被告對原告公然侮辱，係侵權行為；名譽乃人之第二生命，不容任何
              人任意踐踏。
二、被告未為任何聲明或陳述，亦未提出任何書狀。",原告之訴駁回。,,https://judgment.judicial.gov.tw/FJUD/data.aspx?ty=JD&id=TPDM%2c89%2c%e9%87%8d%e9%99%84%e6%b0%91%2c27%2c20000518&ot=in
臺灣臺北地方法院 88 年度 易 字第 2508 號刑事判決,89.05.18,妨害名譽,,,,,,未明確提取,,無罪,,https://judgment.judicial.gov.tw/FJUD/data.aspx?ty=JD&id=TPDM%2c88%2c%e6%98%93%2c2508%2c20000518&ot=in
臺灣高等法院 89 年度 附民 字第 124 號刑事裁定,89.05.17,妨害名譽,,,,,,未明確提取,,,,https://judgment.judicial.gov.tw/FJUD/data.aspx?ty=JD&id=TPHM%2c89%2c%e9%99%84%e6%b0%91%2c124%2c20000517&ot=in
臺灣高等法院 高雄分院 89 年度 附民 字第 63 號刑事裁定,89.05.17,妨害名譽,,,,,,未明確提取,,,,https://judgment.judicial.gov.tw/FJUD/data.aspx?ty=JD&id=KSHM%2c89%2c%e9%99%84%e6%b0%91%2c63%2c20000517&ot=in
臺灣高等法院 89 年度 附民 字第 211 號刑事判決,89.05.17,妨害名譽,,,,,,沒有良心,"原告聲明求為判決被告應給付原告新臺幣（下同）五十萬元及自民國八十九年一月
  廿八日起至清償日止按週年利率百分之五計算之利息、暨以供擔保為條件之假執行
  宣告。其陳述略稱：被告於民國八十九年一月十八日，在臺灣臺北地方法院審理八
  十八年度自字第二九二號另案訴訟時，當庭脫口指摘原告「沒有良心」，涉有妨害
  名譽罪嫌，經原告提起自訴繫屬本院審判中，為此提起附帶民事訴訟，依據民法第
  十八條、第一百八十四條請求判命被告賠償上述金額。
被告未提出書狀或作何陳述，惟依其在刑事訴訟程序所辯，不承認有何侵權行為。",原告之訴及假執行之聲請均駁回。,,https://judgment.judicial.gov.tw/FJUD/data.aspx?ty=JD&id=TPHM%2c89%2c%e9%99%84%e6%b0%91%2c211%2c20000517&ot=in
臺灣高等法院 89 年度 上易 字第 1467 號刑事判決,89.05.17,妨害名譽,,,,,,未明確提取,業已明確，在,上訴駁回。,,https://judgment.judicial.gov.tw/FJUD/data.aspx?ty=JD&id=TPHM%2c89%2c%e4%b8%8a%e6%98%93%2c1467%2c20000517&ot=in
臺灣高等法院 89 年度 上易 字第 1399 號刑事判決,89.05.17,妨害名譽,,,,,,未明確提取,及,"上訴駁回。
甲○○緩刑貳年。",,https://judgment.judicial.gov.tw/FJUD/data.aspx?ty=JD&id=TPHM%2c89%2c%e4%b8%8a%e6%98%93%2c1399%2c20000517&ot=in
臺灣高等法院 89 年度 上易 字第 2410 號刑事判決,89.05.17,妨害名譽,,,,,,"有二筆帳目被高估，以
    掩護帳款短少及虛列管理費","，亦未更正第十三屆財務之錯誤，或就所稱「有二筆帳目被高估，以
    掩護帳款短少及虛列管理費」部分之細節；而被告乙○○於原審提出之資料，顯
    未先依會計原則依憑証做總帳、分類帳、試算表、損益表及資產負債表，則其如
    何顯示第十三、十四屆之收支情形或財產狀況，顯見會計師有廢弛職務，其未依
    會計師法相關規定查核簽証，即出具本件報告，顯有妨害自訴人名譽之故意。⑹
    、上訴人並不爭執會計師查核結果不公告一事，原審判決顯有誤會等語。
三、經查：⑴、八十七年十月二十九日第十五屆管委會第一次臨時委員會時，雖自訴
    人口頭解釋為何將二百多萬元公款存入自訴人經營之芸林公司帳戶，...",上訴駁回。,,https://judgment.judicial.gov.tw/FJUD/data.aspx?ty=JD&id=TPHM%2c89%2c%e4%b8%8a%e6%98%93%2c2410%2c20000517&ot=in
臺灣高等法院 高雄分院 89 年度 上易 字第 512 號刑事判決,89.05.17,妨害名譽,,,,,,幹你娘、幹你祖父、母,"一、丙○○原係位於高雄縣鳳山市○○路○段與鳳松路口菜市場之管理人員，因上開
    市場土地所有權之子乙○○欲收回管理權，丙○○乃心生不滿，於民國八十八年
    五月八日上午十時三十分許，在上開市場與乙○○因前開收回市場管理權問題發
    生爭執後，丙○○竟甲然以「幹你娘、幹你祖父、母」（臺語）等不堪入耳之言
    詞辱罵乙○○。
二、案經被害人乙○○訴由高雄縣警察局鳳山分局移送臺灣高雄地方法院檢察署檢察
    官偵查起訴。",上訴駁回。,,https://judgment.judicial.gov.tw/FJUD/data.aspx?ty=JD&id=KSHM%2c89%2c%e4%b8%8a%e6%98%93%2c512%2c20000517&ot=in
臺灣高等法院 89 年度 上易 字第 2386 號刑事判決,89.05.17,妨害名譽,,,,,,"瘋女
    人","一、丁○○係甲○○之夫姊，甲○○因與其夫孟憲琨因離婚案件涉訟中，丁○○因認
    甲○○涉嫌妨害其名譽而向台灣台北地方法院檢察署檢察官提出告訴，八十八年
    一月二十二日下午丁○○及其父乙○○、母丙○○○三人共同因告訴甲○○妨害
    名譽案件至台灣台北地方法院檢察署第六偵查庭接受檢察官偵查訊問，甲○○亦
    由其姨媽戊○○陪同前往應訊，於下午四時許庭訊完畢後，丁○○、乙○○、丙
    ○○○三人先行步出第六偵查庭外，甲○○亦隨後步出第六偵查庭，與其姨媽戊
    ○○同走於丁○○、乙○○、丙○○○三人之後，行至近樓梯口時，甲○○自後
    趕上丁○○，並質問丁○○為何對其提出...",公然侮辱,,https://judgment.judicial.gov.tw/FJUD/data.aspx?ty=JD&id=TPHM%2c89%2c%e4%b8%8a%e6%98%93%2c2386%2c20000517&ot=in
臺灣高等法院 89 年度 上易 字第 535 號刑事判決,89.05.17,妨害名譽,,,,,,"庚○○誣指老謝偷郵票，˙˙˙庚○○栽贓、抹黑、
    暴力、態度鴨霸˙˙˙。 | 一、四一號大樓管
    理員老謝於下午五時下班乙事（是林先生訂），身為主任委員之林先生與總幹事
    之高太太均心知肚明，卻都說不知其情，難道老謝吃了熊心豹子膽，擅自提早二
    小時離開崗位，置四九號大樓門禁於不顧？實際上准其下午五時下班，已是無法
    掩飾之事實，請別自欺欺人，貽笑大方了。二、本人從未允許他人在店前騎樓設
    攤，亦無誣指老謝撕下本人信件上郵票等事，林大主委明知其情，竟存心抹黑，
    播散不實之謠言，這是敦親睦鄰之道嗎？三、四九號大樓卻只設一名管理員僅自
    上午七時至下午七時（假日無人看管），攸關大樓住戶安全之問題，應經住戶大
    會決議或住戶簽名同意，請問林大主委此事是否經過如上之手續？答案當然是『
    這雞毛蒜皮之事，本大主委決定可也","一、丙○○於民國八十八年五月十一日十九時三十分許，在台北市○○○路○段○○
    號七樓金漢文理補習班即橋泰大樓管理委員會會場，基於意圖散布於眾之概括故
    意，以大字報記載指摘：「庚○○誣指老謝偷郵票，˙˙˙庚○○栽贓、抹黑、
    暴力、態度鴨霸˙˙˙。」等語，使任何得以出入該處之人均得共見共聞，足以
    損毀庚○○之名譽；又於同年六月八日，以信函記載指摘：「一、四一號大樓管
    理員老謝於下午五時下班乙事（是林先生訂），身為主任委員之林先生與總幹事
    之高太太均心知肚明，卻都說不知其情，難道老謝吃了熊心豹子膽，擅自提早二
    小時離開崗位，置四九號大樓門禁於不顧...",上訴駁回。,,https://judgment.judicial.gov.tw/FJUD/data.aspx?ty=JD&id=TPHM%2c89%2c%e4%b8%8a%e6%98%93%2c535%2c20000517&ot=in
臺灣士林地方法院 88 年度 自 字第 108 號刑事判決,89.05.17,妨害名譽,,,,,,未明確提取,,無罪,,https://judgment.judicial.gov.tw/FJUD/data.aspx?ty=JD&id=SLDM%2c88%2c%e8%87%aa%2c108%2c20000517&ot=in
臺灣高等法院 臺中分院 88 年度 附民上 字第 380 號刑事判決,89.05.16,妨害名譽,,,,,,未明確提取,"一、上訴人即原告方面：
　㈠聲明：⑴被上訴人應給付上訴人新台幣（下同）二百萬元整，及自民國八十六年
    　　　　四月十八日起至清償日止，按年利率百分之五計算之利息。
  　　　　⑵被上訴人應將臺灣臺中地方法院八十六年度自字第一○七九號刑事判決
            書全文及本件第一審民事判決書全文在中國時報，聯合報及自由時報以
            五號字體刊登一天。
          ⑶訴訟費用由被上訴人負擔。
          ⑷第一項請求部分，上訴人願供擔保，請求准予宣告假執行。
  ㈡事實陳述略稱：被告乙○○妨害名譽刑事案件，業經原告聲請檢察官上訴，由本
    院審理中，...",上訴駁回。,,https://judgment.judicial.gov.tw/FJUD/data.aspx?ty=JD&id=TCHM%2c88%2c%e9%99%84%e6%b0%91%e4%b8%8a%2c380%2c20000516&ot=in
臺灣高等法院 臺中分院 89 年度 上易 字第 846 號刑事判決,89.05.16,妨害名譽,,,,,,未明確提取,及,上訴駁回。,,https://judgment.judicial.gov.tw/FJUD/data.aspx?ty=JD&id=TCHM%2c89%2c%e4%b8%8a%e6%98%93%2c846%2c20000516&ot=in
臺灣高等法院 臺中分院 88 年度 上易 字第 1799 號刑事判決,89.05.16,妨害名譽,,,,,,"中華民國游泳協會組織章程 | 本案係中華民國
    游泳協會於⒋⒉以游秘興字第四二號函向本會申請征調曾偉傑、許展維等二
    人參加自由式及混合式接力賽，經本會競技運動強化委員會議研議通過後，於
    ⒋⒊以體總訓一字第七八八號函同意該等二人參賽等情，有該函在卷可稽（見
    本院卷第四四頁），該二人之參賽既係由中華游泳協會所申請，因此自訴人所云
    該二人選手入選與渠無關之指述，即不足採，被告此部分之指摘尚非不實。
二、關於一九九七年東亞運動會中，男子八百公尺自由式接力賽之選手選拔部分：
　　依全國體總上開函文內容所示，中華泳協係以全國各參賽選手個人最佳成績之前
    四名組合總成績達參賽標準八分零一秒六三定其得否參加東亞運動會，全國體總
    亦許中華泳協以此方式選拔選手，有全國體總八十七年十二月九日（８７）體總
    競字第○○三八八八號函、全國體總（８６）體總訓一字第○○○○四九號函、
    我國參加一九九七年釜山東亞運動會參賽原則、全國體總（８５）體總訓一字第
    ○○二四○三號函、游泳參加一九九七年東亞運動會參賽標準（男子）各一紙在
    卷可證。參以八十五年區運會成績，在男子八百公尺自由式接力方面，曾正華成
    績為一分五十八秒三六，陳怡仲成績為一分五十七秒六○，王育莘成績為一分五
    十八秒四九，麥智傑成績為一分五十八秒七三，合計為七分五十六秒一八，依全
    國體總及中華泳協上開規定，應以此四位參賽選手個人最佳成績之前四名組合為
    男子八百公尺自由式接力隊伍。而自訴人雖指述渠係以接力團隊之總成績為準，
    以判斷其是否達到參賽標準，並非以各參賽選手個人之成績，選擇其最佳成績之
    前四名再加以組合成總成績云云，惟此選拔已與中華民國體育運動總會前揭第○
    ○三八八八號函敍有違（見原審卷第一○三、一○四頁），且被告係台中縣體育
    游泳委員會總幹事，屬游泳之專業人士，其認中華民國體育總會之函示應以擇成
　　績最優之前四名，組隊參賽，為最佳隊伍，據此指摘自訴人之八百公尺接力選拔
   ，魚目混珠，而曾正華、王育莘二人成績優異，未能入選，為虎落平陽云云，被
    告所指尚非無據。
三、關於入選為一九九七年東亞運動會國家代表隊選手之彰化游泳隊教練江錫興及選
    手蔡淑敏、黃依如、林孟潔、江姿穎、王云妤等人，於八十六年四月七日完成報
    到手續後，有無不假離營及是否依規定接受尿液藥物檢驗之部分：
　　入選為一九九七年東亞運動會之國家代表隊選手，應於八十六年四月七日至左營
    國家運動訓練中心完成報到，實施尿液檢驗並開始集訓等情，業經自訴人指訴綦
    詳，並有全國體總（８７）體總競字第○○三八八八號函、（８６）體總訓一字
    第○○○三四二號函、（８６）體總訓一字第○○○七八八號函、（８６）體總
    訓三字第○○○八一七號函各一紙附卷可憑。彰化游泳隊教練江錫興及選手蔡淑
    敏等五人除江姿穎外，均已於八十六年四月七日下午完成報到，並於當日晚上全
    部不假離營，有中華民國體育運動總會左營訓練中心（８６）心訓字第○○一三
    ○號函一紙在卷足資佐證。又彰化游泳隊教練江錫興及選手蔡淑敏等五人除江姿
    穎外，業已於八十六年四月二十二日完成尿液禁藥檢測，有中華民國體育運動總
    會左營訓練中心（８６）心科字第○○一四七號函一紙附卷可證。然參加東亞運
    動會乃無上殊榮，選手何以無故不假離營，中華泳協既為全國最高游泳行政單位
    ，本於中華民國游泳協會組織章程之精神，理應積極主動查明箇中原因，以爭取
    選手福利解決問題為要；且從自訴意旨所陳：江錫與與四名選手，三進三出左訓
    中心，經全國體總強化委員會決議除名，結果江錫興找選手至教育部陳情，經體
    育司長單小琳同意恢復該選手之參賽資格，但教練仍除名等情以觀，顯非教練江
    錫興與四位選手不願參加左營之集訓甚明，此糾紛自與中華民國游泳協會之職責
    有關，且屬與公益相關之事，被告所述此部分與自訴人有重大關連等語，應予採
    信。
四、有關自訴意旨四之部分，被告以選手宋雲正最佳成績為八十五年區運時，參加一
    百公尺蛙式成績一分○八秒七四，排名第四，其他無一項進入決賽，另外，八十
    六年區中運時，參加一百公尺蛙式，二百公尺蛙式均排在第三名，一百公尺蝶式
　　則排第五，女選手黃郁雯一百公尺自由式均未達東亞運參賽標準的五十八秒七，
    此二選手何以能代表國家參加世界杯比賽，又六位女選手中一半以上為十一、十
    二歲級選手等情，自訴意旨對選手宋雲正、黃郁雯之成績，以及女選手一半以上
    為十一、十二歲級等事實，並無爭議，僅指述宋雲正、黃郁雯二人係由教練推薦
    自費參賽云云，惟被告此部分之指摘亦與公益有關。
五、有關自訴意旨四之部分：
　㈠被告所述自訴人犒賞左右手，八十五年區運比賽前，即風聞有人要抓曾正華犯規
    ，果然，曾正華第一天第一項四百公尺混合式決賽，即被第四水道裁判宋洪仙故
    意以未觸牆為由，判定曾正華違規，並由黃朝宗簽發違規單，而世界杯比賽選手
    人，宋雲正為宋洪仙之子，而黃郁雯則為黃朝宗之女，此即自訴人稿賞左右手等
    語，自訴意旨雖以裁判宋洪仙、黃朝宗具有獨立人格及價值判斷，其與自訴人並
    無從屬關係，亦無須聽從自訴人之指揮監督，又豈能謂係自訴人之左右手云云，
    惟宋雲正、黃郁雯均未達參加世界杯之標準，已如前述，而彼二人又係曾正華違
    規糾紛之裁判，被告如此懷疑，即非虛構。
　㈡被告所述之利益分贓：在八十六年世界杯選手名單中，依其所屬教練來分，計有
    許安東、蔡祖修、江錫興，其他為高雄市隊，可以說是經過精心設計而成的，另
    外，不難看出世界杯在瑞典舉行，風景優美，深俱觀光的價值，由參賽名單中可
    嗅出選拔的方向云云，自訴意旨並無敘明此部分有何不實。
　㈢被告所指冒名頂替，於八十五年亞太游泳錦標賽在韓國釜山舉行，中華隊中某位
    高雄市籍的選手，為了升學著想，竟然在甲○○的掩護下，在國內比賽成績均未
    達前三名，竟然可以入選為國手，公然前往比賽，本身為十五－十七歲級，竟然
    偷報十八歲以上歲級，報名參加接力項目，本身又未下場比賽云云，自訴意旨指
    述：該選手係指江佳璉，其參賽資格係依據其於八十五年六月六日在高雄市所舉
    辦之八十五年國際分齡邀請賽暨全國分齡游泳錦標賽，於八百公尺自由式及一千
    五百公尺自由式項目部分獲得第二、三名，而取得參加在一九九六年亞太分齡游
    泳錦標賽之參賽資格，其係自費參加，依照該競賽規程，十八歲組之四百公尺自
    由式接力，任何年齡均有參賽資格，故江佳璉越級參賽，並無違規，亦無由他選
    手代游情事，惟查自訴意旨既承認江佳璉係越齡報名參賽，雖未違比賽規程，但
    被告所陳亦為事實，另江佳璉係以八百公尺自由式及一千五百公尺自由式項目成
    績取得參賽權，正式比賽時却僅參加一百公尺仰式、二百公尺仰式及二百公尺蝶
    式，有一九九○高雄國際分齡邀請賽暨八十五年全國分齡錦標賽之游泳比賽總記
    錄表、一九九六年亞太分齡游泳錦標賽秩序冊影本各一紙在卷足證，被告此部分
    所述，尚非虛構。
　㈣自訴意旨四、⒋所云「輸不起，挾怨報復 | 扼殺選手等部分，自訴意旨並
    未指陳被告有不實之情事。
　　綜上所述，被告所製作「甲○○把持中華泳協－徇私弄權之黑幕","，其係出於維護泳壇正義而發表上開
    小冊等語。按犯罪事實應依證據認定之，無證據不得推定其犯罪事實。又不能證
    明被告犯罪者，應諭知無罪之判決，刑事訴訟法第一百五十四條、第三百零一條
    第一項分別定有明文。而所謂證據，須適於為被告犯罪事實之證明者，始得採為
    斷罪資料，如未能發現相當證據，或證據不足以證明，自不能以推測或擬制之方
    法，以為裁判基礎（最高法院五十三年台上字第二七五○號及四十年台上字第八
    十六號判例參照）。次按刑法第三百十條第二項之加重誹謗罪，係以（一）須意
    圖散布於眾，（二）須散布文字或圖畫，（三）須指摘或傳述足以毀損他人名譽
   ...",上訴駁回。,,https://judgment.judicial.gov.tw/FJUD/data.aspx?ty=JD&id=TCHM%2c88%2c%e4%b8%8a%e6%98%93%2c1799%2c20000516&ot=in
臺灣臺中地方法院 89 年度 自 字第 229 號刑事判決,89.05.16,妨害名譽,,,,,,未明確提取,,無罪,,https://judgment.judicial.gov.tw/FJUD/data.aspx?ty=JD&id=TCDM%2c89%2c%e8%87%aa%2c229%2c20000516&ot=in
最高法院 89 年度 台非 字第 126 號刑事判決,89.05.11,妨害名譽,,,,,,未明確提取,"傳播於不特定之多數人，使大眾知悉其內容
而言；如僅傳達於特定之人，即不足當之，貴院八十八年台非字第二一號判決可資參
考。本件依原判決確認之事實，被告係以打電話方式，將足以損害被害人呂慧芳名譽
之事實，傳達於呂女任職之主任黃明楊及黃妻盧儷心二人，核其事實欄既未明確認定
被告有具體散布於眾之意圖及行為，已不足為適用刑法第三百十條第一項之準據；且
被告之行為僅係向有利害相關之特定人告知呂慧芳涉有妨害家庭犯行之事實而已，顯
係傳達於各該特定人，並非散發或傳布於不特定之多數人或大眾，揆諸上揭說明，被
告所為自與刑法第三百十條第一項之犯罪構成要件不合，不能成立普通誹謗罪，詎原
判決竟論以該罪，即有適用法則...",誹謗,,https://judgment.judicial.gov.tw/FJUD/data.aspx?ty=JD&id=TPSM%2c89%2c%e5%8f%b0%e9%9d%9e%2c126%2c20000511&ot=in
臺灣臺北地方法院 88 年度 重附民 字第 171 號刑事判決,89.05.11,因妨害名譽案附帶民訴,,,,,,未明確提取,"一、原告部分：聲明及陳述詳如後附之刑事附帶民事訴訟狀所載。
二、被告甲○○未為任何聲明或陳述，亦未提出任何書狀。",原告之訴及其假執行之聲請均駁回。,,https://judgment.judicial.gov.tw/FJUD/data.aspx?ty=JD&id=TPDM%2c88%2c%e9%87%8d%e9%99%84%e6%b0%91%2c171%2c20000511&ot=in
臺灣臺北地方法院 88 年度 自 字第 728 號刑事判決,89.05.11,妨害名譽,,,,,,"：：聯蓬在上週起便陸續
    出現退票的事情，保守估計目前所跳票之金額已超過三十七億元，其中包括數家
    銀行二十九億元，租賃、票券業也有五、六億元，廠商部分的金額則約五、六百
    萬元：： | 跳票三十七億，聯蓬食品關門","一、丙○○係自立早報及自立產經記者，丁○○為自立早報總編輯。丙○○及丁○○
    二人均明知聯蓬食品股份有限公司（下稱聯蓬食品公司）退票達三十七億元之消
    息未經合理查證，竟共同基於意圖散布於眾之犯意聯絡，由丙○○於民國八十七
    年九月二十三日之自立早報及自立產經第七版登載：「：：聯蓬在上週起便陸續
    出現退票的事情，保守估計目前所跳票之金額已超過三十七億元，其中包括數家
    銀行二十九億元，租賃、票券業也有五、六億元，廠商部分的金額則約五、六百
    萬元：：」等內容，再由丁○○整理編輯於同日之自立早報頭版財經中心綜合報
    導欄以特大標題刊載：「跳票三十七億，...",無罪,,https://judgment.judicial.gov.tw/FJUD/data.aspx?ty=JD&id=TPDM%2c88%2c%e8%87%aa%2c728%2c20000511&ot=in
臺灣高等法院 89 年度 附民 字第 195 號刑事裁定,89.05.10,妨害名譽,,,,,,未明確提取,,,,https://judgment.judicial.gov.tw/FJUD/data.aspx?ty=JD&id=TPHM%2c89%2c%e9%99%84%e6%b0%91%2c195%2c20000510&ot=in
臺灣高等法院 89 年度 附民 字第 152 號刑事判決,89.05.10,妨害名譽,,,,,,未明確提取,"一、原告聲明求為判決，被告應賠償原告新台幣（下同）二百萬元，原告願供擔保，
    請准宣告假執行，其事實上陳述略稱，被告妨害原告名譽，侵害原告權利，刑事
    部分原審判決被告無罪，原告不服，已提起上訴，爰求為判決如訴之聲明：並援
    用刑事訴訟之證據。
二、被告未提出書狀，亦未作何陳述，惟依其在刑事訴訟之陳述，不承認有何侵權行
    為。",原告之訴及假執行之聲請均駁回。,,https://judgment.judicial.gov.tw/FJUD/data.aspx?ty=JD&id=TPHM%2c89%2c%e9%99%84%e6%b0%91%2c152%2c20000510&ot=in
臺灣高等法院 88 年度 上易 字第 5693 號刑事判決,89.05.10,妨害名譽,,,,,,未明確提取,"，先於八十八年七月九日向台灣士林地方法院提起自訴
    （該院八十八年度自字第一八一號）；復於八十八年七月三十一日向原審提起本
    件自訴，本件自訴之事實與上揭八十八年度自字第一八一號案件相同，係屬同一
    案件。嗣台灣士林地方法院於八十八年八月九日開庭，自訴人經合法傳喚無正當","原判決撤銷。
本件自訴不受理。",,https://judgment.judicial.gov.tw/FJUD/data.aspx?ty=JD&id=TPHM%2c88%2c%e4%b8%8a%e6%98%93%2c5693%2c20000510&ot=in
臺灣高等法院 89 年度 上易 字第 630 號刑事判決,89.05.10,妨害名譽,,,,,,心理變態,"一、緣甲○○與乙○○因房屋使用問題發生糾紛，嗣乙○○認甲○○涉有竊佔罪嫌向
    台灣台北地方法院提起自訴（即八十八年度自字第一０三八號案件），經台灣台
    北地方法院於八十八年十一月十六日下午二時四十分許，傳喚二人至台灣台北地
    方法院第十五法庭公開審理之際，甲○○竟因被訴而心生不滿，並基於公然侮辱
    之犯意，當庭出言辱罵乙○○「心理變態」，而公然以該等客觀上足以貶抑人格
    社會評價之言詞侮辱乙○○。
二、案經自訴人乙○○提起自訴。",上訴駁回。,,https://judgment.judicial.gov.tw/FJUD/data.aspx?ty=JD&id=TPHM%2c89%2c%e4%b8%8a%e6%98%93%2c630%2c20000510&ot=in
臺灣臺北地方法院 88 年度 自 字第 745 號刑事判決,89.05.10,妨害名譽,,,,,,未明確提取,"應依證據認定之，無證據不得推定其犯罪事實。又不能證明被告犯罪
    者，應諭知無罪之判決，刑事訴訟法第一百五十四條、第三百零一條第一項分別
    定有明文。又事實之認定，應憑證據，如未能發現相當證據，或證據不足以證明
    ，自不能以推測或擬制之方法，為裁判基礎（最高法院四十年台上字第八六號判
    例參照）；再刑法第三百十條之誹謗罪，其構成要件乃必以行為人基於毀損他人
    名譽之故意而為該條所定之行為方有該當，若行為人之所為非出於誹謗之故意，
    即難繩之以行為人該條之誹謗罪。
三、按自訴人認被告等人涉有刑法第三百十條第二項、第一項之加重誹謗罪嫌，其所
    依憑之證據及",無罪,,https://judgment.judicial.gov.tw/FJUD/data.aspx?ty=JD&id=TPDM%2c88%2c%e8%87%aa%2c745%2c20000510&ot=in
臺灣基隆地方法院 89 年度 基簡 字第 393 號刑事判決,89.05.09,妨害名譽,,,,,,未明確提取,及,公然侮辱,,https://judgment.judicial.gov.tw/FJUD/data.aspx?ty=JD&id=KLDM%2c89%2c%e5%9f%ba%e7%b0%a1%2c393%2c20000509&ot=in
臺灣基隆地方法院 89 年度 簡上 字第 74 號刑事判決,89.05.09,妨害名譽,,,,,,未明確提取,及,上訴駁回。,,https://judgment.judicial.gov.tw/FJUD/data.aspx?ty=JD&id=KLDM%2c89%2c%e7%b0%a1%e4%b8%8a%2c74%2c20000509&ot=in
臺灣高等法院 89 年度 上易 字第 871 號刑事判決,89.05.08,妨害名譽,,,,,,此人此公司負責人及他的子女為奸商、惡寇,"一、甲○○於民國（下同）八十八年五月四日上午十時四十分許，在台北市○○路○
    ○○號臺灣台北地方法院民事第十一法庭內，就公開辯論之臺灣台台北地方法院
    八十六年度重訴字第七三七號民事損害賠償案件，關於龔琅生（八十二年十二月
    二十一日死亡）、葉干雲於泉泰建設股份有限公司之股份等情為證人作證之際，
    竟出言指稱「此人此公司負責人及他的子女為奸商、惡寇」，而公然以客觀上足
    以貶抑人格社會、經濟地位評價之言詞對於以死亡之龔琅生為侮辱。
二、案經龔琅生之子乙○○訴請臺灣台北地方法院檢察署偵查起訴。",上訴駁回。,,https://judgment.judicial.gov.tw/FJUD/data.aspx?ty=JD&id=TPHM%2c89%2c%e4%b8%8a%e6%98%93%2c871%2c20000508&ot=in
臺灣高等法院 臺中分院 89 年度 附民上 字第 57 號刑事判決,89.05.05,妨害名譽,,,,,,鄉情廣播電台 | 靉友,"甲、上訴人即被告方面：
　一、聲明：求為判決原判決撤銷，被上訴人在第一審之訴駁回。
　二、陳述：
　　　引用刑案之陳述：上訴人於「鄉情廣播電台」主持節目中並未敘及被上訴人四
      處女子，連有尫的女子也騙等語，而被上訴人當初落魄時，確實是靠上訴人
      引介至廣播電台工作，事後被上訴人與上訴人分居後，確實騙有丈夫的女子，
      人家也要找他算帳，被告是勸被上訴人要修德，要做得正，不可做傷天害理的
      事，並無誹謗的意思。至於打電話進入劉榮東在「靉友」廣播電台，是打內線
      電話，僅受話者聽得到，其他聽眾並聽不到其講話的內容等語。
乙、被上訴人即原告方面：
　...",上訴駁回。,,https://judgment.judicial.gov.tw/FJUD/data.aspx?ty=JD&id=TCHM%2c89%2c%e9%99%84%e6%b0%91%e4%b8%8a%2c57%2c20000505&ot=in
臺灣臺南地方法院 89 年度 易 字第 391 號刑事判決,89.05.05,妨害名譽,,,,,,未明確提取,"一、丙○○係中藥材之販賣商人，與王乙○○（公訴人誤載為乙○○）為好友，而丁
    ○○○因曾於民國八十七年八月間向丙○○購買藥材而相識。詎丙○○與王乙○
    ○竟分別基於誹謗之犯意，意圖散布於眾，連續於八十八年五月間在台南市○○
    路○○巷○○○號，分別向客人等不特定人，傳述稱：丙○○之壯陽藥材很有用
    ，丙○○因服用該藥而可與丁○○○持續性行為四十五分鐘，丁○○○因此迷戀
    丙○○，且都自己跑去找丙○○發生關係等足以毀損丁○○○名譽之事。
二、案經丁○○○訴請台灣台南地方法院檢察署檢察官偵查起訴。","丙○○連續意圖散布於眾，而傳述足以毀損他人名譽之事，處有期徒刑叁月，如易科
罰金，以叁佰元折算壹日。
王乙○○連續意圖散布於眾，而傳述足以毀損他人名譽之事，處有期徒刑叁月，如易
科罰金，以叁佰元折算壹日。",,https://judgment.judicial.gov.tw/FJUD/data.aspx?ty=JD&id=TNDM%2c89%2c%e6%98%93%2c391%2c20000505&ot=in
最高法院 89 年度 台附 字第 37 號刑事判決,89.05.04,妨害名譽,,,,,,未明確提取,,上訴駁回。,,https://judgment.judicial.gov.tw/FJUD/data.aspx?ty=JD&id=TPSM%2c89%2c%e5%8f%b0%e9%99%84%2c37%2c20000504&ot=in
臺灣高等法院 89 年度 上易 字第 1998 號刑事判決,89.05.04,妨害名譽,,,,,,未明確提取,,上訴駁回。,,https://judgment.judicial.gov.tw/FJUD/data.aspx?ty=JD&id=TPHM%2c89%2c%e4%b8%8a%e6%98%93%2c1998%2c20000504&ot=in
臺灣高雄地方法院 89 年度 易 字第 182 號刑事判決,89.05.03,妨害名譽,,,,,,未明確提取,,無罪,,https://judgment.judicial.gov.tw/FJUD/data.aspx?ty=JD&id=KSDM%2c89%2c%e6%98%93%2c182%2c20000503&ot=in
臺灣高等法院 89 年度 上易 字第 1309 號刑事判決,89.04.29,妨害名譽,,,,,,"濫用訴訟
    權 | 連律師也告 | 不過我希望法官他實在太濫用訴訟權，一個案子裡面引述告太
    多人 | 我上次跟法官講他濫用訴訟權，就是一個案子，這些是我整理出來給法官 | 他告
    那位律師﹖ | 告代理毛乃文及林英超。另又告陳德峰律師及吳律師。
    我當初真意是說他告很多人，連律師也告之意 | 連律師也告 | 連
    律師也告 | 連律師也告 | 濫訟 | 連律師也告","，受騙而買受台北縣深坑鄉萬壽山莊一號三樓房屋，
致飽受缺水之苦，四處求助無門，最後乃毅然行使憲法所賦予之訴訟權以資救濟
    ，嗣民、刑事訴訟均獲勝訴，被上訴人竟故意虛構事實，指摘自訴人「濫用訴訟
    權」及「連律師也告」，其所陳述，並非事實；又本件被上訴人經營之宏日公司
    居間仲介故意將無蓄水池房屋賣與自訴人，自訴人係受害者，此等奸商心中何來
    感歎不平之語，原判決認被告僅將其心中感歎不平之語向法官陳述，並無散佈於
    眾之意圖，似有未合，且法院係公眾得出入之場所，被告於法院故意虛構事實，
    其意圖散佈於眾之動機，殊堪認定；另被告於法院為自訴人連律師也告之陳述後
...",上訴駁回。,,https://judgment.judicial.gov.tw/FJUD/data.aspx?ty=JD&id=TPHM%2c89%2c%e4%b8%8a%e6%98%93%2c1309%2c20000429&ot=in
臺灣屏東地方法院 89 年度 易 字第 515 號刑事判決,89.04.28,妨害名譽,,,,,,"原○○○鄉○○村○○路○號乙○○嫁出去給
    （那個、那個）回來用盡辦法，要強取娘家財產，已夠違反社會心態，很會到處
    煽動造謠，返娘家背祖，背情義的她已夠毒了，相信無人能了解她的真面目，兩
    三年前服務於屏東地政事務所，替人辦過業務發生大問題，遭人給送法院告訴，
    才混到此地崇文國小當工友，我違恐汙染貴地方，請咱們鄉親（留意）此人居住
    萬丹鄉‧‧最恐怖的，八十八年十月十三日還要請證人幫取娘家全部家產，若是
    平分，每人可得土地只有數坪而已，他們心內為何那麼髒貪想法！一生專心破害
    家庭等，並且連接這波的無天無良事件，來逆天逆地的事都敢做，此段是她做人
    做事，盼望社會人士做個公論。","一、甲○○與其胞妹乙○○為繼承遺產事滋生糾紛，竟於民國（下同）八十八年十月
    十日左右，在屏東縣東港鎮印製『原○○○鄉○○村○○路○號乙○○嫁出去給
    （那個、那個）回來用盡辦法，要強取娘家財產，已夠違反社會心態，很會到處
    煽動造謠，返娘家背祖，背情義的她已夠毒了，相信無人能了解她的真面目，兩
    三年前服務於屏東地政事務所，替人辦過業務發生大問題，遭人給送法院告訴，
    才混到此地崇文國小當工友，我違恐汙染貴地方，請咱們鄉親（留意）此人居住
    萬丹鄉‧‧最恐怖的，八十八年十月十三日還要請證人幫取娘家全部家產，若是
    平分，每人可得土地只有數坪而已，他們...","甲○○散布文字，指摘足以毀損他人名譽之事，處拘役伍拾日，如易科罰金，以參佰
元折算壹日。",,https://judgment.judicial.gov.tw/FJUD/data.aspx?ty=JD&id=PTDM%2c89%2c%e6%98%93%2c515%2c20000428&ot=in
臺灣高雄地方法院 88 年度 易 字第 3160 號刑事判決,89.04.28,妨害名譽,,,,,,幹你娘 | 臭雞巴,"一、甲○○因不滿乙○○（現為高雄市市議員）因妨害觀瞻為由，屢次糾正其在高雄
    市○○區○○路○○○號天后宮廣場前睡覺，乃基於公然侮辱之概括犯意，分別
    於民國八十八年四月十四上午八時許、同年四月二十一日上午十一時許，連續在
    多數人得共見共聞之前開廟宇廣場前，以「幹你娘」、「臭雞巴」等足以貶損人
    格之粗鄙言詞，公然侮辱乙○○。
二、案經乙○○訴由高雄市政府警察局鼓山分局報請台灣高雄地方法院檢察署檢察官
    偵查起訴。",公然侮辱,,https://judgment.judicial.gov.tw/FJUD/data.aspx?ty=JD&id=KSDM%2c88%2c%e6%98%93%2c3160%2c20000428&ot=in
臺灣新北地方法院 89 年度 易 字第 302 號刑事判決,89.04.28,妨害名譽,,,,,,未明確提取,,無罪,,https://judgment.judicial.gov.tw/FJUD/data.aspx?ty=JD&id=PCDM%2c89%2c%e6%98%93%2c302%2c20000428&ot=in
臺灣高等法院 臺中分院 89 年度 上易 字第 546 號刑事判決,89.04.27,妨害名譽,,,,,,"芳鄰大家好，主委聘丙○○為財務委員，李提出駭人聽聞的要求作交換條件，
    ˙˙˙這種明目張膽赤裸裸擴權奪權的行為，主委竟然不予處理，給予唯恐天下
    不亂一小撮壞份子莫大的鼓舞。丙○○竟欲將清潔工掌控在她手中，進行報復以
    滿足其虛榮心。˙˙˙ | 博愛住戶權益保障自救聯署書 | 芳
    鄰大家好：主委聘丙○○為財務委員，李提出駭人聽聞的要求作交換條件，他要
    主委及行政委員共同保證清潔工作改由她來管理，但財務和由誰來管理清潔工是
    不牽連的兩碼子的事，這種明目張膽赤裸裸擴權奪權行為，主委竟然不予處理，
    給予唯恐天下不亂一小撮壞分子莫大的鼓舞。丙○○竟欲將清潔工掌控在她手中
    ，進行報復以滿足其虛榮心。當違法亂紀案件通過，種種傳遍社區各個角落，真
    可用輿論嘩然來形容。清潔工作本是社區三百多戶就業權，豈能容許少數壞份子
    假公濟私輕易讓與外人。芳鄰們面對如此這般第三屆委員會，還能沉默嗎，該站
    起來作我們自己，否定它吧！即使重選老面孔依然當選，但警告作用達到，不三
    不四案件提出必定慎重。丁○○發起，八十八年五月二十八日。 | 駭人聽聞 | 明目張膽赤裸裸擴權奪權 | 給予唯
    恐天下不亂一小撮壞分子莫大的鼓舞 | 違法亂紀案件","一、公訴意旨略以：被告丁○○係台中市博愛國民住宅社區住戶，亦係該社區清潔工
    ，因不滿住戶管理委員會於民國八十八年五月七日決議社區清潔人員採外聘之決
    定，竟於八十八年五月二十八日書立博愛住戶權益保障自救聯署書，內容指稱：
    「芳鄰大家好，主委聘丙○○為財務委員，李提出駭人聽聞的要求作交換條件，
    ˙˙˙這種明目張膽赤裸裸擴權奪權的行為，主委竟然不予處理，給予唯恐天下
    不亂一小撮壞份子莫大的鼓舞。丙○○竟欲將清潔工掌控在她手中，進行報復以
    滿足其虛榮心。˙˙˙」，並將此足以毀損丙○○及其他管理委員名譽之聯署書
    交住戶傳閱並尋求聯署，嗣經丙○○等人...",上訴駁回。,,https://judgment.judicial.gov.tw/FJUD/data.aspx?ty=JD&id=TCHM%2c89%2c%e4%b8%8a%e6%98%93%2c546%2c20000427&ot=in
臺灣新北地方法院 89 年度 易 字第 627 號刑事判決,89.04.27,妨害名譽,,,,,,海新樓餐廳,"一、丁○○與戊○○○為夫妻關係，而丁○○擔任板橋民眾服務社宗教委員會會長，
    丙○○與甲○○同為該宗教委員會之會員，惟丁○○與甲○○不睦，丁○○與戊
    ○○○知悉甲○○為有婦之夫，而丙○○寡居多年，丁○○與戊○○○二人竟萌
    生散布於眾之意圖，復基於共同之犯意聯絡，在民國（下同）八十八年二月二十
    八日晚間（起訴書誤載為八十八年二月二十二日），於臺北縣板橋市○○路○號
    「海新樓餐廳」舉行春酒聚餐宴席中，由戊○○○在該餐廳內，以公眾得以聽聞
    之音量，向甲○○之妻辛○○指稱：甲○○與丙○○載來載去，有曖昧關係，有
    問題等語；而丁○○則於飲宴逐桌敬酒之...","丁○○、戊○○○共同意圖散布於眾，而指摘足以毀損他人名譽之事，各處有期徒刑
陸月，如易科罰金，以參佰元折算壹日。",,https://judgment.judicial.gov.tw/FJUD/data.aspx?ty=JD&id=PCDM%2c89%2c%e6%98%93%2c627%2c20000427&ot=in
臺灣高等法院 臺中分院 89 年度 附民 字第 152 號刑事判決,89.04.26,妨害名譽,,,,,,全生醫院 | 瘋子 | 青蕃仔,"一、原告求為判決，被告應賠償原告新台幣（下同）壹佰萬元，並願供擔保，聲請宣
    告假執行。其事實上陳述略稱，被告乙○○於民國八十七年十月八日下午，在台
    中縣○○鄉○○路○○○○號「全生醫院」五樓辦公室內夥同李政銘、林烔磐與
    告甲○○協商有關資遣問題之事宜時，竟因雙方意見不合之細故而心生不滿，當
    場公然辱罵原告甲○○「瘋子」、「青蕃仔」等語，致妨害原告之名譽而涉犯刑
    法第三百零九條第一項之公然侮辱罪，案經臺灣臺中地方法院檢察署八十八年度
    偵字第第二四四○八號提起公訴，因而請求損害賠償。
二、被告未就附帶民事訴訟部份提出書狀，亦未作何陳述，惟依其在刑事訴...",原告之訴及假執行之聲請均駁回。,,https://judgment.judicial.gov.tw/FJUD/data.aspx?ty=JD&id=TCHM%2c89%2c%e9%99%84%e6%b0%91%2c152%2c20000426&ot=in
臺灣高等法院 臺中分院 89 年度 上易 字第 772 號刑事判決,89.04.26,妨害名譽,,,,,,瘋子 | 青蕃仔 | 全生醫院 | 瘋子 | 青蕃仔 | 全生醫院 | 全生醫院 | 瘋子 | 青蕃仔,"應依證據認定之，無證據不得推定其犯罪事實，又不能證明被告犯罪
    者，應諭知無罪之判決，刑事訴訟法第一百五十四條、第三百零一條第一項分別
    定有明文。又刑事訴訟法上所謂認定犯罪事實之證據，係指足以認定被告確有犯
    罪行為之積極證據而言，該項證據自須適合於被告犯罪事實之認定，始得採為斷
    罪資料；如未能發現相當證據，或證據不足以證明，自不能以推測或擬制之方法
    ，以為裁判之基礎；且告訴人之告訴，係以使被告受刑事追訴為目的，是其陳述
    是否與事實相符，仍應調查其他證據以資審認，最高法院復著有二十九年上字第
    三一○五號、四十年台上字第八十六號、五十二年臺上字...",上訴駁回。,,https://judgment.judicial.gov.tw/FJUD/data.aspx?ty=JD&id=TCHM%2c89%2c%e4%b8%8a%e6%98%93%2c772%2c20000426&ot=in
臺灣臺北地方法院 89 年度 自 字第 201 號刑事判決,89.04.26,妨害名譽等,,,,,,未明確提取,,無罪,,https://judgment.judicial.gov.tw/FJUD/data.aspx?ty=JD&id=TPDM%2c89%2c%e8%87%aa%2c201%2c20000426%2c1&ot=in
臺灣臺北地方法院 89 年度 自 字第 201 號刑事判決,89.04.26,妨害名譽等,,,,,,未明確提取,,無罪,,https://judgment.judicial.gov.tw/FJUD/data.aspx?ty=JD&id=TPDM%2c89%2c%e8%87%aa%2c201%2c20000426&ot=in
臺灣高等法院 89 年度 上易 字第 2071 號刑事判決,89.04.25,妨害名譽,,,,,,國防工程暨採購弊案專案小組 | 插暗股,"，而指摘說明其主觀上所誤認之事，縱令該誤認之事已足
    以毀壞貶低他人在社會上之人格評價，仍因行為人主觀上欠缺毀損他人名譽之犯
    意，以致其行為與法律所規定之誹謗罪構成要件未盡相符，自難律以行為人該條
    罪責。換言之，倘無證據足證行為人係出於惡意發表言論，毀損他人名譽之情況
    下，即應推定其係以善意為之。
三、訊據被告甲○○否認有何誹謗犯行，辯稱：其係於右揭時間在市議會辦公室研判
    聯勤工程弊案資料時，對記者陳志平、戴安瑋陳述聯勤工程這麼大，不可能只有
    一個立委涉案，伊正在查有一位南部女性軍系立委，姓名是Ｓ開頭，並未指名乙
    ○○，僅表示仍在查證，中時...",上訴駁回。,,https://judgment.judicial.gov.tw/FJUD/data.aspx?ty=JD&id=TPHM%2c89%2c%e4%b8%8a%e6%98%93%2c2071%2c20000425&ot=in
臺灣高雄地方法院 89 年度 易 字第 1283 號刑事判決,89.04.25,妨害名譽,,,,,,未明確提取,,無罪,,https://judgment.judicial.gov.tw/FJUD/data.aspx?ty=JD&id=KSDM%2c89%2c%e6%98%93%2c1283%2c20000425&ot=in
臺灣新竹地方法院 88 年度 易 字第 697 號刑事判決,89.04.25,妨害名譽,,,,,,能證明其為真實者,"，應依證據認定之，無證據不得推定其犯罪事實，刑事訴訟法第一百
    五十四條定有明文。又按刑事訴訟法上所謂認定犯罪事實之證據，係指足以認定
    被告確有犯罪行為之積極證據而言，該項證據自須適合於被告犯罪事實之認定，
    始得採為斷罪資料；且認定不利於被告之事實，須依積極證據，苟積極證據不足
    為不利於被告事實之認定時，即應為有利於被告之認定，更不必有何有利之證據
    ；如未能發現相當證據，或證據不足以證明，自不能以推測或擬制之方法，以為
    裁判之基礎；告訴人之告訴，係以使被告受刑事訴追為目的，是其陳述是否與事
    實相符，仍應調查其他證據以資審認；最高法院二十九年...",無罪,,https://judgment.judicial.gov.tw/FJUD/data.aspx?ty=JD&id=SCDM%2c88%2c%e6%98%93%2c697%2c20000425&ot=in
臺灣高等法院 89 年度 上易 字第 635 號刑事判決,89.04.21,妨害名譽,,,,,,"乙○○之所以教學成績好是有問題，係威脅利誘學生，其教學
    評鑑表係自行作弊 | 對啊！有空白的教學評鑑表可以自己填 | 叫入 | 大概在
            說話的同時，他（指被告）有起來將辦公室的門關起來，類似不足為外
            人道 ...。 | 黎主任聽了立刻關起門來告訴我說 ...。 | 沒有這意思 | 我沒
            有這感覺 | 將辦
            公室門關上 | 散布於眾 | 因生科系總務室未能提
            供書面工程施工紀錄，無法確定當日是否有施工 | 怕吵才關門 | 黎主任請我進去是因杜老師曾經請學生吃
            飯的事，是我跟他說的，他要我進去就是說這件事。 | ... 我只是說以前乙○○請學生
            吃飯，學生有送玩具熊這事..。","應依證據認定之，無證據不得推定其犯罪事實。不能證明被告犯罪者
    ，應諭知無罪之判決，刑事訴訟法第一百五十四條、第三百零一條第一項定有明
    文。認定不利於被告之事實，須依積極證據，積極證據不足為不利於被告事實之
    認定時，即應為有利於被告之認定，更不必有何有利之證據（最高法院三十年度
    上字第八一六號判例參照），故證據是否真實尚欠明顯，自難以擬制推測之方法
    ，為其判斷之基礎（最高法院五十三年台上字第六五六號判例參照）；次按意圖
    散布於眾，而指摘或傳述足以毀損他人名譽之事者，為誹謗罪，刑法第三百十條
    第一項定有明文，是該罪之構成要件須有散布於眾之意圖...",上訴駁回。,,https://judgment.judicial.gov.tw/FJUD/data.aspx?ty=JD&id=TPHM%2c89%2c%e4%b8%8a%e6%98%93%2c635%2c20000421&ot=in
臺灣花蓮地方法院 88 年度 易 字第 599 號刑事判決,89.04.21,妨害名譽,,,,,,未明確提取,,本件公訴不受理。,,https://judgment.judicial.gov.tw/FJUD/data.aspx?ty=JD&id=HLDM%2c88%2c%e6%98%93%2c599%2c20000421&ot=in
臺灣臺南地方法院 89 年度 易 字第 139 號刑事判決,89.04.20,妨害名譽,,,,,,"太子廟鄉親 | 人人可為夫，真是賤 | 輕浮，不甘寂寞，人人為夫，可說是藩金
    蓮再世","一、乙○○與甲○○原為男女朋友，後因甲○○有意疏遠，乙○○心有不甘，竟意圖
    散布於眾，於民國八十八年九月一日，書寫「太子廟鄉親」信函一張，內容記載
    甲○○係「人人可為夫，真是賤」、「輕浮，不甘寂寞，人人為夫，可說是藩金
    蓮再世」等文字，指摘足以毀損甲○○名譽之事，並連同甲○○以前與其交往時
    所寄給他之信件影本十二紙，持往台南縣○○鄉○○村○○街○○○號置放於屋
    外之汽車上及該屋內，供進出之不特定人閱讀，以散布上開足以毀損甲○○名譽
    之事於眾。
二、案經被害人甲○○訴由台南縣警察局歸仁分局報請台灣台南地方法院檢察署檢察
    官偵查起訴。","乙○○意圖散布於眾，而散布文字，指摘傳述足以毀損他人名譽之事，處有期徒刑伍
月，如易科罰金以參佰元折算壹日。",,https://judgment.judicial.gov.tw/FJUD/data.aspx?ty=JD&id=TNDM%2c89%2c%e6%98%93%2c139%2c20000420&ot=in
臺灣高等法院 89 年度 上易 字第 558 號刑事判決,89.04.19,妨害名譽,,,,,,未明確提取,"，即認被告無誹謗之故意及犯行，認事用法，尚有未洽
    等情。惟按被告前開陳述，非可推論意指告訴人甲○○與人同居，原審認定並無
    錯誤。次按因自衛、自辯以善意發表言論者，不罰，刑法第三百十一條第一款定
    有明文。被告既係因告訴人表示不太認識被告，被告於前開竊盜案件因自衛、自
    辯，為表示認識告訴人，知悉告訴人交往情形，而以善意發表前開言論，依法自
    屬不罰，檢察官上訴非有",上訴駁回。,,https://judgment.judicial.gov.tw/FJUD/data.aspx?ty=JD&id=TPHM%2c89%2c%e4%b8%8a%e6%98%93%2c558%2c20000419&ot=in
臺灣高等法院 臺南分院 89 年度 上易 字第 168 號刑事判決,89.04.18,妨害名譽,,,,,,"丁○
    ○○偷我的雞及鍋蓋 | 丁○○○偷我的雞 | 丁○○○偷我的雞","一、丙○○○與丁○○○係妯娌關係，二人平日相處不睦，丙○○○竟基於意圖散佈
    於眾毀損他人名譽之概括犯意，連續於八十八年二月中旬（即農曆過完年後）在
    嘉義縣民雄鄉福權村福權十三號己○○○住處廣場後面，對己○○○稱：「丁○
    ○○偷我的雞及鍋蓋」等語；又於八十八年四月四日左右在不詳地點，向蔡何明
    蓉稱：「丁○○○偷我的雞」等語；又於八十八年七月二十七日下午五時許在福
    權村十五號前，對甲○稱：「丁○○○偷我的雞」等語，將此足以毀損丁○○○
    名譽之事，四處指摘傳播。
二、案經丁○○○訴請臺灣嘉義地方法院檢察署檢察官偵查起訴。",上訴駁回。,,https://judgment.judicial.gov.tw/FJUD/data.aspx?ty=JD&id=TNHM%2c89%2c%e4%b8%8a%e6%98%93%2c168%2c20000418&ot=in
臺灣高等法院 89 年度 上易 字第 279 號刑事判決,89.04.18,妨害名譽等,,,,,,"給ＰＡＣ董事先進們的公開信 | 業務部的運作原先由職掛副總的何先生擔任主管，但經四個多月的共事
    ，我深感後悔及恐慌，原因如下：⑴不專心投入ＰＡＣ工作，私事及私事外出佔
    每天大半以上時間，何先生掛ＰＡＣ的副總職，....... 足足有三個月時間，晚
    到很久，到公司後就私人業務、電話一堆，連絡後就外出。有大半以上不返公司
    ，且交際費交通油資均公報不敘清楚原因。他曾要我『罩他","一、乙○○係穩貿先進科技股份有限公司（以下簡稱：穩貿公司，英文簡稱為ＰＡＣ
    ）總經理，因與該公司副總經理甲○○就公司經營理念及管理模式有不同之意見
    ，且認甲○○有意與公司佔有多數股權之股東聯合將其排擠出公司，而心生不滿
    ，竟與其妻黃淑玫（未據自訴人自訴）基於共同之犯意，意圖散布於眾，先於民
    國八十八年元月間共同擬稿，由乙○○親自撰寫「給ＰＡＣ董事先進們的公開信
    」稱：「業務部的運作原先由職掛副總的何先生擔任主管，但經四個多月的共事
    ，我深感後悔及恐慌，原因如下：⑴不專心投入ＰＡＣ工作，私事及私事外出佔
    每天大半以上時間，何先生掛ＰＡＣ的副...",上訴駁回。,,https://judgment.judicial.gov.tw/FJUD/data.aspx?ty=JD&id=TPHM%2c89%2c%e4%b8%8a%e6%98%93%2c279%2c20000418&ot=in
臺灣高雄地方法院 89 年度 自 字第 128 號刑事判決,89.04.18,妨害名譽,,,,,,未明確提取,,本件自訴不受理。,,https://judgment.judicial.gov.tw/FJUD/data.aspx?ty=JD&id=KSDM%2c89%2c%e8%87%aa%2c128%2c20000418&ot=in
臺灣高等法院 89 年度 上易 字第 42 號刑事判決,89.04.17,妨害名譽,,,,,,未明確提取,"，於民國（下同）八十八年七
    月九日向原審提起自訴（八十八年自字第一八一號），嗣於審理中，經原審合法
    傳喚，自訴人無正當",上訴駁回。,,https://judgment.judicial.gov.tw/FJUD/data.aspx?ty=JD&id=TPHM%2c89%2c%e4%b8%8a%e6%98%93%2c42%2c20000417&ot=in
臺灣新北地方法院 89 年度 易 字第 1000 號刑事判決,89.04.17,妨害名譽,,,,,,未明確提取,,本件公訴不受理。,,https://judgment.judicial.gov.tw/FJUD/data.aspx?ty=JD&id=PCDM%2c89%2c%e6%98%93%2c1000%2c20000417&ot=in
臺灣高雄地方法院 89 年度 易 字第 1497 號刑事判決,89.04.13,妨害名譽,,,,,,未明確提取,,本件公訴不受理。,,https://judgment.judicial.gov.tw/FJUD/data.aspx?ty=JD&id=KSDM%2c89%2c%e6%98%93%2c1497%2c20000413&ot=in
臺灣南投地方法院 89 年度 易 字第 176 號刑事判決,89.04.13,妨害名譽,,,,,,未明確提取,"一、甲○○於民國八十九年一月七日十時許，在本院刑事第二法庭，時值本院審理八
    十八年度易字第五九一號甲○○告訴乙○○傷害案件時，甲○○因不滿乙○○所
    為陳述，一時無法壓抑情緒，出口辱罵乙○○：男盜女娼，不守婦道等語，而公
    然侮辱乙○○。
二、案經乙○○訴由臺灣南投地方法院檢察署檢察官偵查起訴。",公然侮辱,,https://judgment.judicial.gov.tw/FJUD/data.aspx?ty=JD&id=NTDM%2c89%2c%e6%98%93%2c176%2c20000413&ot=in
臺灣臺北地方法院 89 年度 簡上 字第 99 號刑事判決,89.04.12,妨害名譽,,,,,,不要臉 | 幹你娘雞歪,"一、甲○○因大陸印刷廠讓渡事宜，與戊○○發生債務糾紛，並多次要求處理未果，
    遂於民國八十八年十一月十九日上午十時許，邀同台北市士林區明勝里里長乙○
    ○前往台北市○○○路○段○○○號三樓Ｂ室戊○○辦公處所，要求戊○○還款
    ，惟仍未獲戊○○承諾，因而與之發生口角爭執，互指理虧者家人死光光等語，
    甲○○並憤而基於妨害戊○○名譽之故意，在前址多數人得以共見共聞之情形下
    ，以「不要臉」、「幹你娘雞歪」等足以貶損名譽之言語，公然侮辱戊○○。
二、案經戊○○訴由臺北市政府警察局大安分局報請臺灣臺北地方法院檢察署檢察官
    聲請以簡易判決處刑。",上訴駁回。,,https://judgment.judicial.gov.tw/FJUD/data.aspx?ty=JD&id=TPDM%2c89%2c%e7%b0%a1%e4%b8%8a%2c99%2c20000412%2c1&ot=in
臺灣高等法院 88 年度 附民上 字第 154 號刑事判決,89.04.11,妨害名譽,,,,,,未明確提取,,上訴駁回。,,https://judgment.judicial.gov.tw/FJUD/data.aspx?ty=JD&id=TPHM%2c88%2c%e9%99%84%e6%b0%91%e4%b8%8a%2c154%2c20000411&ot=in
臺灣高等法院 88 年度 上易 字第 5231 號刑事判決,89.04.11,妨害名譽,,,,,,"他（
    即丁○○）是靠打官司賺錢 | 下流","一、緣丙○○曾出售位於臺北縣深坑鄉萬壽山莊一號三樓房屋（該房屋登記名義人為
    毛乃文）予丁○○，嗣因丁○○認丙○○隱匿該山莊無公共蓄水池一事，乃自任
    原告向臺灣臺北地方法院對該房屋名義出售人（即毛乃文）提起減少價金之民事
    訴訟，而丙○○於該訴訟中係擔任被告（即毛乃文）之訴訟代理人出庭與丁○○
    訟爭，該民事事件於民國（下同）八十七年十二月二十九日，在臺灣臺北地方法
    院第二十七法庭開庭行準備程序之際，丙○○竟意圖散佈於眾，公然指稱「他（
    即丁○○）是靠打官司賺錢」等語，而指摘該等足以毀損丁○○名譽之事；其後
    因丁○○認丙○○涉有妨害名譽罪嫌，向...",上訴駁回。,,https://judgment.judicial.gov.tw/FJUD/data.aspx?ty=JD&id=TPHM%2c88%2c%e4%b8%8a%e6%98%93%2c5231%2c20000411&ot=in
臺灣高等法院 89 年度 上易 字第 1769 號刑事判決,89.04.07,妨害名譽,,,,,,未明確提取,,上訴駁回。,,https://judgment.judicial.gov.tw/FJUD/data.aspx?ty=JD&id=TPHM%2c89%2c%e4%b8%8a%e6%98%93%2c1769%2c20000407&ot=in
臺灣桃園地方法院 89 年度 易 字第 658 號刑事判決,89.04.06,妨害名譽,,,,,,未明確提取,,本件公訴不受理。,,https://judgment.judicial.gov.tw/FJUD/data.aspx?ty=JD&id=TYDM%2c89%2c%e6%98%93%2c658%2c20000406&ot=in
臺灣花蓮地方法院 89 年度 附民 字第 17 號刑事裁定,89.04.05,因妨害名譽附帶民訴,,,,,,未明確提取,,本件移送本院民事庭。,,https://judgment.judicial.gov.tw/FJUD/data.aspx?ty=JD&id=HLDM%2c89%2c%e9%99%84%e6%b0%91%2c17%2c20000405&ot=in
臺灣臺南地方法院 89 年度 易 字第 346 號刑事判決,89.04.05,妨害名譽,,,,,,荷蘭首府大樓,"一、甲○○係位於臺南市○○○街○○號二十四樓之四「荷蘭首府大樓」管理委員會
    （下簡稱大樓管委會）之第四任主任委員。因該大樓管委會第三屆、第四屆委員
    之交接產生紛爭，甲○○竟意圖散布於眾，而於大樓內張貼聲明，指摘第三屆管
    委會之監察委員乙○○○為求減免管理費，遭第四屆多數委員拒絕，因之惱羞成
    怒，污衊第四屆主任委員，並扣住大樓之印章等足以毀損乙○○○之語。
二、案經乙○○○訴請臺灣臺南地方法院檢察署檢察官偵查起訴。","甲○○意圖散佈於眾，而指摘足以毀損他人名譽之事，處罰金壹仟元，如易服勞役以
叁佰元折算壹日。",,https://judgment.judicial.gov.tw/FJUD/data.aspx?ty=JD&id=TNDM%2c89%2c%e6%98%93%2c346%2c20000405&ot=in
臺灣花蓮地方法院 88 年度 簡上 字第 29 號刑事判決,89.04.05,妨害名譽,,,,,,你是不孝女 | 你躺著賺,"一、丁○○於民國八十七年十一月十二日十七時許，在花蓮縣吉安鄉黃昏市場其妻魏
    惠珍之姐戊○○所開設之店門口，因細故與戊○○發生口角，竟公然以閩南語「
    你是不孝女」、「你躺著賺」（意指從事賣淫）等語侮辱戊○○。
二、案經被害人戊○○訴由臺灣花蓮地方法院檢察署檢察官聲請逕以簡易判決處刑。",公然侮辱,,https://judgment.judicial.gov.tw/FJUD/data.aspx?ty=JD&id=HLDM%2c88%2c%e7%b0%a1%e4%b8%8a%2c29%2c20000405&ot=in
臺灣桃園地方法院 88 年度 簡上 字第 142 號刑事判決,89.04.05,妨害名譽,,,,,,"龍纖股份有限公司 | 幹妳娘，賺吃查某
    ，要賺怎麼不去外面賺","一、丁○○曾於民國八十七年九月十日及同年月十一日，連續二度公然侮辱丙○○之
    妨害名譽犯行，於八十八年四月二十八日經本院判處拘役五十日，嗣於同年八月
    二十日經台灣高等法院駁回其上訴確定。緣八十八年一月十四日下午一時許，丙
    ○○偕同四名友人至桃園縣○○鄉○○路○段○○○巷五至七號，丁○○經營之
    「龍纖股份有限公司」外勘查該公司佔用公地之情形。丁○○聞訊前來制止，雙
  方遂起爭執。詎丁○○一時忿起，竟當眾以台語脫口怒斥：「幹妳娘，賺吃查某
    ，要賺怎麼不去外面賺」云云，以此污言穢語公然辱罵丙○○。
二、案經被害人丙○○訴由台灣桃園地方法院檢察官偵查後聲請簡易判...",公然侮辱,,https://judgment.judicial.gov.tw/FJUD/data.aspx?ty=JD&id=TYDM%2c88%2c%e7%b0%a1%e4%b8%8a%2c142%2c20000405&ot=in
臺灣高等法院 89 年度 上易 字第 912 號刑事判決,89.03.31,妨害名譽等,,,,,,未明確提取,,上訴駁回。,,https://judgment.judicial.gov.tw/FJUD/data.aspx?ty=JD&id=TPHM%2c89%2c%e4%b8%8a%e6%98%93%2c912%2c20000331&ot=in
臺灣臺北地方法院 89 年度 簡上 字第 95 號刑事判決,89.03.31,妨害名譽,,,,,,未明確提取,,上訴駁回。,,https://judgment.judicial.gov.tw/FJUD/data.aspx?ty=JD&id=TPDM%2c89%2c%e7%b0%a1%e4%b8%8a%2c95%2c20000331&ot=in
臺灣高等法院 89 年度 上易 字第 490 號刑事判決,89.03.30,妨害名譽,,,,,,"能證明 | 經證明 | 不分區退伍軍人類候選人甲○不當動員，嚴重影響新黨黨譽，撤銷參選
    資格","足以證明其誹謗之事實為真實，但被告於偵審中始終未能提出任何證據足以證
    明其所言非空穴來風。又同案被告禹耀東、李志中於偵審中亦始終無法提供任何
    證據足以證明所言空來風（渠等曾言明有查扣證物、以同樣始終無法提供任何資
    料供查證？被告何能在沒有任何證據之下，未經查證，即率爾對外散布告訴人有
    不當動員、賄選之嚴重損害其名譽之事？何能事後以聽聞上開二名證人片面之詞
    而據以卸責？況該二名證人與被告係同為選監成員，證詞難免偏頗，何能遽以採
    信？詎料原審未經詳加查證推敲，是否該等人飾串卸責之詞，是否選舉抹黑造謠
    打擊異己之手法（先對外放不利於對方之消息，...",上訴駁回。,,https://judgment.judicial.gov.tw/FJUD/data.aspx?ty=JD&id=TPHM%2c89%2c%e4%b8%8a%e6%98%93%2c490%2c20000330&ot=in
臺灣高等法院 臺南分院 88 年度 上易 字第 1735 號刑事判決,89.03.30,妨害名譽,,,,,,未明確提取,"應依證據認定之，無證據不得推定其犯罪事實；又不能證明被告犯罪
    或其行為不罰者，應諭知無罪之判決，為刑事訴訟法第一百五十四條、第三百零
    一條第一項所明文。又刑事訴訟法上所謂認定犯罪事實之證據，係指足以認定被
    告確有犯罪行為之積極證據而言，該項證據自須適合於被告犯罪事實之認定，始
    得採為斷罪資料（最高法院四十年台上字第八六號、二十九年上字第三一○五號
    判例意旨參照），復按告訴人之告訴，係以使被告受刑事訴追為目的，是其陳述
    是否與事實相符，仍應調查其他證據，以資審認（最高法院五十二年度台上字第
    一三００號判例參照）。而告訴人之指訴，須無瑕疵可指...",無罪,,https://judgment.judicial.gov.tw/FJUD/data.aspx?ty=JD&id=TNHM%2c88%2c%e4%b8%8a%e6%98%93%2c1735%2c20000330&ot=in
臺灣高等法院 臺中分院 89 年度 上易 字第 614 號刑事判決,89.03.28,妨害名譽等,,,,,,未明確提取,及,上訴駁回。,,https://judgment.judicial.gov.tw/FJUD/data.aspx?ty=JD&id=TCHM%2c89%2c%e4%b8%8a%e6%98%93%2c614%2c20000328&ot=in
臺灣臺北地方法院 89 年度 自 字第 102 號刑事判決,89.03.28,妨害名譽,,,,,,未明確提取,,無罪,,https://judgment.judicial.gov.tw/FJUD/data.aspx?ty=JD&id=TPDM%2c89%2c%e8%87%aa%2c102%2c20000328&ot=in
臺灣臺北地方法院 89 年度 自 字第 102 號刑事判決,89.03.28,妨害名譽,,,,,,未明確提取,,無罪,,https://judgment.judicial.gov.tw/FJUD/data.aspx?ty=JD&id=TPDM%2c89%2c%e8%87%aa%2c102%2c20000328%2c1&ot=in
臺灣高等法院 臺南分院 89 年度 上易 字第 493 號刑事判決,89.03.27,妨害名譽,,,,,,未明確提取,"一、乙○○、甲○○係姊妹，於民國八十八年四月二日晚上，二人在台南縣新營市○
    ○街十三之六號，與甲○○之夫郭俊宏就辦理離婚一事發生口角，適郭俊宏之妹
    郭玫纖於當晚二十時十八分許進入該處欲接其父郭江拋返家，乙○○、甲○○二
    人竟共同基於公然侮辱之故意，對郭玫纖辱罵，謂其脫褲子在人家的錢等語，
    並從屋內追罵郭玫纖至屋外，於不特定多數人得以共見共聞之狀態下，侮辱郭玫
    纖。
二、案經郭玫纖訴由台南縣警察局新營分局移送台灣台地方法院檢察署檢察官偵查起
    訴。","上訴駁回。
乙○○、甲○○均緩刑參年。",,https://judgment.judicial.gov.tw/FJUD/data.aspx?ty=JD&id=TNHM%2c89%2c%e4%b8%8a%e6%98%93%2c493%2c20000327&ot=in
臺灣臺南地方法院 89 年度 易 字第 528 號刑事判決,89.03.23,妨害名譽,,,,,,"六甲農會理事甲○○的龜仔兒子
    陳建良，借錢皮皮不還","一、乙○○○因不滿甲○○之子陳建良欠其新台幣三百六十萬元不還，竟意圖散布於
    眾，於民國八十八年八月中旬，在台南縣六甲鄉之市場、鄉公所、農會等人群過
    往街道之交通號誌、電線桿或牆上，張貼書有「六甲農會理事甲○○的龜仔兒子
    陳建良，借錢皮皮不還」等文字之海報，將足以毀損陳壽南名譽之事，向過往該
    地之不特定人散布指摘。
二、案經陳壽南訴由台南縣警察局麻豆分局報請臺灣台南地方法院檢察署檢察官偵查
    聲請簡易判決處刑。","乙○○○意圖散布於眾，而散布文字，指摘足以毀損他人名譽之事，處有期徒刑肆月
，如易科罰金，以叁佰元折算壹日。
扣案之海報影本貳紙沒收。",,https://judgment.judicial.gov.tw/FJUD/data.aspx?ty=JD&id=TNDM%2c89%2c%e6%98%93%2c528%2c20000323&ot=in
臺灣高等法院 89 年度 上易 字第 437 號刑事判決,89.03.22,妨害名譽,,,,,,"於八十八年十月十二日因王瑞秋告
    訴伊妨害名譽一案出庭應訊，並聲請法院傳喚當時在場之李哲兒、李錦嫥到庭作
    證，證明伊並無妨害王瑞秋名譽之行為，李哲兒固證稱乙○○小時發高燒，稍有
    智能不足等語，惟非如自訴狀所述如此不堪，況伊並無隻言指稱乙○○小時候得
    到腦炎，頭腦燒壞，現在意識不清楚，無行為能力，沒有自主意識，無法作主，
    受人教她才串供．．．，何來誹謗之有","應依證據認定之，無證據不得推定其犯罪事實。又不能證明被告犯罪
    者，應諭知無罪之判決，刑事訴訟法第一百五十四條、第三百零一條第一項前段
    分別定有明文。而認定不利於被告之事實，須依積極證據，苟積極證據不足為不
    利於被告事實之認定時，即應為有利於被告之認定，更不必有何有利之證據。又
    告訴人之指訴係以使被告受刑事訴追為目的，是其陳述是否與事實相符，仍應調
    查其他證據以資審認，最高法院迭著有判例可循（最高法院三十年上字第八一六
    號、五十二年台上字第一三００號判例參照）。
三、訊據被告甲○○否認有何誹謗犯行，辯稱：「於八十八年十月十二日因王瑞秋告
    訴...",上訴駁回。,,https://judgment.judicial.gov.tw/FJUD/data.aspx?ty=JD&id=TPHM%2c89%2c%e4%b8%8a%e6%98%93%2c437%2c20000322&ot=in
臺灣高等法院 89 年度 上易 字第 2018 號刑事判決,89.03.22,妨害名譽,,,,,,"罪證有疑，利於被告 | 有伴生活大廈 | 有粉味 | 奢侈 | 伊先生（即金家驊）每天
    晚上與主委通電話，他不是為自己，大家都說主委、副主委（即金家驊）亂花錢
    ，我不知道他們亂花什麼錢，我們換管理公司，我們也是為了住戶安全，怕鑰匙
    會留在他們手上，我們請鎖匠來換鑰匙，也請來評估約一萬四千多元，可是主委
    有認識鎖匠，請來調整鎖裡面東西，只要花二千多元，這當中我們為各位處處在
    省錢，在此之前，各位委員定期會議，我們沒有花各位一毛錢，有一次我先生開
    會至八、九點回來，我問他吃飽了沒？他說還沒吃，他跟我說我為了要住戶了解
    ，我們沒有亂花，他們沒有花錢在吃的上面，但是我們前三任的委員，他們開完
    委員會之後，他們如何去奢侈，請你們去打聽一下（下面有人抗議），還有我今
    天要澄清的一點是今天我們的信箱裡投了那麼多浪費的紙張，我想告訴你們的事
    是我們的車卡才一百七十多份，可是我們却花了將近二萬元，你去問看看這車卡
    有這麼貴的嗎？ | 前三屆開會時，均在友伴開發租的一個小房間開會，開會可抵用管理費，其他空
    間是由友伴使用，所以當我們當委員時，覺得這筆費用沒有必要，我們開會是在
    我們所屬會議室開會，再向他們收管理費，並且有把門打開，儘量讓住戶來參與
    ，我聽到住戶說我們本屆委員在浪費錢，聽得很難過，所以才有一個前三任的委
    員安撫我，我們這一屆作的蠻辛苦的還要被質疑，他們前面於開完會後有去吃飯
    的 | 奢侈 | 奢侈","應依證據認定之，無證據不得推定其犯罪事實；又不能證明被告犯罪
    者，應諭知無罪之判決，刑事訴訟法第一百五十四條、第三百零一條第一項分別
    定有明文；次按刑事訴訟上證明之資料，無論其為直接證據或間接證據，均須達
    於通常一般之人均不致於有所懷疑，而得確信其為真實之程度，始得據為有罪之
    認定，若其關於被告是否犯罪之證明未能達此程度，而有合理性懷疑之存在，致
    使無從形成有罪之確信，根據「罪證有疑，利於被告」之證據法則，即不得遽為
    不利被告之認定（最高法院七十六年度台上字第四九八六號判例意旨參照），其
    以情況證據（即間接證據）斷罪時，尤須基於該證據在直...",上訴駁回。,,https://judgment.judicial.gov.tw/FJUD/data.aspx?ty=JD&id=TPHM%2c89%2c%e4%b8%8a%e6%98%93%2c2018%2c20000322&ot=in
臺灣臺南地方法院 89 年度 自 字第 134 號刑事裁定,89.03.22,妨害名譽,,,,,,未明確提取,,自訴駁回。,,https://judgment.judicial.gov.tw/FJUD/data.aspx?ty=JD&id=TNDM%2c89%2c%e8%87%aa%2c134%2c20000322&ot=in
臺灣新北地方法院 88 年度 易 字第 3084 號刑事判決,89.03.22,妨害名譽等,,,,,,"福臨門 | 福臨
    門","一、乙○○曾犯傷害及詐欺等罪名，其中因詐欺案件，於民國（下同）八十七年一月
    二十日經判處有期徒刑十月，緩刑三年確定。詎其於緩刑期間猶不知警惕，因其
    妻鄭紅桃與福照建設股份有限公司（下簡稱福照公司）買賣房屋滋生糾紛，乃於
    八十八年四月三日下午四時許，進入福照公司位於台北縣板橋市○○街○○○巷
    ○○號「福臨門」工地之接待中心內，指責福照公司唆使以電話對其恐嚇，當時
    值萬泰商業銀行三重分行行員丁○○、沈輝楓、吳欣怡等人在現場為購買「福臨
    門」房屋之客戶辦理貸款對保手續中，乙○○為阻止上開人員辦理對保，竟以掀
    翻接待中心之桌子，並將桌腳丟至門外之...","乙○○以強暴妨害人行使權利，處拘役貳拾伍日，如易科罰金，以叁佰元折算壹日。
其餘被訴加重毀謗罪部分公訴不受理。",,https://judgment.judicial.gov.tw/FJUD/data.aspx?ty=JD&id=PCDM%2c88%2c%e6%98%93%2c3084%2c20000322&ot=in
臺灣臺北地方法院 89 年度 附民 字第 75 號刑事判決,89.03.20,因妨害名譽案附帶民訴,,,,,,未明確提取,"甲、原告方面：
一、訴之聲明：
    被告應給付原告新台幣（下同）一百萬元及自起訴狀繕本送達翌日起至清償日止
    按年息百分之五計算之利息，並願供擔保，請宣告假執行。
二、陳述：
    如附件之起訴狀所載。
乙、被告方面：
一、訴之聲明：
    原告之訴駁回。
二、陳述：
    未提出其他陳述及書狀。",原告之訴及假執行之聲請均駁回。,,https://judgment.judicial.gov.tw/FJUD/data.aspx?ty=JD&id=TPDM%2c89%2c%e9%99%84%e6%b0%91%2c75%2c20000320%2c1&ot=in
臺灣臺北地方法院 89 年度 附民 字第 75 號刑事判決,89.03.20,因妨害名譽案附帶民訴,,,,,,未明確提取,"甲、原告方面：
一、訴之聲明：
    被告應給付原告新台幣（下同）一百萬元及自起訴狀繕本送達翌日起至清償日止
    按年息百分之五計算之利息，並願供擔保，請宣告假執行。
二、陳述：
    如附件之起訴狀所載。
乙、被告方面：
一、訴之聲明：
    原告之訴駁回。
二、陳述：
    未提出其他陳述及書狀。",原告之訴及假執行之聲請均駁回。,,https://judgment.judicial.gov.tw/FJUD/data.aspx?ty=JD&id=TPDM%2c89%2c%e9%99%84%e6%b0%91%2c75%2c20000320&ot=in
臺灣南投地方法院 89 年度 埔附民 字第 2 號刑事判決,89.03.20,因妨害名譽案提起附帶民事訴訟,,,,,,未明確提取,如附件原告之起訴狀所載。,原告之訴駁回。,,https://judgment.judicial.gov.tw/FJUD/data.aspx?ty=JD&id=NTDM%2c89%2c%e5%9f%94%e9%99%84%e6%b0%91%2c2%2c20000320&ot=in
臺灣新北地方法院 87 年度 易 字第 721 號刑事裁定,89.03.20,妨害名譽,,,,,,未明確提取,,,,https://judgment.judicial.gov.tw/FJUD/data.aspx?ty=JD&id=PCDM%2c87%2c%e6%98%93%2c721%2c20000320&ot=in
臺灣臺北地方法院 89 年度 易 字第 441 號刑事判決,89.03.20,妨害名譽,,,,,,未明確提取,,無罪,,https://judgment.judicial.gov.tw/FJUD/data.aspx?ty=JD&id=TPDM%2c89%2c%e6%98%93%2c441%2c20000320&ot=in
臺灣臺北地方法院 89 年度 易 字第 441 號刑事判決,89.03.20,妨害名譽,,,,,,未明確提取,,無罪,,https://judgment.judicial.gov.tw/FJUD/data.aspx?ty=JD&id=TPDM%2c89%2c%e6%98%93%2c441%2c20000320%2c1&ot=in
臺灣高等法院 高雄分院 89 年度 附民 字第 42 號刑事判決,89.03.17,妨害名譽,,,,,,人渣！人渣,"一、原告聲明求為判決，被告應賠償原告新台幣（下同）二百萬元及自本訴狀送達翌
    日起，至清償日止，按年息百分之五計算之利息。被告應於聯合報、中國時報、
    自由時報第一版登報道歉，並願供擔保，聲請宣告假執行。其事實上陳述略稱，
    被告乙○○於八十八年三月三十日，在台灣高雄地方法院刑事第五法庭，公然當
    眾辱罵原告「人渣！人渣」等語，又於民國八十八年四月九日台灣高雄地方法院
    刑事第五法庭中，意圖妨害名譽，以涉及私德而與公共利益無關之不實指述，稱
    原告偽造被告之名字發表文章後，污蔑原告為髒，被告涉犯刑法第三百零九條罪
    嫌，業經本院審理中，爰依民法第一百八...",原告之訴及假執行之聲請均駁回。,,https://judgment.judicial.gov.tw/FJUD/data.aspx?ty=JD&id=KSHM%2c89%2c%e9%99%84%e6%b0%91%2c42%2c20000317&ot=in
臺灣高等法院 89 年度 上易 字第 1737 號刑事判決,89.03.17,妨害名譽,,,,,,未明確提取,,上訴駁回。,,https://judgment.judicial.gov.tw/FJUD/data.aspx?ty=JD&id=TPHM%2c89%2c%e4%b8%8a%e6%98%93%2c1737%2c20000317%2c1&ot=in
臺灣高等法院 89 年度 上易 字第 554 號刑事判決,89.03.17,妨害名譽,,,,,,"你沒有正常上班，我懷疑你出賣公司，對
    公司不忠 | 該辦公室內有七個人，但我不記得當天有其他人在場。 | 有一位助理小姐鄧曉容小姐
    在。 | 我只能說辦
    公室有人，誰在無法確定。 | 你沒有正
    常上班，我懷疑你出賣公司，對公司不忠","應依證據認定之，無證據不得推定其犯罪事實；又不能証明被告犯罪
    者，應諭知無罪之判決，刑事訴訟法第一百五十四條、第三百零一條第一項前段
    分別定有明文。再按刑法第三百十條第一項之誹謗罪須行為人有指謫或傳述足以
    毀損他人名譽之事，並有散布於眾之意圖始足當之，又所謂散布於眾，係指將事
    實傳播於不特定之人或多數人，使大眾得知悉其內容而言。
三、本件自訴意旨認被告乙○○涉有誹謗罪嫌，無非以被告乙○○因其曾具函向新竹
    縣社會科函詢有關勞工權益事項，竟在六福公司辦公室對自訴人為誹謗，並提出
    錄音帶及譯文供為証據為其主要論據。訊據被告乙○○固坦承其確有於前揭時、
...",上訴駁回。,,https://judgment.judicial.gov.tw/FJUD/data.aspx?ty=JD&id=TPHM%2c89%2c%e4%b8%8a%e6%98%93%2c554%2c20000317&ot=in
臺灣高等法院 高雄分院 89 年度 上易 字第 114 號刑事判決,89.03.17,妨害名譽,,,,,,"骯髒人、骯髒牲（台語） | 你們家族都是暴力的 | 人渣！人渣！ | 髒！ | 人渣 | 人渣 | 八十八年三月卅日在開庭前在第五法庭裡面旁聽
    席前（即在法庭內），惟證人林伯祥在本院證述：「八十八年三月卅日，在一樓
    第五法庭斜對面中庭時要走到第五法庭時在外面之侯訊區到法庭門口時聽到丙○
    ○在庭外侯訊區罵乙○○「人渣 | 人渣","曾經判決確定者，其
    效力當然及於全部，故若將其他部分重行起訴，亦應諭知免訴之判決，合先敘明
    。
三、經查本件被告丙○○前因基於侮辱自訴人乙○○之概括犯意，先於民國八十七年
    六月八日上午十時許，在高雄市○○○路○號自訴人住宅門前，當場辱罵自訴人
    係「骯髒人、骯髒牲（台語）」等語，又於八十八年二月二十四日上午，在臺灣
    高雄地方法院檢察署法庭前走廊，甲然辱罵自訴人稱「你們家族都是暴力的」等
    語之行為，經本院於八十八年七月十四日以八十八年度上易字第一０七八號判決
    被告連續甲然侮辱人，處拘役四十日，如易科罰金以三百元折算一日確定在案（
    被告...",上訴駁回。,,https://judgment.judicial.gov.tw/FJUD/data.aspx?ty=JD&id=KSHM%2c89%2c%e4%b8%8a%e6%98%93%2c114%2c20000317&ot=in
臺灣高等法院 高雄分院 89 年度 上易 字第 201 號刑事判決,89.03.17,妨害名譽,,,,,,"（當時你是否在場？）當時我在樓下等語 | 在我廣東三街四二二號住處，她向我說我太太林碧珍和
    沈寶川有曖昧的事，我要如何處理。 | 乙○○○打電話告訴我說沈
    寶川去找丙○○○，有曖昧關係。 | 沈林
    金治在八十七年十二月十五日早上打電話給我說丙○○○和他先生有曖昧關係。","業據告訴人丙○○○指訴綦詳，核與
    證人沈寶能所證述之情節相符，被告雖否認犯行，惟所辯顯不可採等語，以為論
    據。訊據被告乙○○○堅詞否認有上述犯行，辯稱：伊因與沈寶能有債務糾紛，
    故於八十七年十二月十四日至沈寶能住處二樓向沈寶能索債，當時僅有伊與沈寶
    能在場等語。
三、按犯罪事實應依證據認定之，無證據不得推定其犯罪事實；又不能證明被告犯罪
    ，應諭知無罪之判決。刑事訴訟法第一百五十四條及第三百零一條分別定有明文
    。次按，告訴人之告訴，係以使被告受刑事訴追為目的，是其陳述是否與事實相
    符，仍應調查其他證據以資審認，最高法院五十二年台上字第一三０...",上訴駁回。,,https://judgment.judicial.gov.tw/FJUD/data.aspx?ty=JD&id=KSHM%2c89%2c%e4%b8%8a%e6%98%93%2c201%2c20000317&ot=in
臺灣高等法院 臺中分院 89 年度 上易 字第 117 號刑事判決,89.03.16,妨害名譽,,,,,,"我很恨老闆娘，我要報復
    ，我要殺老闆娘，我不去殺她，我也要叫我男朋友殺她‧‧‧ | 蕭惠齡要殺丁○○、要『殺其孩子 | 殺員工 | 殺其
    孩子 | 殺員工 | 蕭惠齡要殺丁○○、要『殺其孩子 | 殺員工 | 他女兒還說要殺我怎
    麼樣，要叫男朋友怎麼樣，對孩子怎麼樣，對付我公司怎麼樣‧‧‧ | 蕭惠齡要殺丁○○、要『殺其孩子 | 殺員工 | 黎明企業行 | 黎明企業行 | 你看啥小（台語，指你看什麼） | 你把事情搞
    破了（國語，指搞砸了好事，原可私下了斷，造成不可收拾） | 黎明企業行 | 破什麼！破什麼！破你娘（台語） | 我很恨老闆娘，我要報復，我要殺老
    闆娘，我不去殺她，我也要叫我男朋友殺她，妳去轉述也沒關係，我一定要殺她
    ‧‧‧ | 意圖散布於眾而指摘","應依証據認定之，無証據不得推定其犯罪事實，刑事訴訟法第一百
    五十四條定有明文。又按刑法第三百十條之誹謗罪，其基本構成有三，即①須意
    圖散布於眾②須有指摘或傳述之行為③所指摘或傳述者，足以毀損他人名譽，始
    足構成該罪。又同法第三百十三條妨害信用罪，乃指散布流言，或以詐術，損害
    他人經濟上之社會評價始足當之，此觀各該條文之規定甚明。此外，以善意發表
    言論，而有因自衛、自辯或保護合法之利益之情形者，不罰，亦為刑法第三百十
    一條第一款所規定。
三、本件訊之被告丁○○、乙○○均堅決否認有何自訴人指訴之妨害名譽犯行，丁○
    ○辯稱：前自訴人之女蕭惠齡於...",上訴駁回。,,https://judgment.judicial.gov.tw/FJUD/data.aspx?ty=JD&id=TCHM%2c89%2c%e4%b8%8a%e6%98%93%2c117%2c20000316&ot=in
臺灣高等法院 臺中分院 89 年度 上易 字第 420 號刑事裁定,89.03.15,妨害名譽,,,,,,未明確提取,,,,https://judgment.judicial.gov.tw/FJUD/data.aspx?ty=JD&id=TCHM%2c89%2c%e4%b8%8a%e6%98%93%2c420%2c20000315&ot=in
臺灣高等法院 89 年度 上易 字第 900 號刑事判決,89.03.15,妨害名譽,,,,,,未明確提取,"，前經自訴人於八十八年六月十日向台灣
　　台北地方法院提出自訴，因自訴人經合法傳喚，無正當",上訴駁回。,,https://judgment.judicial.gov.tw/FJUD/data.aspx?ty=JD&id=TPHM%2c89%2c%e4%b8%8a%e6%98%93%2c900%2c20000315&ot=in
臺灣高等法院 88 年度 上易 字第 5738 號刑事判決,89.03.15,妨害名譽,,,,,,"是死人告的 | 雙方土地糾紛很久，我們基於為民服務到現場協調，雙方
      口氣比較不好，有爭執莊先生拿一份判決出來，給甲○○看，甲○○說不是他
      告乙○○，乙○○就用台語說，如果不是你告的那不就是死人告的．．． | 若不是你告的，那不就是死人告的 | 是誰告的 | 若不是你告的，那不就是死人告的 | 死人告的","應依證據認定之，無證據不得推定其犯罪事實，又不能證明被告犯罪
    者，應諭知無罪之判決，刑事訴訟法第一百五十四條、第三百零一條第一項定有
    明文。又事實之認定，應憑證據，如未能發現相當證據，或證據不足以證明，自
    不能以推測或擬制之方法，為裁判基礎，最高法院五十三年台上字第二七五０號
    及四十年台上字第八十六號著有判例。
三、訊據被告乙○○雖坦承於上開時地因劃定界址事件，而有與自訴人及地政事務所
    人員在場，但堅詞否認有何公然侮辱及誹謗之犯行，辯稱：當天在伊家樓下，地
    政人員來，伊拿法院的判決來依法處理，沒有罵他，且在法院雙方均有很多案件
    在法院訴訟...",上訴駁回。,,https://judgment.judicial.gov.tw/FJUD/data.aspx?ty=JD&id=TPHM%2c88%2c%e4%b8%8a%e6%98%93%2c5738%2c20000315&ot=in
臺灣臺北地方法院 89 年度 附民 字第 103 號刑事判決,89.03.14,因妨害名譽案附帶民訴,,,,,,未明確提取,"甲、原告之聲明及陳述如附件之起訴狀所載。
乙、被告未為任何聲明或陳述，亦未提出任何書狀。",原告之訴及假執行之聲請均駁回。,,https://judgment.judicial.gov.tw/FJUD/data.aspx?ty=JD&id=TPDM%2c89%2c%e9%99%84%e6%b0%91%2c103%2c20000314&ot=in
臺灣臺北地方法院 89 年度 易 字第 298 號刑事判決,89.03.14,妨害名譽,,,,,,未明確提取,,無罪,,https://judgment.judicial.gov.tw/FJUD/data.aspx?ty=JD&id=TPDM%2c89%2c%e6%98%93%2c298%2c20000314&ot=in
臺灣臺北地方法院 89 年度 易 字第 298 號刑事判決,89.03.14,妨害名譽,,,,,,未明確提取,,無罪,,https://judgment.judicial.gov.tw/FJUD/data.aspx?ty=JD&id=TPDM%2c89%2c%e6%98%93%2c298%2c20000314%2c1&ot=in
臺灣南投地方法院 89 年度 埔刑簡 字第 36 號刑事判決,89.03.13,妨害名譽,,,,,,未明確提取,及,公然侮辱,,https://judgment.judicial.gov.tw/FJUD/data.aspx?ty=JD&id=NTDM%2c89%2c%e5%9f%94%e5%88%91%e7%b0%a1%2c36%2c20000313&ot=in
臺灣南投地方法院 88 年度 簡上 字第 124 號刑事判決,89.03.13,妨害名譽,,,,,,未明確提取,及,"上訴駁回。
甲○○、丁○○均緩刑貳年。",,https://judgment.judicial.gov.tw/FJUD/data.aspx?ty=JD&id=NTDM%2c88%2c%e7%b0%a1%e4%b8%8a%2c124%2c20000313&ot=in
臺灣臺南地方法院 88 年度 南簡上 字第 74 號刑事判決,89.03.13,妨害名譽,,,,,,未見笑,"己○○係台南縣私立港明高級中學董事會董事長，於民國八十七年十一月二十七日上
午九時三十分許，在港明中學崇智樓一樓閱覽室，召開港明中學董事會第十二屆第七
次臨時會議之不特定之多數人得共見共聞之公眾場合上，要求身為該校代理校長之丙
○○離席，嗣丙○○未依其請求離席，己○○即公然出言「未見笑」之語（台語發音
）辱駡丙○○。案經丙○○訴請偵辦，由檢察官聲請以簡易判決處刑。",上訴駁回。,,https://judgment.judicial.gov.tw/FJUD/data.aspx?ty=JD&id=TNDM%2c88%2c%e5%8d%97%e7%b0%a1%e4%b8%8a%2c74%2c20000313&ot=in
臺灣新北地方法院 88 年度 附民 字第 612 號刑事判決,89.03.10,妨害名譽,,,,,,未明確提取,"甲、原告方面：
一、聲明：
  （一）被告應刊登報紙向原告公開道歉。
  （二）被告應給付原告新臺幣（下同）伍拾萬元正，及自八十八年八月九日起至清
        償日止，按週年利率百分之五計算之利息。
  （三）訴訟費用由被告負擔。
二、陳述：
    被告於八十八年三月二十四日及多次不同場合，用各種言語妨害原告名譽，致原
    告夫妻反目成仇，原告身心受損甚鉅，爰依民法侵權行為請求如聲明。
乙、被告方面：被告未為任何聲明或陳述，亦未提出任何書狀。",原告之訴駁回。,,https://judgment.judicial.gov.tw/FJUD/data.aspx?ty=JD&id=PCDM%2c88%2c%e9%99%84%e6%b0%91%2c612%2c20000310&ot=in
臺灣新北地方法院 88 年度 易 字第 3615 號刑事判決,89.03.10,妨害名譽,,,,,,未明確提取,,無罪,,https://judgment.judicial.gov.tw/FJUD/data.aspx?ty=JD&id=PCDM%2c88%2c%e6%98%93%2c3615%2c20000310&ot=in
臺灣高等法院 89 年度 附民上 字第 3 號刑事判決,89.03.09,妨害名譽,,,,,,捷和生活家,"一、上訴人提起上訴聲明求為判決將第一審之判決廢棄，被上訴人應連帶賠償上訴人
    丁○○新台幣（以下同）一百萬元，連帶賠償上訴人丙○○一百萬元，及均自起
    訴狀繕本送達翌日（民國八十八年三月十六日）起至清償日止，按週年利率百分
    之五計算之利息，被上訴人並應於「捷和生活家」社區公眾得出入之場所以文字
    公開向上訴人道歉。其事實陳述略稱：援引原審時所為之陳述。而求為判決如訴
    之聲明，並援用刑事訴訟之證據。
二、被上訴人未提書狀，亦未作何陳述，惟依其在刑事訴訟之陳述，否認有何侵權行
    為。",上訴駁回。,,https://judgment.judicial.gov.tw/FJUD/data.aspx?ty=JD&id=TPHM%2c89%2c%e9%99%84%e6%b0%91%e4%b8%8a%2c3%2c20000309&ot=in
臺灣高等法院 臺南分院 89 年度 上易 字第 176 號刑事判決,89.03.09,妨害名譽等,,,,,,未明確提取,及,上訴駁回。,,https://judgment.judicial.gov.tw/FJUD/data.aspx?ty=JD&id=TNHM%2c89%2c%e4%b8%8a%e6%98%93%2c176%2c20000309&ot=in
臺灣高等法院 88 年度 上易 字第 3498 號刑事判決,89.03.09,妨害名譽,,,,,,未明確提取,"已明，毋再予
    傳訊必要，併予敘明。又被告甲○○被訴妨害名譽部分，自訴人並未敘明或提出
    任何證據以資證實。此外，經查復無其他積極證據足資證明被告等有何妨害名譽
    之犯行，原審因以不能證明被告等此部分犯罪，均諭知無罪之判決，核無不合，
    上訴意旨猶執陳詞，認被告等應成立犯罪，指摘原判決此部分不當，為無",上訴駁回。,,https://judgment.judicial.gov.tw/FJUD/data.aspx?ty=JD&id=TPHM%2c88%2c%e4%b8%8a%e6%98%93%2c3498%2c20000309&ot=in
臺灣高等法院 高雄分院 88 年度 上易 字第 2374 號刑事判決,89.03.09,妨害名譽,,,,,,未明確提取,及,上訴駁回。,,https://judgment.judicial.gov.tw/FJUD/data.aspx?ty=JD&id=KSHM%2c88%2c%e4%b8%8a%e6%98%93%2c2374%2c20000309&ot=in
臺灣高等法院 89 年度 上易 字第 78 號刑事判決,89.03.09,妨害名譽,,,,,,"積極證據足以為不利被告事實之認定 | 我要的不多─只是真正公平的對待 | 甲○○的聲明 | 迷惑與痛心 | 引狼人 | 各別 | 二人竟基於共同妨害名譽之犯意〔聯絡〕 | 八十七年三月二十二日，曹嘉晏以『我要的不多─只是真正
        公平的對待 | 社區所有的問題到底應該由誰負責？管委會？樓管
              公司？若管理委員無暇親自參與社區事務，就應該尋覓一家有經驗、
              有制度的樓管公司。如今，若決議用中捷：１、誠懇期望所有委員捐
              棄私利與私見，真心為社區服務。... 。５、若委員會認為只要安全
              與清潔，服務不重要，本人只能無奈的說：〞悲也〞！並認為中捷只
              值四十五元的三分之二價格... 三十元。〔請簽約小組參考〕。...
              現在向委員會提出正式辭職，... 但願此後社區風平浪靜，我也該享
              受一下目前擁有安全、清潔，不需服務的『十大名廈 | 委託中捷建築物維護管理股份有限公司〔下稱中捷公司〕之
              決議 | 決議 | 中捷公司 | 正式簽約 | 認為中捷只值四十五元的三分之二價格... 三十元。〔請簽約
              小組參考〕 | 簽約小組 | 簽約 | 誹謗 | 認為中捷只值四十五元的三分之二價格... 三十元
              。〔請簽約小組參考〕 | 個人 | 自己 | 主觀評價 | 〔請簽約小組
              參考〕 | 簽約小組 | 評價 | 推衍 | 使社區多花費三分之一
              之價錢換來一家沒經驗、沒制度的樓管公司 | 我要的不多─只是真正公平的對待 | 樓管公司產生之曲折過程 | 第一回〔第二次委員會〕：決議自
              八家樓管公司〔包括總幹事制〕中票選最高家；第二回〔第三次委員
              會2/12〕... 中捷第三高票，保留最後決選權〔列為種子公司〕，首
              都十九票、第一高票，信義十二票、第二高票，〔備註〕推翻第二次
              委員會決議，使中捷成為票選之種子公司；第三回〔第四次委員會2/
    25〕中捷二十六票、首都十一票。信義０票，〔備註〕１中捷鄭余總
              經理突然蒞臨專題演講。２部份委員退席抗議；第四回〔第五次委員
              會3/16─應係3/14〕中捷十四票、首都十七票，〔備註〕監委及出席
              委員鼓掌通過；第四〔應係五〕回〔第五次委員會3/19〕中捷二十二
              票、首都十五票，〔備註〕兩位監委召開臨時會議，否決前次會議之
              決議 | 終〔中〕捷總經
              理是在開會前即來，我有問他為何來，他說今天要開會，他來以表誠
              意... | 經過 | 告訴人主持決定樓管公司
                    之議程上，坦護中捷公司 | 依何因、據何由 | 八十七年三月二十六日甲○○散發不實之聲明，指摘告訴人
        欲假借將案外人江守中除名，方便與捷和建設股份有限公司於公設驗收時能
        容易過關，並指摘告訴人授權更改會議紀錄，及告訴人出賣社區之利益，從
        中謀利，損害告訴人名譽。 | 甲○○的聲明 | 是否有人藉此之〔指江守中〕除名，以方便捷和
              建設於公設驗收時輕騎過關？ | 捷和生活家社區
              住戶規約 | 視為解任 | 視為解任 | 選擇性 | 聯想 | 質疑 | 選擇性 | 質疑 | 聯想 | 誹謗 | 各該會議得設置紀錄委員會，專司核對紀錄事宜，如有『異議 | 異議 | 應向大家提出報告。 | 未授權主席得逕行
              更改會議紀錄 | 第一次管理委員會會議臨時動議『修改 | 是誰授權更改會議紀錄？誰有權更改會議紀錄？ | 甲○○的聲明 | 三月十四日管委會中，羅主委以復
              興營造總經理誠意不足，逕以驅逐離席，該公司施工所導致本社區牆
              壁龜裂問題，如何善後隻字未提，『此舉是否給有心人士藉以從中謀
              利 | 有關87.1
                    .17『復興營造 | 復興營造 | 報告 | 報告上次會
     決議案執行情形。 | 復興營造總經理 | 該公
                    司〔復興營造公司〕施工所導致本社區牆壁龜裂問題，如何善
                    後 | 隻字未提 | 有關復興營造建議採用土木
                    技師公會案 | 仍繼續延用原結構技師公會。
                    依法行事，限期提出勘驗報告。請管理中心發函予復興營造。 | 限期提出勘驗報告 | 限期
                    提出勘驗報告 | 從中謀利 | 此舉 | 其他 | 設備組 | 同年四月十五日，曹嘉晏復以『迷惑與痛心 | 迷惑與痛心 | ４．財務及行政組的監察委員趙
              監委已於二月十九日提出辭呈，羅主委〔告訴人丁○○〕解釋：〞本
              人不接受委員的辭呈〞管委會也不處理委員的辭呈，那麼請問此兩組
              所發生的問題應該由誰來糾舉？ | 管理委員會暫不接受委
              員請辭，而改以請假方式處理 | 不實 | 2/19提出書面辭呈 | 管理委員會暫不接受委員請辭，而以請假方
              式處理 | 視同解
              任 | 以
              請假方式處理 | 視為缺席委員 | 視同解任 | 〞本人不接受委員的辭呈〞 | 迷惑與痛心 | ６．主委要有擔當、有魄力！... 但因
              近月更換樓管公司之問題，造成委員間嚴重衝突與心結，若不勇於面
              對質疑，正面答覆，只一昧逃避拖延，不召開管理委員會，本屆管理
              委員會將一事無成。『其實不管用那一家樓管公司，只要委員本諸良
              心，仔細評估，以社區的最大利益為依歸，委員又有何懼？ | 鼓勵 | 以社區的最大利益為依歸 | 影射告訴人對於決定樓管公司之過程
              ，未考量社區之最大利益。 | 甲○○以『引狼人 | 引狼人 | 本組〔指設備組〕於本年度
        樓管公司之決選過程始終主張，為避免公設驗收處處制〔掣〕肘，因此中捷
        必須退出本社區。然而羅主委於主持會議時，再三阻撓部份委員陳述中捷不
        適任的原因，其用意為何，請各位芳鄰深思。如此立場如何帶領本社區爭回
        上億應有賠償金額？ | 因為曹小姐〔被告曹
              嘉晏〕知道其中的弊病，但曹小姐剛講到終〔中〕捷公司的『反面 | 〔告訴人丁○○〕
              之前有一次制止陳加立發言 | 陳〔加立〕說終〔中〕捷及該公司
              〔捷和建設公司〕有曖昧的關係，如果聘請該公司〔此係指中捷樓管
              公司〕會有損住戶權益 | 是主委〔指告訴人丁○○〕同意大家發言
              ，但曹小姐〔告訴人曹嘉晏〕只講一半，主委就不要他講了，因為曹
              小姐在分析終〔中〕捷的利弊，羅即不要曹小姐發言。當時陳加立也
              在分析終〔中〕捷的利弊，也是講一半，被羅主委制止，結果有些委
              員就離席了，我覺得委員會應闡述意見，既不闡述，就無意義了，我
              就退席 | 在座的羅先生〔告訴人丁○○〕制止曹老師〔
              被告曹嘉晏〕發言 | 因為曹老師要發表一些意見，當時我有參加
              ，被告並未對告訴人作人身攻擊 | 沒有〔聽到被告用三字經罵告
              訴人〕 | 第四次開會時，我有說中捷不適任的原因，並受到委員羅先生（
              告訴人丁○○）的制止。 | 〔曹嘉晏〕沒說完就被制止 | 在場
              之被告沒有罵三字經，只有口氣不好 | 〔口氣不好〕應不是人身
              攻擊 | 反面 | 引狼人 | 異議 | 管
              委會 | 多數決 | 異議 | 決議 | 異
              議 | 反面 | 是否曾『認為 | 認為 | 提請『復議","應依證據認定之，無證據不得推定其犯罪事實，又不能證明被告犯罪
    或其行為不罰者，應諭知無罪之判決，刑事訴訟法第一百五十四條、第三百零一
    條第一項定有明文。次按告訴人之告訴係以使被告受刑事訴追為目的，是其指訴
    是否與事實相符，仍應調查其他證據以資審認〔參照最高法院五十二年台上字第
    一三００號判例〕。又認定犯罪事實應憑積極證據，倘積極證據不足以為不利於
    被告事實之認定時，即應為有利被告之認定，更不必有何有利之證據，最高法院
    三十年上字第八一六號著有判例，所謂「積極證據足以為不利被告事實之認定」
    ，依據同院七十六年臺上字第四九八六號判例意旨，係指...",上訴駁回。,,https://judgment.judicial.gov.tw/FJUD/data.aspx?ty=JD&id=TPHM%2c89%2c%e4%b8%8a%e6%98%93%2c78%2c20000309&ot=in
臺灣高等法院 89 年度 上易 字第 376 號刑事判決,89.03.08,妨害名譽,,,,,,未明確提取,"一、乙○○與被害人甲○○同為台北市○○○路○段英倫大樓之住戶，乙○○於選舉
    管理委員會中，為使被害人落選，竟意圖散佈於眾，明知一切選務工作均由前任
    管理委員會聘請律師依法設計，仍於民國八十八年十月二十二日選舉當日，在英
    倫大樓一樓服務台投票處，對往來進出之住戶指摘：自訴人甲○○台大法律系畢
    業算什麼東西，手大、一手遮天包辦選務等言論，毀自訴人之名譽。
二、案經被害人甲○○提起自訴。","原判決撤銷。
乙○○意圖散佈於眾，而指摘足以毀損他人名譽之事，處罰金壹仟元，如易服勞役以
參佰元折算壹日。",,https://judgment.judicial.gov.tw/FJUD/data.aspx?ty=JD&id=TPHM%2c89%2c%e4%b8%8a%e6%98%93%2c376%2c20000308&ot=in
臺灣屏東地方法院 89 年度 自 字第 23 號刑事裁定,89.03.08,妨害名譽,,,,,,未明確提取,,,,https://judgment.judicial.gov.tw/FJUD/data.aspx?ty=JD&id=PTDM%2c89%2c%e8%87%aa%2c23%2c20000308&ot=in
臺灣雲林地方法院 89 年度 簡上 字第 1 號刑事判決,89.03.08,妨害名譽,,,,,,未明確提取,及,"上訴駁回。
乙○○緩刑叁年。",,https://judgment.judicial.gov.tw/FJUD/data.aspx?ty=JD&id=ULDM%2c89%2c%e7%b0%a1%e4%b8%8a%2c1%2c20000308&ot=in
臺灣高等法院 臺中分院 89 年度 上易 字第 418 號刑事判決,89.03.07,妨害名譽,,,,,,未明確提取,，亦認定明確，乃上訴意旨竟捨此不論，殊無,上訴駁回。,,https://judgment.judicial.gov.tw/FJUD/data.aspx?ty=JD&id=TCHM%2c89%2c%e4%b8%8a%e6%98%93%2c418%2c20000307&ot=in
臺灣高等法院 臺南分院 89 年度 上易 字第 242 號刑事判決,89.03.02,妨害名譽,,,,,,和順國民學校 | 沒家教！ | 沒有父母管教！,"一、乙○○於民國八十八年三月十八日晚間七時三十分許，在臺南市○○區○○路五
    段一七八巷五號『和順國民學校』大門警衛室旁不特定人得以共見共聞場所，因
    欲找尋其子鄭博隆，而毆傷甲○○（傷害部分業經判處拘役五十日確定），復另
    行起意，以『沒家教！』、『沒有父母管教！』（甲○○父母已離異）等相類侮
    辱言語，辱罵甲○○。
二、案經甲○○訴請臺灣臺南地方法院檢察署檢察官偵查起訴。",上訴駁回。,,https://judgment.judicial.gov.tw/FJUD/data.aspx?ty=JD&id=TNHM%2c89%2c%e4%b8%8a%e6%98%93%2c242%2c20000302&ot=in
臺灣高等法院 高雄分院 88 年度 上易 字第 2392 號刑事判決,89.03.02,妨害名譽,,,,,,終於出來了,"一、丙○○係高雄縣岡山鎮樂群眷村村長，前因其支持國防部所提眷村改建計畫，與
    村民乙○○及其他部分村民所持之理念不合。丙○○知乙○○於民國八十七年四
    月二十一日，在該村甲告欄上張貼一份對眷村改建看法之文宣，竟基於侮辱乙○
    ○之意圖，於八十七年四月二十二日下午某時許，持簽字筆在該文宣上，畫一隻
    伸頭烏龜，並在旁寫明「終於出來了」等字樣，甲然侮辱乙○○。嗣於八十七年
    十二月十五日，經同村村民林宗興告知，乙○○始知悉上情。
二、案經乙○○訴由臺灣高雄地方法院檢察署檢察官偵查起訴。",上訴駁回。,,https://judgment.judicial.gov.tw/FJUD/data.aspx?ty=JD&id=KSHM%2c88%2c%e4%b8%8a%e6%98%93%2c2392%2c20000302&ot=in
臺灣高雄地方法院 89 年度 易 字第 751 號刑事判決,89.03.02,妨害名譽,,,,,,未明確提取,,本件公訴不受理。,,https://judgment.judicial.gov.tw/FJUD/data.aspx?ty=JD&id=KSDM%2c89%2c%e6%98%93%2c751%2c20000302&ot=in
臺灣臺北地方法院 89 年度 自 字第 117 號刑事判決,89.03.01,妨害名譽,,,,,,未明確提取,,無罪,,https://judgment.judicial.gov.tw/FJUD/data.aspx?ty=JD&id=TPDM%2c89%2c%e8%87%aa%2c117%2c20000301&ot=in
臺灣新北地方法院 89 年度 自 字第 46 號刑事判決,89.02.29,妨害名譽,,,,,,未明確提取,,本件自訴不受理。,,https://judgment.judicial.gov.tw/FJUD/data.aspx?ty=JD&id=PCDM%2c89%2c%e8%87%aa%2c46%2c20000229&ot=in
臺灣臺北地方法院 88 年度 重附民 字第 191 號刑事裁定,89.02.29,因妨害名譽案附帶民訴等,,,,,,未明確提取,,,,https://judgment.judicial.gov.tw/FJUD/data.aspx?ty=JD&id=TPDM%2c88%2c%e9%87%8d%e9%99%84%e6%b0%91%2c191%2c20000229&ot=in
臺灣臺中地方法院 88 年度 易 字第 2898 號刑事判決,89.02.29,妨害名譽,,,,,,婊子,"一、乙○○擔任全生醫院（設於臺中縣○○鄉○○路○○○○號）之公關，於民國八
    十七年十月十六日上午九時五十分許，因之前偕同該醫院總務主任李政銘、股東
    蕭憲章與甲○○、何裕卿父女協調資遣費事宜未果，在全生醫院一樓候診室內屬
    公眾得出入之場所，乙○○與甲○○又因相互拍照再發生爭執，乙○○遂接續三
    次以「婊子」等穢語侮辱甲○○。
二、案經被害人甲○○訴由臺灣臺中地方法院檢察署檢察官偵查起訴。",公然侮辱,,https://judgment.judicial.gov.tw/FJUD/data.aspx?ty=JD&id=TCDM%2c88%2c%e6%98%93%2c2898%2c20000229&ot=in
臺灣臺中地方法院 88 年度 易 字第 3797 號刑事判決,89.02.29,妨害名譽,,,,,,你先生是小偷，偷我東西,"一、乙○○之夫張國榮於民國（下同）八十六年九月二十六日向甲○○承租臺中縣大
    里市○○街○○○巷○弄○號房屋，嗣張國榮於八十八年三月六日終止租賃契約
    ，旋獨自搬離上開房屋，乙○○則未搬離，甲○○即多次要求乙○○搬離，嗣乙
    ○○於八十八年三月二十四日僱請丁○○至上開房屋拆卸冷氣、電燈、窗簾等物
    ，於同日晚上八時許，乙○○至丁○○處，稱其所有之吸塵器、電線、捕蚊燈等
    物遍尋無著，丁○○回稱並未見過上開吸塵器等物，乙○○即於丁○○處內尋找
    ，亦無所獲，旋即轉往臺中縣大里市○○街○○○巷○號甲○○住處兼營檳榔攤
    處，當時甲○○之妻羅春桂及鄰居丙○○...","乙○○意圖散布於眾，而指摘足以毀損他人名譽之事，處拘役貳拾日，如易科罰金，
以參佰元折算壹日。",,https://judgment.judicial.gov.tw/FJUD/data.aspx?ty=JD&id=TCDM%2c88%2c%e6%98%93%2c3797%2c20000229&ot=in
臺灣臺北地方法院 88 年度 自 字第 977 號刑事判決,89.02.29,妨害名譽等,,,,,,"低階行動通訊事業經營可行性評估 | 低階行動通訊系訊之評估與具體
    建議 | 如超
    過三日，將把該存證信函寄往教育部，與貴校所屬相關單位處理 | 敬啟者 | ．．丙○○未達成合約委託
    之事項，．．要求丙○○歸還神廣公司所付之酬勞．．．特此敬告，神廣電信股
    份有限公司為維護信譽與權益之決心","一、辛○○為台北縣汐止市○○○路○段○○○號Ａ棟十九樓神廣電信股份有限公司
    （下簡稱神廣公司）負責人，於民國（下同）八十七年八月十日透過丙○○與丙
    ○○之父丁○○開設之瑋宣有限公司（下簡稱瑋宣公司）簽訂合約書，委託瑋宣
    公司評估低階行動通訊事業及為神廣公司邀集相關人員撰寫低階行動通訊事業計
    劃書，並由丙○○收受合約價款新台幣（下同）一百二十萬元。詎辛○○明知瑋
    宣公司及實際負責評估報告之丙○○已配合神廣公司之進度，於八十七年十月即
    已將「低階行動通訊事業經營可行性評估」及「低階行動通訊系訊之評估與具體
    建議」完成，並交付神廣公司人員，低階...","辛○○以加害名譽之事恐嚇他人，致生危害於安全者，處拘役肆拾日，如易科罰金，
以參佰元折算壹日；又散布文字，指摘足以毀損他人名譽之事，處拘役肆拾日，如易
科罰金，以參佰元折算壹日。應執行拘役陸拾日，如易科罰金，以參佰元折算壹日；
又意圖他人受刑事處分，向該管公務員誣告，處有期徒刑參月。",,https://judgment.judicial.gov.tw/FJUD/data.aspx?ty=JD&id=TPDM%2c88%2c%e8%87%aa%2c977%2c20000229&ot=in
臺灣高等法院 臺中分院 89 年度 上易 字第 22 號刑事判決,89.02.23,妨害名譽等,,,,,,未明確提取,,上訴駁回。,,https://judgment.judicial.gov.tw/FJUD/data.aspx?ty=JD&id=TCHM%2c89%2c%e4%b8%8a%e6%98%93%2c22%2c20000223&ot=in
臺灣高等法院 89 年度 上易 字第 1202 號刑事判決,89.02.22,妨害名譽,,,,,,"刑事聲明上訴狀 | 構成誣告 | 誣
      告長官 | 抹黑亂告 | 憑空指控就是誣告 | 胡扯 | 這種人考績
      還給甲等 | 豈有此理 | 沒有把法官放在眼裡 | 刑事聲明上訴狀 | 刑事聲明上
      訴狀 | 刑事聲明上訴狀 | 業務會報紀錄 | 你們竟然縱容乙
      ○○對我一再亂告，這些帳全部算到你們頭上 | 業務會報紀錄 | 抹黑亂告 | 憑空指控就是誣告 | 胡扯 | 這種人考績還給甲等 | 豈有此理 | 沒有把法官放在眼
      裡 | 刑事聲明上訴狀 | 抹黑亂告 | 憑空指控就是誣告 | 胡扯 | 這種人考績還給甲等 | 豈有此
      理 | 沒有把法官放在眼裡 | 營業部轉虧為盈的重大突破策略 | 五月一日我會查她們的考績，她們再得甲我會罵死營業部。為何改我的
      考績就可以改她們的就不可以 | 一、是否怕我查乙○○考績？專搞黑箱作業存心
      考績不公？二、‧‧‧你們竟然還給予（指自訴人）考績打甲以資鼓勵，你們
      實在欺人太甚可惡至極","，為防衛自己之權利所為之答辯，並據以向法
      院主張，被告上開所為，核屬為保護自己合法利益所為之自衛、自辯之行為，
      要難認被告有何惡意或有何散佈於眾之意圖，揆諸上開規定，自屬不罰之行為
      ，要無疑義。
（二）雖被告另於八十八年十二月八日、九日利用自訴人在上開案件審理中，於八十
      八年十一月二十九日所提之「刑事聲明上訴狀」內加註：「構成誣告」、「誣
      告長官」、「抹黑亂告」、「憑空指控就是誣告」、「胡扯」、「這種人考績
      還給甲等」、「豈有此理」、「沒有把法官放在眼裡」等語（見原審卷第九至
      十一頁），惟觀諸上開「刑事聲明上訴...",上訴駁回。,,https://judgment.judicial.gov.tw/FJUD/data.aspx?ty=JD&id=TPHM%2c89%2c%e4%b8%8a%e6%98%93%2c1202%2c20000222&ot=in
臺灣桃園地方法院 89 年度 易 字第 427 號刑事判決,89.02.18,妨害名譽,,,,,,未明確提取,,本件公訴不受理。,,https://judgment.judicial.gov.tw/FJUD/data.aspx?ty=JD&id=TYDM%2c89%2c%e6%98%93%2c427%2c20000218&ot=in
臺灣高等法院 臺中分院 88 年度 上易 字第 2222 號刑事判決,89.02.17,妨害名譽,,,,,,"‥‥‥壬○○等十九人（另加朱振華共十八人，
    但庚○○誤為十九人）將富豪投資公司五十七筆財產盜賣十五億餘元中飽私囊，
    再勾結大金公司董事長周詩傳以納骨塔詐換富豪投資公司憑證，而在納骨塔尚未
    建竣即脫產變賣宣佈倒閉，‥‥‥，而壬○○等上騙國君，下騙小民，無人不騙
    ，無人不欺，無惡不作，玩法悉得滾瓜爛熟，用各種花言巧語說服對方，在換證
    時，壬○○、癸○○等人言明忠義絕不營私，朱震垣並發誓如有吃投資人一塊錢
    天誅地滅，乙○○也發誓如有吃投資人一塊錢他一家四口全部死光，投資人在他
  們的重誓下信以為真，塔未建妥即脫產換人，全係騙局，其首腦壬○○、癸○○
    、周詩傳並邀集台省親朋好友佯稱北海壇金寶塔是有神力保健山莊，以老鼠會方
    式招攬民眾入會吸收資金數十億元，塔未完成就宣告倒閉，依照富豪投資公司舊
    例規定辦理詐騙，壬○○、癸○○等陰險奸詐同黑幫惡霸踞地恐嚇，涉嫌違法吸
    收資金，是重大經濟犯罪集團等情‥‥‥","一、庚○○原與壬○○、癸○○、戊○○、姜劉婉貞、丙○○、午○○、丁○○、乙
    ○○、巳○○、徐鵬宵、劉本厚、卯○○、子○○、寅○○、己○○、甲○○、
    辰○○等人（以下簡稱壬○○等十七人）均於民國（下同）七十八年七月初前分
    別投資鄧紹唐所經營之富豪投資股份有限公司（以下簡稱富豪投資公司；又壬○
    ○原任職富豪投資公司，亦為富豪投資公司投資人），而後富豪投資公司於七十
    八年七月間宣告倒閉，台灣省北、中、南各區投資人分別組成自救委員會，並選
    任壬○○等十七人為代表，由壬○○等十七人以自救會代表之身分向富豪投資公
    司追索投資金額，並於追索得款後再按各...","原判決撤銷。
庚○○散布文字，指摘足以毀損他人名譽之事，處拘役肆拾日，如易科罰金，以參佰
元折算壹日。",,https://judgment.judicial.gov.tw/FJUD/data.aspx?ty=JD&id=TCHM%2c88%2c%e4%b8%8a%e6%98%93%2c2222%2c20000217&ot=in
臺灣高等法院 高雄分院 89 年度 上易 字第 71 號刑事判決,89.02.16,妨害名譽,,,,,,"我拿三千元。為何只找三百元，另外四百元也要侵吞 | 妳這個女孩不
    老實會說謊、不僅私吞家長的錢，以多報少，學校的錢也會吞，人格有問題","一、緣甲○○係高雄市復華中學附設外語補習班之美語老師，丙○○之二名子女於民
    國八十八年三月間起，在該補習班上八堂美語課，學費共計新台幣（下同）二千
    三百元，由於丙○○認其中二節課為試聽性質，不應收費，因而與甲○○對收費
    多寡有所爭執，惟甲○○以其並非該校行政人員，並無決定收取多少費用之權利
    ，丙○○乃於同年六月一日委託乙○○至補習班繳交予甲○○，當時乙○○係以
    五張五百元之鈔票，共計二千五百元置放在一信封內，甲○○遂找二百元予乙○
    ○，收據因月底結帳之故言明次日開給。惟同日十五時三十分許，乙○○先以電
    話質疑甲○○謂：「我拿三千元。為何只...",無罪,,https://judgment.judicial.gov.tw/FJUD/data.aspx?ty=JD&id=KSHM%2c89%2c%e4%b8%8a%e6%98%93%2c71%2c20000216&ot=in
臺灣高等法院 臺中分院 88 年度 上易 字第 2982 號刑事判決,89.02.14,妨害名譽,,,,,,"茲為坐落大里市聯億天第之設定抵押權暨分戶
    貸款，因甲方尚與營造商陳建成公司有工程給付訴訟，為擔保乙方就上開建物之
    貸放款項免因上開營造商行使法定抵押權致乙方受損，雙方協議如下列條件","，有各偵查卷可稽，是該廣告既未署名為甲○○所刊登，
    亦無任何證據可認係陳建成工程有限公司以外之人所刊登，則告訴人辯稱伊不知
    悉該廣告係甲○○所刊登云云，尚非不可採信。
三、依臺灣臺中地方法院上開民事判決書所載，原告陳建成工程有限公司所提起之給
    付工程款事件，甲○○固係原告訴訟代理人之一，惟依該判決書所載，並未涉及
    本件廣告內容之事實。又依偵查卷所附之八十五年四月十日協議書所載，協議書
    之當事人為聯億建設有限公司及臺中市第三信用合作社，並未同時有陳建成公司
    人員之簽名，該協議書且僅載明「茲為坐落大里市聯億天第之設定抵押權暨分戶
    貸款，因甲方...",原判決撤銷，發回臺灣臺中地方法院。,,https://judgment.judicial.gov.tw/FJUD/data.aspx?ty=JD&id=TCHM%2c88%2c%e4%b8%8a%e6%98%93%2c2982%2c20000214&ot=in
臺灣高等法院 88 年度 上易 字第 3908 號刑事判決,89.02.10,妨害名譽,,,,,,"甲○○質疑鎮長稅『收到口袋裡 | 誰
    該負責？甲○○指四級政府都有責 | 丁○○否認將鎮長稅中飽私囊 | 將十多億元鎮長稅收到口袋裡 | 都是這些公共設施造成損害 | 無損害公共設施
    證明 | 無損害公共設施證明 | 鎮長稅 | 五年多來有帳冊或證據可
        查的收取金額即達二億七千萬元","證明，卻是這些公共設施都造成損害」等語
    ，誣指自訴人收取鎮長稅十多億元並侵吞入己，造成自訴人名譽之嚴重損害，因
    認被告甲○○涉嫌誹謗云云。
二、按犯罪事實應依證據認定之，無證據不得推定其犯罪事實，又不能證明被告犯罪
    者，應諭知無罪之判決，刑事訴訟法第一百五十四條、第三百零一條第一項分別
    定有明文。所謂證據，須適於為被告犯罪事實之證明者，始得採為斷罪資料，如
    未能發現相當證據，或證據不足以證明，自不能以推測或擬制之方法，以為裁判
    基礎；再自訴人之自訴，係以使被告受刑事追訴為目的，是其陳述是否與事實相
    符，仍應調查其他證據以資審認，始得為不利...",上訴駁回。,,https://judgment.judicial.gov.tw/FJUD/data.aspx?ty=JD&id=TPHM%2c88%2c%e4%b8%8a%e6%98%93%2c3908%2c20000210&ot=in
臺灣新北地方法院 89 年度 附民 字第 54 號刑事裁定,89.02.08,妨害名譽,,,,,,未明確提取,,,,https://judgment.judicial.gov.tw/FJUD/data.aspx?ty=JD&id=PCDM%2c89%2c%e9%99%84%e6%b0%91%2c54%2c20000208&ot=in
臺灣新北地方法院 88 年度 易 字第 4692 號刑事判決,89.02.08,妨害名譽,,,,,,"一、本大廈住戶蔡碧美不但
    不交出本大廈之財務，更『誘騙 | 強佔","一、丁○○為位於台北縣永和市○○路○○○號，乾坤大廈集和式住宅之區分有權人
    之一，與該大廈住戶自稱現任管理委員會主任管理員乙○○○（即蔡碧美）間，
    因停車、管理費及選任主任管理員等事項發生糾紛，竟於民國（下同）八十八年
    元月八日，在該大廈內，向各樓層住戶散佈上載「一、本大廈住戶蔡碧美不但
    不交出本大廈之財務，更『誘騙』管理員沈老先生將本大廈八十八年元月份管理
    費交其控管，是何居心，請各住戶明鑑。二、蔡碧美『強佔』元月份管理費，應
    負責本大廈之一切開支。：：」文字之公告，並具名乾坤公寓大廈召集人丁○○
    ，指摘足以毀損乙○○○名譽之事而誹謗之...","丁○○散佈文字，指摘足以毀損他人名譽之事，處拘役伍拾日，如易科罰金，以叁佰
元折算壹日。",,https://judgment.judicial.gov.tw/FJUD/data.aspx?ty=JD&id=PCDM%2c88%2c%e6%98%93%2c4692%2c20000208&ot=in
臺灣臺南地方法院 88 年度 易 字第 2369 號刑事判決,89.02.03,妨害名譽,,,,,,"（台南訊）南市○區○○路一家診所醫生於十九日晚上十時二
    十分許，遭一名不明男子毆打，據警方調查，該名男子以帶人看病為由進入診所
    ，隨即將醫師拉出屋外。持類似扳手工具攻擊醫師頭部，並指責醫師藉看診機會
    偷摸女病人胸部，男子犯案後逃逸，醫師頭顱裂傷，經送市醫急救已無生命危險
    。","一、乙○○係自由時報駐台南地區之採訪記者，於民國八十七年十月十九日下午十時
    二十分許，甲○○在其所經營之台南市○○街○○○巷○○號車內科診所內，遭
    歹徒不明原因持鐵器自後毆打頭部成傷，幸經鄰人及警方協助送醫始免於難。詎
    乙○○竟意圖散布於眾，於該報八十七年十月二十一日第十四頁台南縣市綜合版
    社會傳真欄刊載「（台南訊）南市○區○○路一家診所醫生於十九日晚上十時二
    十分許，遭一名不明男子毆打，據警方調查，該名男子以帶人看病為由進入診所
    ，隨即將醫師拉出屋外。持類似扳手工具攻擊醫師頭部，並指責醫師藉看診機會
    偷摸女病人胸部，男子犯案後逃逸，醫師...","乙○○散布文字，指摘足以毀損他人名譽之事，處有期徒刑陸月，如易科罰金，以參
佰元折算壹日。",,https://judgment.judicial.gov.tw/FJUD/data.aspx?ty=JD&id=TNDM%2c88%2c%e6%98%93%2c2369%2c20000203&ot=in
最高法院 89 年度 台抗 字第 51 號刑事裁定,89.02.02,妨害名譽聲明異議,,,,,,未明確提取,,再抗告駁回。,,https://judgment.judicial.gov.tw/FJUD/data.aspx?ty=JD&id=TPSM%2c89%2c%e5%8f%b0%e6%8a%97%2c51%2c20000202&ot=in
臺灣高等法院 88 年度 附民 字第 619 號刑事裁定,89.02.02,妨害名譽等,,,,,,未明確提取,,,,https://judgment.judicial.gov.tw/FJUD/data.aspx?ty=JD&id=TPHM%2c88%2c%e9%99%84%e6%b0%91%2c619%2c20000202&ot=in
臺灣高等法院 88 年度 上易 字第 5207 號刑事判決,89.02.02,妨害名譽等,,,,,,"剋夫剋子 | 幫警察做的是服務『性 | 與主
    管有著深一層特殊關係 | 特殊事情 | 為了區區五斗米、何必在床上折腰呢 | 與上司曾在保建室
    內互相愛撫私處 | 中華『騷驢 | 剋夫剋子、整容變臉削腮骨","一、甲○○原係私立中華大學學生（現已畢業），於在學期間基於概括犯意，於民國
    （下同）八十六年十月八日、十二月九日、十二月十九日，在新竹市某不詳地點
    ，書寫指摘乙○○「剋夫剋子」、「幫警察做的是服務『性』的義工」、「與主
    管有著深一層特殊關係」、」為了保住工作而與上司發生『特殊事情』、在賓館
    也被撞見過」、「為了區區五斗米、何必在床上折腰呢」、「與上司曾在保建室
    內互相愛撫私處」、「中華『騷驢』人人插」等足以減損乙○○名譽之事之黑函
    ，並在新竹市某不詳地點影印後，除在中華大學內散布外，並寄至多名校內主管
    及教職員家中，足以毀損乙○○之名譽。...",上訴駁回。,,https://judgment.judicial.gov.tw/FJUD/data.aspx?ty=JD&id=TPHM%2c88%2c%e4%b8%8a%e6%98%93%2c5207%2c20000202&ot=in
臺灣臺中地方法院 88 年度 易 字第 1856 號刑事判決,89.02.02,妨害名譽,,,,,,未明確提取,,無罪,,https://judgment.judicial.gov.tw/FJUD/data.aspx?ty=JD&id=TCDM%2c88%2c%e6%98%93%2c1856%2c20000202&ot=in
臺灣桃園地方法院 88 年度 自 字第 107 號刑事判決,89.02.01,妨害名譽,,,,,,未明確提取,,無罪,,https://judgment.judicial.gov.tw/FJUD/data.aspx?ty=JD&id=TYDM%2c88%2c%e8%87%aa%2c107%2c20000201&ot=in
臺灣高等法院 88 年度 重附民上 字第 27 號刑事判決,89.01.31,妨害名譽,,,,,,未明確提取,"一、上訴人方面：
    上訴人之聲明、陳述、證據均詳如附件其刑事附帶民事上訴狀影本所示。
二、被上訴人方面：
    被上訴人除聲明駁回上訴外，亦未作何陳述。",上訴駁回。,,https://judgment.judicial.gov.tw/FJUD/data.aspx?ty=JD&id=TPHM%2c88%2c%e9%87%8d%e9%99%84%e6%b0%91%e4%b8%8a%2c27%2c20000131&ot=in
臺灣高等法院 88 年度 上易 字第 1573 號刑事判決,89.01.31,妨害名譽,,,,,,"前
      述情節奉楊前政務次長指派彭督學火炎率社教司、人事處、政風處相關人員組
      成專案小組，於本（八十六）年四月九日赴國立台灣藝術教育館訪視，就該館
      館務運作及多項檢舉告發事項進行瞭解 | 再申訴駁回","之手法妨害自
    訴人之名譽，被告連續數次編造事實、偽造、行使公文書，並於教育部八十七
    年三月十二日台八七人二字第八七○一七一六七號公函內涉嫌使公務員登載不實
    ，教育部訪視國立藝術教育館館務運作情形報告案由十至十五均係被告編造、無
    中生有之事云云。
三、經查：
（一）教育部八十七年三月十二日台八七人二字第八七○一七一六七號函係教育部答
      覆自訴人之請求，並檢送自訴人教育部八十六年七月七日台八六人二字第八六
      ○七七四九○號函、八十六年十月二日台八六政字第八六一一五一○○號函以
      及訪視國立台灣藝術教育館館務運作情形報告中有關自訴人部分之...",上訴駁回。,,https://judgment.judicial.gov.tw/FJUD/data.aspx?ty=JD&id=TPHM%2c88%2c%e4%b8%8a%e6%98%93%2c1573%2c20000131&ot=in
臺灣高等法院 88 年度 上易 字第 3812 號刑事判決,89.01.31,妨害名譽等,,,,,,聲明啟事 | 天珠𧸛品 | 隨緣點燈,"一、乙○○（原名劉明珠，民國八十七年十一月十三日更名）係悅康有限公司（下簡
    稱悅康公司）負責人，經銷西藏天珠等產品，因原經銷商甲○○○有限公司（下
    簡稱甲○○○公司）代表人丙○○未經其同意或授權，於八十六年十一月十五日
    以後，仍在已與悅康公司解約之台北縣板橋市○○路○段○○巷○○號之甲○○
    ○公司中山店（下簡稱中山店）、同市○○街○○○號之一之甲○○○公司南門
    店（下簡稱南門店），以悅康名義販賣西藏天珠手鍊、項鍊，為求產品區隔，及
    競爭之目的，竟基於概括之犯意，並意圖散布於眾，自八十七年一月間起，先在
    台北市○○路○○○號等悅康公司天珠專...","原判決撤銷。
乙○○連續散布文字，指摘足以毀損他人名譽之事，處拘役肆拾日，如易科罰金以參
佰元折算壹日。緩刑貳年。
悅康有限公司法人違反事業不得為競爭之目的，而散布足以損害他人營業信譽之不實
情事之規定，處罰金新臺幣壹萬元。",,https://judgment.judicial.gov.tw/FJUD/data.aspx?ty=JD&id=TPHM%2c88%2c%e4%b8%8a%e6%98%93%2c3812%2c20000131&ot=in
臺灣高等法院 89 年度 上易 字第 157 號刑事判決,89.01.31,妨害名譽,,,,,,樓中堡大廈 | 樓中堡大廈,"一、乙○○與甲○○同為台北市○○區○○○路○○○號「樓中堡大廈」之住戶，二
    人前因刑事案件涉訟素有嫌隙。緣乙○○因懷疑甲○○於該大廈七樓其所有房屋
    前之公用走廊上，擺置水族箱等物竊用該大廈住戶共有之電氣，於民國（下同）
    八十八年一月十六日下午二時三十分許，在該大廈之住戶區分所有權人會議含住
    戶大會會議時提出討論，嗣經該大廈管理委員會總幹事吳清隆於會後親自查察結
    果並無竊電情事。詎乙○○明知於此，猶基於概括犯意，意圖散布於眾，連續先
    於八十八年八月九日十二時許，至上開「樓中堡大廈」大廳櫃台領取掛號信時，
    當眾對櫃台服務人員及吳清隆等人，以同...","原判決撤銷。
乙○○連續意圖散布於眾而指摘足以毀損他人名譽之事，處拘役伍拾日，如易科罰金
，以叁佰元折算壹日。",,https://judgment.judicial.gov.tw/FJUD/data.aspx?ty=JD&id=TPHM%2c89%2c%e4%b8%8a%e6%98%93%2c157%2c20000131&ot=in
臺灣苗栗地方法院 89 年度 苗簡 字第 39 號刑事判決,89.01.31,妨害名譽,,,,,,未明確提取,及,公然侮辱,,https://judgment.judicial.gov.tw/FJUD/data.aspx?ty=JD&id=MLDM%2c89%2c%e8%8b%97%e7%b0%a1%2c39%2c20000131&ot=in
臺灣嘉義地方法院 89 年度 易 字第 66 號刑事裁定,89.01.31,妨害名譽,,,,,,未明確提取,,"原判決之原本及其正本案由欄內關於「八十九年易字第六六號」應更正為「八十八年
偵字第七六三三號」。",,https://judgment.judicial.gov.tw/FJUD/data.aspx?ty=JD&id=CYDM%2c89%2c%e6%98%93%2c66%2c20000131&ot=in
臺灣臺東地方法院 89 年度 易 字第 4 號刑事判決,89.01.31,妨害名譽,,,,,,"你
    雞巴有五個洞、你這蘭嶼來的走路腳開開、挖人懶鳥 | 你有男朋友，不要臉","一、乙○○因其子被訴妨害名譽案，而與親家戊○○平日不睦，竟基於概括之犯意，
    於民國八十八年十月十三日下午三時許，在台東博愛路本院大門口，公然以「你
    雞巴有五個洞、你這蘭嶼來的走路腳開開、挖人懶鳥」等語侮罵戊○○，復於同
    年十月二十七日下午二時許，在台東市調解委員會調解時，以前揭不堪入耳之話
    及「你有男朋友，不要臉」等語侮辱其媳婦即丁○○（戊○○之女）。
二、案經告訴人戊○○、丁○○訴由臺灣臺東地方法院檢察署檢察官偵查起訴。",公然侮辱,,https://judgment.judicial.gov.tw/FJUD/data.aspx?ty=JD&id=TTDM%2c89%2c%e6%98%93%2c4%2c20000131&ot=in
臺灣臺北地方法院 88 年度 自 字第 914 號刑事判決,89.01.31,妨害名譽,,,,,,未明確提取,"亦與自訴狀所載被告乙○○之犯罪事實同
    。
二、按犯罪事實應依證據認定之，無證據不得推定其犯罪事實。又不能證明被告犯罪
    者，應諭知無罪之判決，刑事訴訟法第一百五十四條、第三百零一條第一項分別
    定有明文。又事實之認定，應憑證據，如未能發現相當證據，或證據不足以證明
    ，自不能以推測或擬制之方法，為裁判基礎 (最高法院四十年台上字第八六號判
    例參照）。另按認定犯罪事實，所憑之證據，雖不以直接證據為限，間接證據亦
    包括在內，然無論直接或間接證據，其為訴訟上之證明，須於通常一般之人均不
    致於有所懷疑，而得確信其為真實之程度者，始得據之為有罪之認定，倘...",無罪,,https://judgment.judicial.gov.tw/FJUD/data.aspx?ty=JD&id=TPDM%2c88%2c%e8%87%aa%2c914%2c20000131&ot=in
臺灣高雄地方法院 88 年度 易 字第 4852 號刑事判決,89.01.31,妨害名譽,,,,,,"甲○○在深夜勾引、主幼潘董、幽會、
    被告潘董夫人，會同警察捉姦（6/24晚上24:00）有高雄三民派出所（哈爾濱街
    ）的筆錄可查，相片是在三民派出所拍照","一、丙○○與丁○○係夫妻，平時即有芥蒂而相處不睦，於民國八十八年六月二十四
    日晚間，因懷疑丁○○與甲○○間有曖昧行為，即報警偕同高雄市政府警察局三
    民二分局派出所警員，至丁○○與甲○○相約晤談之高雄市○○區○○○路客家
    文物館對面公園停車場，欲追查兩人妨害家庭之犯行，惟終因該二人未被發覺有
    何犯行而未為移送偵辦。詎丙○○竟基於意圖散布於眾之犯意，趁甲○○在前開
    派出所中接受訊問時，拍攝甲○○在警局之照片，並於八十八年六月二十四至同
    月二十八日間之某不詳時間，在其高雄市○○區○○○路○○○號十四樓之一住
    處，將照片照在白紙上，並在旁註明：「...",無罪,,https://judgment.judicial.gov.tw/FJUD/data.aspx?ty=JD&id=KSDM%2c88%2c%e6%98%93%2c4852%2c20000131&ot=in
臺灣高等法院 89 年度 上易 字第 210 號刑事判決,89.01.28,妨害名譽,,,,,,未明確提取,,原判決撤銷，發回台灣士林地方法院。,,https://judgment.judicial.gov.tw/FJUD/data.aspx?ty=JD&id=TPHM%2c89%2c%e4%b8%8a%e6%98%93%2c210%2c20000128&ot=in
臺灣高等法院 臺中分院 89 年度 上易 字第 1511 號刑事判決,89.01.28,妨害名譽,,,,,,"年紀輕輕的阿文，已因自己的懵懵無知，留下竊盜、強盜
    等多項前科","，並為被告
    二人所不否認，惟該「年紀輕輕的阿文，已因自己的懵懵無知，留下竊盜、強盜
    等多項前科」，並無更具體竊盜、強盜前科事實之敘述，足見被告丙○○辯稱該
    前科之查證有疏失，並非故意杜撰云云，尚非不可採信，況該雜誌社於五四七期
    周刊內就該錯誤已有更正之載明，可見被告二人確有面對該誤載之省思，仍難遽
    認被告二人撰寫並編輯該文章，涉有妨害名譽犯行至明。
三、再者，司法院大法官會議第五○九號解釋意旨，就言論自由有更深一層之闡釋，
    其意旨即在保障個人隱私外，如何兼顧言論自由之報導取得平衡點有所著墨，依
    上所述，被告丙○○既有親自採訪，而非二手傳播...",上訴駁回。,,https://judgment.judicial.gov.tw/FJUD/data.aspx?ty=JD&id=TCHM%2c89%2c%e4%b8%8a%e6%98%93%2c1511%2c20000128&ot=in
臺灣高等法院 88 年度 上易 字第 5614 號刑事判決,89.01.28,妨害名譽,,,,,,未明確提取,"應依證據認定之，無證據不得推定其犯罪事實，又不能證明被告犯罪
    者，應諭知無罪之判決，刑事訴訟法第一百五十四條、第三百零一條第一項定有
    明文。公訴人認被告乙○○涉犯刑法第三百十條第二項之加重誹謗罪嫌，無非係
    以：被告於其所列之十二點罷免",上訴駁回。,,https://judgment.judicial.gov.tw/FJUD/data.aspx?ty=JD&id=TPHM%2c88%2c%e4%b8%8a%e6%98%93%2c5614%2c20000128&ot=in
臺灣基隆地方法院 89 年度 瑞簡 字第 2 號刑事判決,89.01.28,妨害名譽,,,,,,未明確提取,及,公然侮辱,,https://judgment.judicial.gov.tw/FJUD/data.aspx?ty=JD&id=KLDM%2c89%2c%e7%91%9e%e7%b0%a1%2c2%2c20000128&ot=in
臺灣臺中地方法院 88 年度 易 字第 2292 號刑事裁定,89.01.28,妨害名譽,,,,,,未明確提取,,上訴駁回。,,https://judgment.judicial.gov.tw/FJUD/data.aspx?ty=JD&id=TCDM%2c88%2c%e6%98%93%2c2292%2c20000128&ot=in
臺灣高雄地方法院 90 年度 自 字第 203 號刑事裁定,90.06.21,妨害名譽,,,,,,未明確提取,,本件自訴駁回。,,https://judgment.judicial.gov.tw/FJUD/data.aspx?ty=JD&id=KSDM%2c90%2c%e8%87%aa%2c203%2c20010621%2c1&ot=in
臺灣高等法院 90 年度 上易 字第 3183 號刑事判決,90.06.20,妨害名譽,,,,,,未明確提取,及,上訴駁回。,,https://judgment.judicial.gov.tw/FJUD/data.aspx?ty=JD&id=TPHM%2c90%2c%e4%b8%8a%e6%98%93%2c3183%2c20010620%2c1&ot=in
臺灣新北地方法院 89 年度 易 字第 3639 號刑事判決,90.06.20,妨害名譽,,,,,,未明確提取,,無罪,,https://judgment.judicial.gov.tw/FJUD/data.aspx?ty=JD&id=PCDM%2c89%2c%e6%98%93%2c3639%2c20010620%2c1&ot=in
臺灣高等法院 90 年度 上易 字第 985 號刑事判決,90.06.19,妨害名譽,,,,,,未明確提取,"應依證據認定之，無證據不得推定其犯罪事實。又不能證明被告犯罪
    者，應諭知無罪之判決，刑事訴訟法第一百五十四條、第三百零一條第一項分別
    定有明文。又事實之認定，應憑證據，如未能發現相當證據，或證據不足以證明
    ，自不能以推測或擬制之方法，為裁判基礎（最高法院四十年台上字第八六號判
    例參照）；再刑法第三百十條第一項之誹謗罪，係以意圖散布於眾，而指摘或傳
    述足以毀損他人名譽之事為成立要件，此觀法條之規定自明，是行為人必須基於
    散布於眾之意圖且有誹謗之故意，始足當之，如僅告知特定人或向特定機關陳述
    ，即與犯罪構成要件不符（參見最高法院七十五年度台非...",上訴駁回。,,https://judgment.judicial.gov.tw/FJUD/data.aspx?ty=JD&id=TPHM%2c90%2c%e4%b8%8a%e6%98%93%2c985%2c20010619%2c1&ot=in
臺灣高等法院 90 年度 上易 字第 1492 號刑事判決,90.06.19,妨害名譽,,,,,,"Dear A.C.C. Board of Governors and Members | ．．．郭主廚（指甲○○）又藉故調我至他的廚房部門監視，．．．每天還
    必須與老鼠、蟑螂、蒼蠅、蚊子、蜘蛛等為伍，每天被咬的苦不堪言（因我的工
    作場所在垃圾場邊），臭氣充天，整個工作場所通風很差，因T.O.C.冰箱散熱系
    統的出口設在我的工作場所裡，除此之外郭主廚更讓餐廳服務人員，在廚房裡嬉
    戲玩耍於蔬果之間，衛生上堪慮．．． | 郭主廚又在耍詐對付我了，所以我
    要求填表為依據，而當我填表的時候郭主廚的臉上充滿著勝利狡猾的笑容．．．
    此時他那猙獰的臉又出現，他說：『妳簽與不簽，今天都是妳最後一天，明天就
    不用來了 | 要吃就吃，不吃拉倒 | ．．．有此惡魔在協會裡作怪，俱樂部的事
    情由他一手在掌控，想要做到退休已是難事，公司的營運也將不再平順了．．．","一、乙○○原係臺北市美僑協會（AMERICAN CLUB IN CHINA，簡稱A.C.C.，設於臺北
    市○○路○○號，下稱美僑協會）之廚房部門員工，民國八十八年七月卅日，廚
    房主管即執行主廚甲○○召集資深員工並告知美僑協會因業務虧損，有裁減人員
    之必要，故理事會核准給予廚房部門二位提前退休之名額，有意願者須於當日下
    午五時前提出申請，提出申請之員工，其最後之工作日為同年的七月卅一日，乙
    ○○知悉後隨即填具申請單，表明願依協會所定方案提前退休，美僑協會於審查
    後核准其申請，並依約給付薪資、未休假獎金及退休金。詎乙○○明知上情，竟
    否認自願...","原判決撤銷。
乙○○散布文字，指摘足以毀損他人名譽之事，處拘役叁拾日，如易科罰金，以叁佰
元折算壹日。",,https://judgment.judicial.gov.tw/FJUD/data.aspx?ty=JD&id=TPHM%2c90%2c%e4%b8%8a%e6%98%93%2c1492%2c20010619%2c1&ot=in
臺灣高等法院 90 年度 上易 字第 1608 號刑事判決,90.06.18,妨害名譽,,,,,,"罪證有疑，利於被告 | 常年以福鹿通運公司及春風
        通運公司等多家無營業執照，非法在基隆市成立公司，與本業合法業者惡性
        競爭，嚴重侵犯本會業者之權益，請市政府加以制止，以免其魚目混珠，擾
        亂營運秩序。辦法：一、對保障常年設籍繳稅在基隆市之本會會員公平權益
        ，促請市政府通告所屬各單位，舉辦各種活動，優先使用本會所屬會員之遊
        覽車，以利本市稅收。二、建請市政府對沒有申請營業執照，非法在基隆市
        設立公司者依法辦理，以保障合法業者，並鼓勵外縣市遊覽公司遷入本市設
        籍營業 | 一、
        台灣地區。二、金門。三、馬祖。 | 因為本件自訴人所經營的項目是
        遊覽車業，要看公司當初登記之營業項目及該營業公會所規定之主管機關所
        給予核定的範圍及性質，來認定該公司是否可跨其他縣市營業。 | （如果
        在台北市登記的遊覽公司，可否在本市轄區內營業）可以，只要該公司在其
        他縣市內設立辦事處營業，並向當地之稅捐機關辦理登記後，即使沒有設立
        辦事處，亦可在沒有登記之縣市內營業。不用加入本市公會，只要該公司有
        在他所登記的縣市內，有參加公會就可以了。除非當初申請時，交通主管機
        關對於他們的營業項目及路線有特別限制外，一般是沒有限制的 | 常年以福鹿通運公司及春風通運公司等多家無營業執照，非法在基
        隆市成立公司，與本業合法業者惡性競爭，嚴重侵犯本會業者之權益，請市
        政府加以制止，以免其魚目混珠，擾亂營運秩序。辦法：一、對保障常年設
        籍繳稅在基隆市之本會會員公平權益，促請市政府通告所屬各單位，舉辦各
        種活動，優先使用本會所屬會員之遊覽車，以利本市稅收。二、建請市政府
        對沒有申請營業執照，非法在基隆市設立公司者依法辦理，以保障合法業者
        ，並鼓勵外縣市遊覽公司遷入本市設籍營業","應依證據認定之，無證據不得推定其犯罪事實；又不能證明被告犯罪
    者，應諭知無罪之判決；刑事訴訟法第一百五十四條、第三百零一條第一項分別
    定有明文。又犯罪事實之認定，應憑真實之證據，倘證據是否真實尚欠明確，自
    難以擬制推測之方法，為其判斷之基礎；而認定犯罪事實之證據係指足以認定被
    告確有犯罪行為之積極證據而言，該項證據自須適合於被告犯罪事實之認定，始
    得採為斷罪資料，最高法院五十三年著有臺上字第六五六號、二十九年上字第三
    一０五號判例。且刑事訴訟上證明之資料，無論其為直接或間接證據，均須達於
    通常一般之人均不致有所懷疑，而得確信其為真實之程度...",無罪,,https://judgment.judicial.gov.tw/FJUD/data.aspx?ty=JD&id=TPHM%2c90%2c%e4%b8%8a%e6%98%93%2c1608%2c20010618%2c1&ot=in
臺灣臺東地方法院 90 年度 自 字第 4 號刑事判決,90.06.18,妨害名譽,,,,,,未明確提取,,本件自訴不受理。,,https://judgment.judicial.gov.tw/FJUD/data.aspx?ty=JD&id=TTDM%2c90%2c%e8%87%aa%2c4%2c20010618%2c4&ot=in
臺灣高等法院 90 年度 附民 字第 173 號刑事判決,90.06.15,妨害名譽,,,,,,未明確提取,"一、原告聲明求為判決㈠被告應連帶給付原告新台幣（下同）一千萬元，及自八十八
    年五月一日起至清償日止，按年息百分之五計算之利息。㈡被告應連續在中國時
    報、聯合報桃園縣地方版刊登道歉啟事二日，費用由被告連帶負擔。㈢前開㈠之
    請求，原告願供擔保請准宣告假執行。原告陳述略稱：被告共同妨害原告名譽案
    件，由本院審理中，被告共同不法侵害原告權利，爰依刑事訴訟法第四百八十七
    條規定，提起本訴。
二、被告未提出書狀，亦未作何聲明、陳述。",原告之訴及假執行之聲請均駁回。,,https://judgment.judicial.gov.tw/FJUD/data.aspx?ty=JD&id=TPHM%2c90%2c%e9%99%84%e6%b0%91%2c173%2c20010615%2c1&ot=in
臺灣高等法院 90 年度 上易 字第 1083 號刑事判決,90.06.15,妨害名譽,,,,,,"抗議！抗議！揭穿主任委員戊○
    ○挪用職權，處分收回公產，圖利自己貳億萬以上內幕陰謀．．．。","略以：被告甲○○、丁○○、己○○、乙○○等人均為祭祀公業楊六使
    派下員，明知該祭祀公業主任委員戊○○於民國八十六年六月間處分祭祀公業所
    有如附表所示土地（以下簡稱系爭土地），係經祭祀公業管理委員會決議後始行
    出售，並無何不法情事，竟意圖損害戊○○之名譽，被告甲○○、丁○○、己○
    ○、乙○○等四人竟與並非派下員之被告丙○○商議後，基於共同犯意之聯絡，
    於八十八年四月初，散發或郵件寄送內容載有「抗議！抗議！揭穿主任委員戊○
    ○挪用職權，處分收回公產，圖利自己貳億萬以上內幕陰謀．．．。」等不實內
    容之文宣（以下簡稱系爭文宣，見他字第九五五號卷第...",上訴駁回。,,https://judgment.judicial.gov.tw/FJUD/data.aspx?ty=JD&id=TPHM%2c90%2c%e4%b8%8a%e6%98%93%2c1083%2c20010615%2c1&ot=in
臺灣苗栗地方法院 90 年度 自 字第 34 號刑事判決,90.06.15,妨害名譽,,,,,,未明確提取,,本件自訴均不受理。,,https://judgment.judicial.gov.tw/FJUD/data.aspx?ty=JD&id=MLDM%2c90%2c%e8%87%aa%2c34%2c20010615%2c1&ot=in
臺灣彰化地方法院 89 年度 易 字第 1720 號刑事判決,90.06.15,妨害名譽,,,,,,瘋查某（台語）,"一、甲○○係坐落彰化縣彰化市○○路二一三至二二一號碧富邑大樓管理委員會副主
    任委員，因催繳住戶管理費一事與住戶庚○○發生嫌隙，於民國（下同）八十九
    年七月十三日下午五時許，在碧富邑大樓一樓公眾得出入之管理室前，當管理委
    員會主任委員張進寶與庚○○等人協調臨時公告及管理費事宜時，甲○○從電梯
    出來，即公然對庚○○辱罵：「瘋查某（台語）」等語。
二、案經被害人庚○○訴請台灣彰化地方法院檢察署檢察官偵查起訴。",無罪,,https://judgment.judicial.gov.tw/FJUD/data.aspx?ty=JD&id=CHDM%2c89%2c%e6%98%93%2c1720%2c20010615%2c1&ot=in
臺灣臺東地方法院 90 年度 自 字第 26 號刑事裁定,90.06.14,妨害名譽,,,,,,未明確提取,與證據。,"自訴人應於本裁定送達後七日內補正被告甲○○之確實年齡、住所或居所或其他足資
辨別之特徵，及",,https://judgment.judicial.gov.tw/FJUD/data.aspx?ty=JD&id=TTDM%2c90%2c%e8%87%aa%2c26%2c20010614%2c1&ot=in
臺灣屏東地方法院 90 年度 易 字第 465 號刑事判決,90.06.14,妨害名譽,,,,,,未明確提取,"應依證據認定之，無證據不得推定其犯罪事實。又不能證明被告犯罪
    者，應諭知無罪之判決，刑事訴訟法第一百五十四條、第三百零一條第一項分別
    定有明文。而刑法第三百十條前段以對誹謗之事，能證明其為真實者不罰，係針
    對言論內容與事實相符者之保障，並藉以限定刑罰權之範圍，非謂指摘或傳述誹
    謗事項之行為人，必須自行證明其言論內容確屬真實，始能免於刑責，惟行為人
    雖不能證明言論內容為真實，但依其所提證據資料，認為行為人有相當",無罪,,https://judgment.judicial.gov.tw/FJUD/data.aspx?ty=JD&id=PTDM%2c90%2c%e6%98%93%2c465%2c20010614%2c1&ot=in
臺灣高等法院 90 年度 上易 字第 1476 號刑事判決,90.06.13,妨害名譽等,,,,,,"豐群土地登記專
    業代理人事務所 | 英倫大廈 | 通告 | 有關本棟大樓（英倫大廈）
    忠孝東路四段三一一號，所有權登記相關公共設施部份，目前部份所有權人接獲
    大安地政事務所函告辦理產權登記一案，本棟大樓部份所有權人不甚瞭解，委託
    本鄰長與該大安地政事務所連絡，了解情況，....。本鄰長願為本大樓全體區分
    所有權人更進一步竭誠服務，其辦理事項說明如左：一、集合需要登記人，造冊
一併辦理申請。二、查工本費每件規費約為一百元，另測量費在內不會超過二百
    元，集體辦理費用分擔收費較節省。三、以上所述費用，由本鄰長先暫行代付。
    待新土地及房屋所有權狀核發後，再行補收墊付款 | 亂收費","一、乙○○與在臺北市○○區○○○路○段○○○號五樓之三開設「豐群土地登記專
    業代理人事務所」之甲○，及鍾政光、宋育等人均係同一棟「英倫大廈」之住戶
    。甲○自民國八十八年九月間起，因受英倫大廈區分所有權人李熙、周瑤章等三
    十六人（計三十八戶）之委任，代為向地政機關申辦英倫大廈共同使用部分所有
    權第一次登記等業務，經堪測及調閱英倫大廈竣工圖後，受委任人甲○因認頂樓
    突出物與竣工平面圖所載面積不符，且供作停車場兼防空避難室使用之地下層所
    有權，自六十五年英倫大廈竣工後，業由起造人國泰建設公司陸續以分別共有之
    方式，將該地下層建物全部劃分為二十等...","上訴駁回。
乙○○緩刑貳年。",,https://judgment.judicial.gov.tw/FJUD/data.aspx?ty=JD&id=TPHM%2c90%2c%e4%b8%8a%e6%98%93%2c1476%2c20010613%2c1&ot=in
臺灣高雄地方法院 90 年度 附民 字第 259 號刑事裁定,90.06.13,妨害名譽,,,,,,未明確提取,,,,https://judgment.judicial.gov.tw/FJUD/data.aspx?ty=JD&id=KSDM%2c90%2c%e9%99%84%e6%b0%91%2c259%2c20010613%2c1&ot=in
臺灣高雄地方法院 90 年度 易 字第 1723 號刑事判決,90.06.13,妨害名譽,,,,,,幹你娘,"一、乙○○於民國八十九年十一月十二日上午十時四十五分許，在高雄市○○區○○
    路○○○號五樓，出席該大樓住戶會議，商談是否成立該大樓管理委員會時，因
    簽名問題而與該大樓住戶李福星發生口角爭執，乙○○竟基於侮辱之犯意，在多
    數人得共見共聞之上開會議場所內，以「幹你娘」之穢語，公然辱罵李福星。
二、案經李福星訴由高雄市政府警察局左營分局移送台灣高雄地方法院檢察署檢察官
    偵查起訴。",公然侮辱,,https://judgment.judicial.gov.tw/FJUD/data.aspx?ty=JD&id=KSDM%2c90%2c%e6%98%93%2c1723%2c20010613%2c1&ot=in
臺灣高等法院 90 年度 上易 字第 857 號刑事判決,90.06.12,妨害名譽,,,,,,未明確提取,,上訴駁回。,,https://judgment.judicial.gov.tw/FJUD/data.aspx?ty=JD&id=TPHM%2c90%2c%e4%b8%8a%e6%98%93%2c857%2c20010612%2c1&ot=in
臺灣屏東地方法院 90 年度 易 字第 539 號刑事判決,90.06.12,妨害名譽,,,,,,幹你娘,"甲○○於民國九十年一月六日十七時三十分許，在屏東縣○○鄉○○村○○鄰○○路
三十四之十一號前，因不滿乙○○所有之自小客車停放於其住宅前道路，遂與乙○○
發生口角，並公然以台語「幹你娘」等髒話侮辱乙○○。",公然侮辱,,https://judgment.judicial.gov.tw/FJUD/data.aspx?ty=JD&id=PTDM%2c90%2c%e6%98%93%2c539%2c20010612%2c1&ot=in
臺灣高等法院 90 年度 上易 字第 1079 號刑事裁定,90.06.11,妨害名譽,,,,,,未明確提取,,上訴駁回。,,https://judgment.judicial.gov.tw/FJUD/data.aspx?ty=JD&id=TPHM%2c90%2c%e4%b8%8a%e6%98%93%2c1079%2c20010611%2c2&ot=in
臺灣臺南地方法院 89 年度 易 字第 2928 號刑事判決,90.06.11,妨害名譽,,,,,,未明確提取,,無罪,,https://judgment.judicial.gov.tw/FJUD/data.aspx?ty=JD&id=TNDM%2c89%2c%e6%98%93%2c2928%2c20010611%2c2&ot=in
臺灣雲林地方法院 89 年度 易 字第 562 號刑事判決,90.06.08,妨害名譽,,,,,,其所指摘或傳述之事為不實 | 真正惡意原則 | 真正惡意原則 | 真正惡意 | 善意,"應依證據認定之，無證據不得推定其犯罪事實，又不能證明被告犯罪
    者，應諭知無罪之判決，刑事訴訟法第一百五十四條、第三百零一條第一項定有
    明文。次按刑法第三百十條第二項加重誹謗罪之要件，必須係意圖散布於眾，而
    指摘或傳述足以毀損他人名譽之事，且係散布文字、圖畫者，始足當之，同條第
    三項復規定，對於所誹謗之事，能證明為真實者，不罰。但涉私德而與公共利益
    無關者，不在此限。再按以善意發表言論，而有因自衛、自辯或保護合法之利益
    者或對於可受公評之事，而為適當之評論者，不罰，刑法第三百十一條第一款、
    第三款規定甚明。是我國刑法之誹謗罪規定行為人須具備...",無罪,,https://judgment.judicial.gov.tw/FJUD/data.aspx?ty=JD&id=ULDM%2c89%2c%e6%98%93%2c562%2c20010608%2c2&ot=in
臺灣桃園地方法院 90 年度 易 字第 1007 號刑事判決,90.06.07,妨害名譽,,,,,,未明確提取,,本件公訴不受理。,,https://judgment.judicial.gov.tw/FJUD/data.aspx?ty=JD&id=TYDM%2c90%2c%e6%98%93%2c1007%2c20010607%2c1&ot=in
臺灣基隆地方法院 90 年度 自 字第 3 號刑事裁定,90.06.07,妨害名譽,,,,,,未明確提取,,自訴駁回。,,https://judgment.judicial.gov.tw/FJUD/data.aspx?ty=JD&id=KLDM%2c90%2c%e8%87%aa%2c3%2c20010607%2c1&ot=in
臺灣臺中地方法院 90 年度 自 字第 169 號刑事裁定,90.06.06,妨害名譽,,,,,,未明確提取,"應依証據認定之，無証據不得推定其犯罪事實，刑事訴訟法第一百
    五十四條定有明文。且按自訴人之自訴，係以使被告受刑事訴追為目的，是其陳
    述是否與事實相符，仍應調查其他証據以資審認。又按刑法第三百零九條之公然
    侮辱罪，應以該言詞及舉動係（一）出於侮辱他人之意思（二）對於個人在社會
    上所保持之人格地位，因加害者之舉動，達足以毀損其名譽之程度與否以定標準
    。
三、查本件自訴人於八十九年八月十四日具狀自訴略稱：法官吳幸芬及書記官蔡伸蔚
    共同於八十八年自字第六二八號傷害案件之判決書",自訴駁回。,,https://judgment.judicial.gov.tw/FJUD/data.aspx?ty=JD&id=TCDM%2c90%2c%e8%87%aa%2c169%2c20010606%2c1&ot=in
臺灣新竹地方法院 89 年度 自 字第 74 號刑事裁定,90.06.05,妨害名譽,,,,,,未明確提取,,上訴駁回。,,https://judgment.judicial.gov.tw/FJUD/data.aspx?ty=JD&id=SCDM%2c89%2c%e8%87%aa%2c74%2c20010605%2c2&ot=in
臺灣高雄地方法院 90 年度 易 字第 1422 號刑事判決,90.06.05,妨害名譽,,,,,,未明確提取,,本件免訴。,,https://judgment.judicial.gov.tw/FJUD/data.aspx?ty=JD&id=KSDM%2c90%2c%e6%98%93%2c1422%2c20010605%2c1&ot=in
臺灣臺中地方法院 90 年度 自 字第 54 號刑事判決,90.06.01,妨害名譽,,,,,,"檢
      舉陳情書 | 檢舉陳情書 | 全倒 | 半倒 | 美麗殿大樓 | 全倒 | 半倒","應依證據認定之，無證據不得推定其犯罪事實。又不能證明被告犯
      罪者，應諭知無罪之判決，刑事訴訟法第一百五十四條、第三百零一條第一項
      分別定有明文。而所謂證據，須適於為被告犯罪事實之證明者，始得採為斷罪
      資料，如未能發現相當證據，或證據不足以證明，自不能以推測或擬制之方法
      ，以為裁判基礎（最高法院五十三年台上字第二七五○號及四十年台上字第八
      十六號判例參照）。次按，刑法第三百十條第二項之加重誹謗罪，係以（一）
      須意圖散布於眾，（二）須散布文字或圖畫，（三）須指摘或傳述足以毀損他
      人名譽之事，（四）須所指摘或傳述之事...",無罪,,https://judgment.judicial.gov.tw/FJUD/data.aspx?ty=JD&id=TCDM%2c90%2c%e8%87%aa%2c54%2c20010601%2c2&ot=in
臺灣高等法院 90 年度 上易 字第 1556 號刑事判決,90.05.31,妨害名譽,,,,,,未明確提取,"相符者之保障，並藉以限定刑
    罰權之範圍，非謂指摘或傳述誹謗事項之行為人，必須自行證明其言論內容確屬
    真實，始能免於刑責，倘行為人雖不能證明言論內容為真實，但依其所提證據資
    料，認為行為人有相當","上訴駁回。
乙○○其他被訴部分自訴不受理。",,https://judgment.judicial.gov.tw/FJUD/data.aspx?ty=JD&id=TPHM%2c90%2c%e4%b8%8a%e6%98%93%2c1556%2c20010531%2c1&ot=in
臺灣臺中地方法院 90 年度 自 字第 367 號刑事裁定,90.05.31,妨害名譽,,,,,,未明確提取,,自訴人應於本裁定送達後五日內補正犯罪之證據。,,https://judgment.judicial.gov.tw/FJUD/data.aspx?ty=JD&id=TCDM%2c90%2c%e8%87%aa%2c367%2c20010531%2c1&ot=in
臺灣臺中地方法院 89 年度 易 字第 1704 號刑事判決,90.05.31,妨害名譽,,,,,,未明確提取,,本件公訴不受理。,,https://judgment.judicial.gov.tw/FJUD/data.aspx?ty=JD&id=TCDM%2c89%2c%e6%98%93%2c1704%2c20010531%2c1&ot=in
臺灣士林地方法院 90 年度 易 字第 296 號刑事判決,90.05.31,妨害名譽,,,,,,不要臉 | 被抓姦在床,"緣乙○○與甲○○原係婚外情男女朋友關係，於民國八十九年一月五日下午三時許
  ，在臺北縣汐止市○○街○○○巷○○號乙○○之住處，遭乙○○之妻游麗玲報警
  當場查獲二人赤裸共眠（甲○○涉犯妨害家庭部分，另案於本院審理中，乙○○涉
  犯妨害家庭部分未據告訴）。甲○○被訴妨害家庭案件，經臺灣士林地方法院檢察
  署檢察官以八十九年度偵字第四六七五號、九七五一號偵查期間，乙○○因不滿甲
  ○○另案對其提出恐嚇取財（臺灣士林地方法院檢察署八十九年度偵字第二三三四
  號、第四五○一號，業經處分不起訴確定）、妨害名譽（同署八十九年度偵字第四
  五○三號、偵續字第九二號，業經處分不起訴確定）等告訴...","乙○○意圖散布於眾，而指摘足以毀損他人名譽之事，處拘役伍拾玖日，如易科罰金
，以叁佰元折算壹日。",,https://judgment.judicial.gov.tw/FJUD/data.aspx?ty=JD&id=SLDM%2c90%2c%e6%98%93%2c296%2c20010531%2c1&ot=in
臺灣臺北地方法院 89 年度 簡上 字第 284 號刑事判決,90.05.31,妨害名譽,,,,,,"甲○○專門對有婦之夫特別有興趣 | 甲○○喜歡與有婦之夫交往，三、四年前還因此被打兩個耳光 | 她（指甲○○）在一個月前還到榮總去檢查，我（
    指乙○○）太太逼的我去做任何愛滋病的篩檢，因為她二、三個月以前突然下體
    流血．．．我太太驚慌得不得了．．．因這段期間她同時與三個男人接觸 | 她（指甲○○）跟男人的接觸就是從性開始，跟這個男人還沒斷就跟那個男人在
    一起 | 甲○○在辦公室公開的對
    同事說她交了一位獸醫男朋友（指陳慧寶之夫）．．．她說妳不敢管妳先生，所
    以她現在有機可趁．．．報社同事都知道 | 甲○○引誘他（指乙○○）、破壞他家庭，甲○○到處交男朋友，不只他一個
    ，另外有一個獸醫黃先生（指黃慶榮，陳慧寶之夫），黃太太也知道 | 甲○○在外與有婦之夫有不正常關係，私生活很爛 | 她（指甲○○）有與姓黃的獸醫發生性關係，與海洋學院的教授有不正交往 | 知不知道妳女兒在外面亂交男友，還與一
    姓黃的獸醫搞男女關係，在外面亂來，搞得一身病","一、乙○○與甲○○係臺北市○○區○○路二段二六○號中央日報編輯部之同事關係
    ，二人原係男女朋友，因分手後發生糾紛，乙○○竟基於概括之犯意，意圖散布
    於眾，自民國八十八年九月二十一日起，以電話分別向甲○○友人崔小茹指摘傳
    述：「甲○○專門對有婦之夫特別有興趣」，於同年十月五日向陳慧寶指摘傳述
    ：「甲○○喜歡與有婦之夫交往，三、四年前還因此被打兩個耳光」，於十月二
    十日復向陳慧寶指摘傳述：「她（指甲○○）在一個月前還到榮總去檢查，我（
    指乙○○）太太逼的我去做任何愛滋病的篩檢，因為她二、三個月以前突然下體
    流血．．．我太太驚慌得不得了．．．因...",上訴駁回。,,https://judgment.judicial.gov.tw/FJUD/data.aspx?ty=JD&id=TPDM%2c89%2c%e7%b0%a1%e4%b8%8a%2c284%2c20010531%2c1&ot=in
臺灣高等法院 臺中分院 90 年度 聲再 字第 123 號刑事裁定,90.05.30,妨害名譽聲請再審,,,,,,未明確提取,,再審之聲請駁回。,,https://judgment.judicial.gov.tw/FJUD/data.aspx?ty=JD&id=TCHM%2c90%2c%e8%81%b2%e5%86%8d%2c123%2c20010530%2c1&ot=in
臺灣臺南地方法院 89 年度 自 字第 283 號刑事判決,90.05.30,妨害名譽,,,,,,"幕後黑手 | 破壞ＢＯＴ之黑手 | ＢＯＴ | ＢＯＴ | ＢＯＴ | ＢＯＴ | 第三人 | ＢＯＴ | 黑手 | 破壞的黑手 | 破壞ＢＯＴ的
    黑手 | 保護傘 | 保護傘 | 破壞ＢＯＴ的黑手 | 縣參議員在會議時所為無關會議事項之不法言論，乃應負責 | 比如說漢茵公司，二十億中抽百分之五的設計監造費，
    還有一億的收入。所以我說，漢茵公司實在是大家要共同來譴責的。張市○○○
    ○道在民族路水仙宮市場連續壁漏水的事情，關於連續壁，第一是施治明市長任
    內時完成的，第二連續壁當時完成時就知道有問題了，所以施工單位要施工時，
    請問監造單位在那裡﹖當時漏水時，大家要追究責任，當然施工公司萬裕公司要
    負責，而漢茵公司也是要負連帶責任。接下來，我們要移轉ＢＯＴ，漢茵公司他
    也不願結算，我到現場了解，漢茵公司甚至禁止萬裕公司繼續施工，這可以說是
    非常可惡 | 今天整個海安路地下工程會變成這樣，漢茵公司要負最大責任。
    還要我們賠錢﹖台南市的工程只要是漢茵公司承包的，都是最失敗的工作，公十
    一停車場也是漢茵公司規劃的，四草大橋也是漢茵公司的，依據我的了解，現在
    漢茵公司還提供一些似是而非的資料來破壞ＢＯＴ，給我的感覺的，漢茵公司不
    願意看到市府推動ＢＯＴ海安路地下街的工程 | 所以市長，我今天要講，有
    一隻無形的手，幕後有一隻黑手在破壞ＢＯＴ。原本同樣的集團又再作怪。像漢
    茵公司的實際負責人郭炎塗這種人，是台南府城、台南市民的全民公敵，不但所
    做的工程亂七八糟，‧‧‧我想，這些事情應該讓市民瞭解，像漢茵、像郭炎塗
    這種人，要列為台南市政府的永久拒絕往來戶 | 非
    常可惡 | 幕後黑手 | 全民公敵 | 工程
    亂七八糟 | 永久拒絕往來戶 | 工程亂七八糟 | 非常可惡 | 幕後黑手破壞ＢＯＴ | 海安路地下街民族路段連續壁漏水修復工程簡要 | 公文彙整 | 可惡 | 幕後黑手 | 全民公敵 | 亂七八糟 | 幕後黑手 | 暗
    中從事不法之勾當 | 議事無關 | 不法言論","，被告竟在議會中公然指摘，且以
    「幕後黑手」之不名譽字眼惡毒誹謗，再經報紙等大眾傳播媒體廣泛散佈，已對
    本公司之名譽造成嚴重損害。被告利用議員身份，以不實之言詞對自訴人公司公
    然誹謗，嚴重損自訴人公司之名譽，已獨犯刑法第三百十條之罪，請依法論罪科
    刑，以昭炯戒。
  ㈢被告對於八十九年七月二十二日在台南市○○街舉辦說明會並不爭執。被告在國
    華街公眾指摘自訴人為「破壞ＢＯＴ之黑手」已有呈附之剪報為證。查海安路地
    下街「ＢＯＴ」案與自訴人無關，「ＢＯＴ」案是否順利，能否取得融資，並非
    自訴人與台南市政府間設計、監造之契約範圍，「ＢＯＴ」案與自...",無罪,,https://judgment.judicial.gov.tw/FJUD/data.aspx?ty=JD&id=TNDM%2c89%2c%e8%87%aa%2c283%2c20010530%2c1&ot=in
臺灣高等法院 90 年度 附民 字第 164 號刑事判決,90.05.29,妨害名譽,,,,,,"二、對於乙○○先生之所為『令人非常遺憾 | 他獨斷主
    導 | 我們實無法忍受『這樣的破壞人物 | 本已合法選出，只是被乙
    ○○個人私慾搞成無效，真是罔顧大局，毀損協會榮譽","一、原告聲明求為判決，被告應賠償原告新台幣（下同）二百萬元。其事實上陳述略
    稱：原告自民國（下同）八十三年至八十九年，分別擔任台北市大安區義村社區
    發展協會總幹事、副理事長、理事長，從事社區服務工作，自七十六年至今擔任
    台灣電力工會幹部服務工會會員，自八十二年至今擔任台北市機關學校員生消費
    合作社聯合理事，其間並兼任總經理，服務台北市之公教同仁，並曾於八十四年
    參與台北市南區立委選舉，且積極投身台灣文史推動工作，八十九年九月二十四
    日推動三鶯地區文史導覽，而被告甲○○竟於八十九年九月二十一日制作載有「
    二、對於乙○○先生之所為『令人非常遺...",原告之訴駁回。,,https://judgment.judicial.gov.tw/FJUD/data.aspx?ty=JD&id=TPHM%2c90%2c%e9%99%84%e6%b0%91%2c164%2c20010529%2c1&ot=in
臺灣高等法院 90 年度 上易 字第 1090 號刑事判決,90.05.29,妨害名譽,,,,,,"被
    告製作之函件：：影響自訴人之名譽 | 意圖散布於眾而指摘或傳述足以毀損他人名譽之事 | 散布於眾 | 親送 | 乙○○身為理事長如此作事的心態，已嚴重危害本會名譽
    ，真讓會員蒙羞，我們實無法忍受『這樣的破壞人物 | 本已合法選出，只
    是被乙○○個人私慾搞成無效，真是罔顧大局，毀損協會榮譽 | （問：〔提示自訴狀附件一〕有無收到上開文件？）有，是被告拿給我本人
    收的，是拿到家裡。（問：在大安區義村社區擔任何職？）我收到這封信時是擔
    任理事。（問：知否其他人收到該文件？）其他理、監事都有，大部分都是被告
    拿給他們。 | （問：如何取得自證一？）是第四屆其中一個理事交給我的，我所知道所
    有的理事都有收到。 | 意圖散布於眾","，應依證據認定之，無證據不得推定其犯罪事實。又不能證明被告
    犯罪者，應諭知無罪之判決，刑事訴訟法第一百五十四條、第三百零一條第一
    項分別定有明文。而認定不利於被告之事實，須依積極證據，苟積極證據不足
    為不利被告之認定時，即應為有利於被告之認定，更不必有何有利之證據，最
四、訊之被告甲○○堅決否認有何誹謗自訴人之主觀意圖，並辯稱：（一）被告雖自
    承函件為其所撰，並曾親自交付義村社區協會之理、監事，惟所陳述均屬事實，
    主觀上並無違法之故意存在，且事實上該函件亦未減損眾人對自訴人之評價，此
    部分亦由證人莊清淡於原審八十九年十二月十四日之陳述可知，是自訴...",上訴駁回。,,https://judgment.judicial.gov.tw/FJUD/data.aspx?ty=JD&id=TPHM%2c90%2c%e4%b8%8a%e6%98%93%2c1090%2c20010529%2c1&ot=in
臺灣高等法院 90 年度 附民 字第 169 號刑事判決,90.05.25,妨害名譽,,,,,,幹你娘，跟你沒完了,"一、原告聲明求為判決，被告應賠償原告新台幣（下同）壹拾萬元，並自訴狀繕本送
    被告之翌日至清償日止，按年息百分之五計算之利息。其事實上陳述略稱，被告
    為源生公司課長，於八十九年十月二十四日上午八時許交班時，當眾辱駡原告三
    字經「幹你娘，跟你沒完了」，業經檢察官起訴在鈞院審理中，原告因遭被告當
    場辱駡，心理受到很大傷害，因依民法第一百八十四條第一項、第一百九十五條
    規定請求損害賠償，爰求為判決如訴之聲明；並援用刑事訴訟之證據。
二、被告未提出書狀，亦未作何陳述，惟依其在刑事訴訟之陳述，不承認有何侵權行
    為。",原告之訴駁回。,,https://judgment.judicial.gov.tw/FJUD/data.aspx?ty=JD&id=TPHM%2c90%2c%e9%99%84%e6%b0%91%2c169%2c20010525%2c1&ot=in
臺灣高等法院 90 年度 上易 字第 1487 號刑事判決,90.05.25,妨害名譽,,,,,,未明確提取,,上訴駁回。,,https://judgment.judicial.gov.tw/FJUD/data.aspx?ty=JD&id=TPHM%2c90%2c%e4%b8%8a%e6%98%93%2c1487%2c20010525%2c1&ot=in
臺灣高等法院 高雄分院 90 年度 上易 字第 129 號刑事判決,90.05.25,妨害名譽,,,,,,未明確提取,"應依證據認定之，無證據不得推定其犯罪事實；且不能證明被告犯罪
    者，應諭知無罪之判決，刑事訴訟法第一百五十四條、第三百零一條第一項分別
    定有明文。又按認定不利於被告之事實，須依積極證據，茍積極證據不足為不利
    於被告事實之認定時，即應為有利於被告之認定，更不必有何有利之證據；故證
    據是否真實尚欠明顯，自難以擬制推測之方法，為其裁判之基礎，最高法院三十
    年度上字第八一六號、五十三年度台上字第六五六號著有判例。再按言論自由為
    人民之基本權利，憲法第十一條有明文保障，國家應給予最大限度之維護，俾其
    實現自我、溝通意見、追求真理及監督各種政治或社會活...",上訴駁回。,,https://judgment.judicial.gov.tw/FJUD/data.aspx?ty=JD&id=KSHM%2c90%2c%e4%b8%8a%e6%98%93%2c129%2c20010525%2c1&ot=in
臺灣苗栗地方法院 88 年度 易 字第 619 號刑事其他文書,90.05.25,妨害名譽,,,,,,未明確提取,,,,https://judgment.judicial.gov.tw/FJUD/data.aspx?ty=JD&id=MLDM%2c88%2c%e6%98%93%2c619%2c20010525%2c2&ot=in
臺灣新竹地方法院 90 年度 易 字第 251 號刑事判決,90.05.25,妨害名譽,,,,,,未明確提取,,無罪,,https://judgment.judicial.gov.tw/FJUD/data.aspx?ty=JD&id=SCDM%2c90%2c%e6%98%93%2c251%2c20010525%2c1&ot=in
臺灣高等法院 高雄分院 90 年度 上易 字第 776 號刑事判決,90.05.23,妨害名譽,,,,,,未明確提取,,無罪,,https://judgment.judicial.gov.tw/FJUD/data.aspx?ty=JD&id=KSHM%2c90%2c%e4%b8%8a%e6%98%93%2c776%2c20010523%2c1&ot=in
臺灣高等法院 臺南分院 90 年度 附民 字第 121 號刑事判決,90.05.22,妨害名譽,,,,,,未明確提取,"一、原告聲明求為判決：被告應賠償原告新臺幣（下同）四十萬元及自訴狀送達翌日
    起至清償日按年息百分之五計算之利息，願供擔保，聲請宣告假執行。其事實陳
    述略稱：被告等妨害名譽經臺灣嘉義地方法院以九十年度易字第四二號判決罪刑
    在案。原告所受名譽譭謗非輕，為此依侵權行為規定，請求四十萬元慰撫金，爰
    求為判決如訴之聲明云云。
二、被告未提出書狀，亦未作何陳述，可資記載。",原告之訴及假執行之聲請均駁回。,,https://judgment.judicial.gov.tw/FJUD/data.aspx?ty=JD&id=TNHM%2c90%2c%e9%99%84%e6%b0%91%2c121%2c20010522%2c1&ot=in
臺灣高等法院 臺南分院 90 年度 上易 字第 478 號刑事判決,90.05.22,妨害名譽,,,,,,下午 | 下午,"應依證據認定之，無證據不得推定其犯罪事實；又不能證明被告犯罪
    者，應諭知無罪之判決；刑事訴訟法第一百五十四條、第三百零一條第一項分別
    定有明文。又認定不利於被告之事實，須依積極證據，苟積極證據不足為不利於
    被告事實之認定時，即應為有利於被告之認定，更不必有何有利之證據。再事實
    之認定，應憑證據，如未能發現相當證據，或證據不足以證明，自不能以推測或
    擬制之方法，為裁判基礎。又告訴人之告訴，本以使被告受刑事訴追為目的，故
    其陳述是否與事實相符，自應調查其他證據，以資審認，苟其所為攻擊之詞，尚
    有瑕疵，則在此瑕疵未予究明以前，即不能遽採為斷罪之...",無罪,,https://judgment.judicial.gov.tw/FJUD/data.aspx?ty=JD&id=TNHM%2c90%2c%e4%b8%8a%e6%98%93%2c478%2c20010522%2c2&ot=in
臺灣新北地方法院 89 年度 易 字第 4610 號刑事判決,90.05.22,妨害名譽,,,,,,未明確提取,"一、乙○○基於損毀丙○○名譽之概括犯意，先於民國八十八年一月間，在臺北縣樹
    林後火車站前羊肉爐店內，對甲○○、丁○○及其夫吳嘉鴻等人稱丙○○專門勾
    引朋友之夫，外面共有三位情夫等語；又於同年年二月間某日，在臺北縣○○鄉
    ○○村○○鄰○○街○○號，對丁○○夫婦及甲○○等人稱：丙○○之夫性無能
    ，故購買整瓶威而鋼在使用，以至於丙○○每次至伊住處均一直往伊身上靠，在
    外有三、四個男人等語，均指摘足以毀損丙○○名譽之事。
二、案經丙○○訴請臺灣板橋地方法院檢察署檢察官偵查起訴。","乙○○連續意圖散布於眾，而指摘足以毀損他人名譽之事，處罰金伍佰元，如易服勞
役，以參佰元折算壹日。",,https://judgment.judicial.gov.tw/FJUD/data.aspx?ty=JD&id=PCDM%2c89%2c%e6%98%93%2c4610%2c20010522%2c1&ot=in
臺灣新北地方法院 89 年度 易 字第 4610 號刑事判決,90.05.22,妨害名譽,,,,,,未明確提取,"一、乙○○基於損毀丙○○名譽之概括犯意，先於民國八十八年一月間，在臺北縣樹
    林後火車站前羊肉爐店內，對甲○○、丁○○及其夫吳嘉鴻等人稱丙○○專門勾
    引朋友之夫，外面共有三位情夫等語；又於同年年二月間某日，在臺北縣○○鄉
    ○○村○○鄰○○街○○號，對丁○○夫婦及甲○○等人稱：丙○○之夫性無能
    ，故購買整瓶威而鋼在使用，以至於丙○○每次至伊住處均一直往伊身上靠，在
    外有三、四個男人等語，均指摘足以毀損丙○○名譽之事。
二、案經丙○○訴請臺灣板橋地方法院檢察署檢察官偵查起訴。","乙○○連續意圖散布於眾，而指摘足以毀損他人名譽之事，處罰金伍佰元，如易服勞
役，以參佰元折算壹日。",,https://judgment.judicial.gov.tw/FJUD/data.aspx?ty=JD&id=PCDM%2c89%2c%e6%98%93%2c4610%2c20010522%2c2&ot=in
臺灣臺南地方法院 89 年度 易 字第 2964 號刑事判決,90.05.22,妨害名譽,,,,,,未明確提取,"，業據告訴人別府公司指訴綦詳，並
    有被告與歐姓購屋者之對話錄音譯文一份為其主要論據；訊據被告乙○○固不否
    認有於右揭時地對歐姓購屋者表示告訴人送錢給縣政府才核發使用執照等語之事
    實，惟堅決否認有何誹謗之犯行，辯稱：伊向歐姓購屋者所說的話，只是轉述自
    告訴人別府公司負責人張福來之說法，且伊僅係向歐姓購屋者在伊之住處客廳內
    說明此事，沒有其他人員在場，故伊主觀上並無散布於眾之意圖，也無誹謗之故
    意等語。
三、按犯罪事實應依證據認定之，無證據不得推定其犯罪事實。又不能證明被告犯罪
    者，應諭知無罪之判決，刑事訴訟法第一百五十四條、第三百零一條第一...",無罪,,https://judgment.judicial.gov.tw/FJUD/data.aspx?ty=JD&id=TNDM%2c89%2c%e6%98%93%2c2964%2c20010522%2c1&ot=in
臺灣高等法院 90 年度 上易 字第 382 號刑事判決,90.05.21,妨害名譽,,,,,,未明確提取,,上訴駁回。,,https://judgment.judicial.gov.tw/FJUD/data.aspx?ty=JD&id=TPHM%2c90%2c%e4%b8%8a%e6%98%93%2c382%2c20010521%2c1&ot=in
臺灣臺中地方法院 90 年度 易 字第 1285 號刑事判決,90.05.18,妨害名譽,,,,,,"公車 | 下賤 | 賤女人 | 連
    上過公車的人都跟我說你是賤女人 | 看妳那種身體，一輩子也別想當人家母
    親了，還好不會害到下一代，妳就繼續當妳的公車吧 | kipbing","一、乙○○為逢甲大學四年級在學學生。其因懷疑甲○○向其女友散布不實傳言，因
    而對甲○○心生不滿，竟於民國八十九年八月二十六日二時三十八分許，利用電
    腦及其專屬之電子郵件帳號，在特定多數人均可瀏覽觀看之逢甲蒼穹資訊網網站
    上，以「公車」（指與多數人發生性關係之意）、「下賤」、「賤女人」、「連
    上過公車的人都跟我說你是賤女人」、「看妳那種身體，一輩子也別想當人家母
    親了，還好不會害到下一代，妳就繼續當妳的公車吧」等侮辱性文字，公然辱罵
    網路代號為「kipbing」之甲○○，致使甲○○之名譽受有損害。
二、案經甲○○訴由臺中市警察局第四分局報請臺灣臺中...",公然侮辱,,https://judgment.judicial.gov.tw/FJUD/data.aspx?ty=JD&id=TCDM%2c90%2c%e6%98%93%2c1285%2c20010518%2c1&ot=in
臺灣高雄地方法院 89 年度 附民 字第 318 號刑事判決,90.05.18,妨害名譽,,,,,,未明確提取,"甲、原告方面：
  一、聲明：（一）被告應給付原告新台幣五十萬元，及自民國八十九年五月九日起
                  至清償日止，按年利率百分之五計算之利息。
            （二）被告應於台灣時報南部版刊登道歉啟事。
            （三）原共願供擔保請准宣告假執行。
  二、陳述：
  （一）緣原告與被告雙方因車禍糾紛，涉訟於台灣高等法院高雄分院（八十九年度
        交上易字第九十二號），被告竟於八十九年五月八日，在台灣高等法院高雄
        分院刑事第八法庭開庭時，怒罵原告是飆車族，查飆車族在一般人之認知上
        ，是騎車不守規則，且超...",原告之訴及其假執行之聲請，均駁回。,,https://judgment.judicial.gov.tw/FJUD/data.aspx?ty=JD&id=KSDM%2c89%2c%e9%99%84%e6%b0%91%2c318%2c20010518%2c1&ot=in
臺灣高雄地方法院 89 年度 自 字第 255 號刑事判決,90.05.18,妨害名譽,,,,,,未明確提取,,無罪,,https://judgment.judicial.gov.tw/FJUD/data.aspx?ty=JD&id=KSDM%2c89%2c%e8%87%aa%2c255%2c20010518%2c1&ot=in
臺灣高等法院 90 年度 上易 字第 1242 號刑事判決,90.05.17,妨害名譽,,,,,,未明確提取,及,上訴駁回。,,https://judgment.judicial.gov.tw/FJUD/data.aspx?ty=JD&id=TPHM%2c90%2c%e4%b8%8a%e6%98%93%2c1242%2c20010517%2c1&ot=in
臺灣基隆地方法院 90 年度 自 字第 14 號刑事裁定,90.05.16,妨害名譽,,,,,,"甲○○到基隆市仁
    愛戶政事務所要該所私下與甲○○和解否則要告到底。 | 告到底 | 告到底","，若行為人所指摘或
    傳述之具體事實，依一般社會通念並不足以貶損受指摘或傳述人之社會名望或地
    位，即核與刑法誹謗罪之構成要件有間。
三、本案被告乙○○固自承於本院八十九年度易字第七六一號被告甲○○涉嫌妨害公
    務案件，於九十年三月八日本院第三法庭公開審理中證稱：「甲○○到基隆市仁
    愛戶政事務所要該所私下與甲○○和解否則要告到底。」等語（詳見本院九十年
    三月八日訊問筆錄），然經本院向基隆市仁愛區戶政事務所函查結果，自訴人甲
    ○○確曾因不服該所於八十九年十一月二十一日所為之行政處分，依法提出訴願
    及請求國家賠償，有該所九十年三月二十六日基仁戶字第...",自訴駁回。,,https://judgment.judicial.gov.tw/FJUD/data.aspx?ty=JD&id=KLDM%2c90%2c%e8%87%aa%2c14%2c20010516%2c1&ot=in
臺灣臺北地方法院 89 年度 自 字第 147 號刑事判決,90.05.16,妨害名譽,,,,,,"脅迫投資，強行募集 | 脅迫 | 利用職權 | 施壓入股 | 脅迫 | 利用職權 | 施壓入
    股 | 脅迫 | 利用職權 | 施壓入股","真相及向
    自訴人求證之前，竟於八十九年一月十三日以文字之方法為不實之傳述，而被告
    余建新、周盛淵、陳國祥、陳永誠分別為中國時報、工商時報之發行人、總編輯
    ，本應查證記者撰述內容之真實性，且應廣向各方當事人求證，卻基於共謀之不
    確定故意，意圖散布於眾，而於八十九年一月十三日中國時報、工商時報上刊登
    上開足以破壞自訴人名譽之報導。
  ㈣再按新聞從業人員應以嚴謹負責之態度，客觀、公正、平衡地報導事件，而非僅
    為增加或提高其報紙之銷售量或知名度，即罔顧當事人之權益，此乃一成熟、負
    責之新聞從事人員所應具有之態度。然被告六人對上開事實是否確為真實...",無罪,,https://judgment.judicial.gov.tw/FJUD/data.aspx?ty=JD&id=TPDM%2c89%2c%e8%87%aa%2c147%2c20010516%2c1&ot=in
臺灣高等法院 花蓮分院 90 年度 上易 字第 107 號刑事判決,90.05.15,妨害名譽,,,,,,"曾大醫師冒領貸款，還錢來 | 返錢不還票，侵占
  別人財產，丙○○、戊○○、曾國楨共謀 | 輸了股票，侵占
  別人財產 | 番王 | 曾外科診所 | 草繩 | 阿盛","甲○○因與丙○○、戊○○有財務上之糾紛，竟基於意圖散布於眾之概況犯意，先
  後製作書有「曾大醫師冒領貸款，還錢來」（下稱編號一）、「返錢不還票，侵占
  別人財產，丙○○、戊○○、曾國楨共謀」（下稱編號二）、及「輸了股票，侵占
  別人財產」（下稱編號三）等文字之標語，於：
  ㈠民國八十九年九月中旬某日，與不知情之綽號「番王」之不詳姓名男子，以共同
    持編號一標語之散布文字方法，在臺東縣臺東市○○路○○號曾國楨所經營之「
    曾外科診所」前，指摘足以毀損曾國楨名譽之事。
  ㈡八十九年十月二十三日或二十五日，與不知情之綽號「草繩」之不詳姓名男子，
    以共同持編號二標語之散...","原判決關於甲○○部分撤銷。
甲○○連續意圖散布於眾，散布文字指摘足以毀損他人名譽之事，處有期徒刑叁月，
如易科罰金，以參佰元折算壹日，扣案之文字標語三面沒收。
其他上訴駁回。",,https://judgment.judicial.gov.tw/FJUD/data.aspx?ty=JD&id=HLHM%2c90%2c%e4%b8%8a%e6%98%93%2c107%2c20010515%2c1&ot=in
臺灣高等法院 臺南分院 90 年度 上易 字第 553 號刑事判決,90.05.15,妨害名譽等,,,,,,"（有無接過乙○○電話？）有的，八十九年二、三月間，常打來，說其
    丈夫陸永哲與甲○○去旅社開房間。 | （你如何認識被告？）她是陸永哲的太太，我因為認識陸
    永哲的關係所以認識她，我們曾經通過電話，我們是好朋友。（被告是否曾跟你
    說他先生外遇的事？）她確實有打電話給我說她懷疑他先生與甲○○有外遇，她
    想找機會去跟甲○○的先生說明這件事。（被告跟你說時有無請你將這些事轉告
    別人？）她其實是跟我訴苦並沒有要我將這些事轉告別人的意思。
    ．．（被告有無告訴你說她要對告訴人甲○○不利？）他從未跟我說過這種話。 | （乙○○有無打電話給妳？）有的，八十九年四月十日左右說甲
    ○○與陸永哲通姦，被她碰到要殺甲○○。 | （被告有無說其丈夫與告訴人通姦？
    ）沒有，只說二人常出去，用車子載來載去。 | （被告有無說陸永哲與甲○○確實有
    通姦？）她沒有這樣說，她只是說他們二人關係曖昧。 | 通姦 | （乙○○有無打電話給妳？）有的，八
    十九年四月十日左右說甲○○與陸永哲通姦，被她碰到要殺甲○○。．．被告說
    很氣，要殺死告訴人。 | （「被告何時打過電話給妳？）她在八十九年三、四月打過電話
    給我，打了二、三次，說陸永哲跟甲○○關係曖昧，常常出去，她很生氣，想要
    殺死告訴人。．．她說了很多，語氣激動，沒有哭哭啼啼。（她有無叫妳告訴甲
    ○○？）她並沒有叫我轉告甲○○，是我自己去跟甲○○講的。我跟甲○○講，
    她聽了之後很生氣。 | 是！ | 是！","應依證據認定之，無證據不得推定其犯罪事實；又不能證明被告犯罪
    者，應諭知無罪之判決；刑事訴訟法第一百五十四條、第三百零一條第一項分別
    定有明文。又認定不利於被告之事實，須依積極證據，苟積極證據不足為不利於
    被告事實之認定時，即應為有利於被告之認定，更不必有何有利之證據（最高法
    院三十年上字第八一六號判例參照）。再事實之認定，應憑證據，如未能發現相
    當證據，或證據不足以證明，自不能以推測或擬制之方法，為裁判基礎（最高法
    院四十年台上字第八六號判例參照）。又告訴人之告訴，係以使被告受刑事訴追
    為目的，是其陳述是否與事實相符，仍應調查其他證據以...",上訴駁回。,,https://judgment.judicial.gov.tw/FJUD/data.aspx?ty=JD&id=TNHM%2c90%2c%e4%b8%8a%e6%98%93%2c553%2c20010515%2c1&ot=in
臺灣高等法院 90 年度 附民 字第 143 號刑事裁定,90.05.11,妨害名譽,,,,,,未明確提取,,,,https://judgment.judicial.gov.tw/FJUD/data.aspx?ty=JD&id=TPHM%2c90%2c%e9%99%84%e6%b0%91%2c143%2c20010511%2c1&ot=in
臺灣高等法院 90 年度 上易 字第 897 號刑事判決,90.05.11,妨害名譽,,,,,,"中國大眾
    康寧互助會（下稱康寧互助會） | 操你媽屄 | 幹你娘咧 | 絕子絕孫","一、乙○○係設於台北市○○區○○路三段七五巷一三七號五樓社團法人「中國大眾
    康寧互助會（下稱康寧互助會）」之秘書長，甲○○則為康寧互助會員工，二人
    平素相處不睦，乙○○於民國八十八年十一月二十九日，因傷害甲○○案，經台
    灣台北地方法院判處拘役五十日確定。乙○○於八十九年三月二十四日十四時許
    ，在康寧互助會召開之行政會議會場之公眾得出入場所內，因懷疑甲○○曾寄發
    黑函中傷其先父名譽，復不滿甲○○之發言內容，竟一時氣憤，公然謾罵侮辱甲
    ○○「操你媽屄」、「幹你娘咧」、「絕子絕孫」等語。
二、案經甲○○訴請臺灣臺北地方法院檢察署檢察官偵查起訴。",公然侮辱,,https://judgment.judicial.gov.tw/FJUD/data.aspx?ty=JD&id=TPHM%2c90%2c%e4%b8%8a%e6%98%93%2c897%2c20010511%2c1&ot=in
最高法院 90 年度 台抗 字第 194 號刑事裁定,90.05.10,妨害名譽聲請法官迴避,,,,,,未明確提取,,抗告駁回。,,https://judgment.judicial.gov.tw/FJUD/data.aspx?ty=JD&id=TPSM%2c90%2c%e5%8f%b0%e6%8a%97%2c194%2c20010510&ot=in
臺灣新北地方法院 90 年度 易 字第 752 號刑事判決,90.05.10,妨害名譽,,,,,,"重要文件 | 您所不知道的湯╳╳先生 | 一個長期計劃性勒索建商的社區住戶 | 多次發存證信函至建設公司預謀勒索 | 他行『○○水處 | 又於社區領取使用執照過程中為迫使建
    商就範，串聯少數預售住戶到處寄發陳情信函，阻撓主管機關核發使用執照 | 他以受恐嚇為由，操控熱心住戶為他散發黑函，復於以『籌備處 | 區分所有權人會議","一、甲○○係臺北縣中和市鳳凰城社區之社區委員，因同社區住戶乙○○購屋時以施
    工不符等情，要求建設公司減價，經建設公司與之協議後減少買賣總價新台幣（
    下同）二十萬元並無償提供車位，致甲○○不滿，於民國八十九年八月五日，意
    圖散佈於眾，將不詳人士製作而置於其住處信箱內，標題為「重要文件」由願意
    聽聽湯╳╳說法的住戶署名之傳單，內容載有「您所不知道的湯╳╳先生」、「
    一個長期計劃性勒索建商的社區住戶」、「多次發存證信函至建設公司預謀勒索
    」、「他行『○○水處』工作之便，參與社區自來水接水檢水檢驗工作，全程驗
    收自來水外線工程，從中謀得利益」、「...","甲○○散佈文字，指摘足以毀損他人名譽之事，處拘役伍拾日，如易科罰金，以叁佰
元折算壹日。",,https://judgment.judicial.gov.tw/FJUD/data.aspx?ty=JD&id=PCDM%2c90%2c%e6%98%93%2c752%2c20010510%2c1&ot=in
臺灣高雄地方法院 90 年度 自 字第 203 號刑事裁定,90.06.21,妨害名譽,,,,,,未明確提取,,公然侮辱,,https://judgment.judicial.gov.tw/FJUD/data.aspx?ty=JD&id=KSDM%2c90%2c%e8%87%aa%2c203%2c20010621%2c1&ot=in
臺灣高等法院 90 年度 上易 字第 3183 號刑事判決,90.06.20,妨害名譽,,,,,,未明確提取,及,加重誹謗,,https://judgment.judicial.gov.tw/FJUD/data.aspx?ty=JD&id=TPHM%2c90%2c%e4%b8%8a%e6%98%93%2c3183%2c20010620%2c1&ot=in
臺灣新北地方法院 89 年度 易 字第 3639 號刑事判決,90.06.20,妨害名譽,,,,,,未明確提取,,無罪,,https://judgment.judicial.gov.tw/FJUD/data.aspx?ty=JD&id=PCDM%2c89%2c%e6%98%93%2c3639%2c20010620%2c1&ot=in
臺灣高等法院 90 年度 上易 字第 985 號刑事判決,90.06.19,妨害名譽,,,,,,未明確提取,"應依證據認定之，無證據不得推定其犯罪事實。又不能證明被告犯罪
    者，應諭知無罪之判決，刑事訴訟法第一百五十四條、第三百零一條第一項分別
    定有明文。又事實之認定，應憑證據，如未能發現相當證據，或證據不足以證明
    ，自不能以推測或擬制之方法，為裁判基礎（最高法院四十年台上字第八六號判
    例參照）；再刑法第三百十條第一項之誹謗罪，係以意圖散布於眾，而指摘或傳
    述足以毀損他人名譽之事為成立要件，此觀法條之規定自明，是行為人必須基於
    散布於眾之意圖且有誹謗之故意，始足當之，如僅告知特定人或向特定機關陳述
    ，即與犯罪構成要件不符（參見最高法院七十五年度台非...",加重誹謗,,https://judgment.judicial.gov.tw/FJUD/data.aspx?ty=JD&id=TPHM%2c90%2c%e4%b8%8a%e6%98%93%2c985%2c20010619%2c1&ot=in
臺灣高等法院 90 年度 上易 字第 1492 號刑事判決,90.06.19,妨害名譽,,,,,,"Dear A.C.C. Board of Governors and Members | ．．．郭主廚（指甲○○）又藉故調我至他的廚房部門監視，．．．每天還
    必須與老鼠、蟑螂、蒼蠅、蚊子、蜘蛛等為伍，每天被咬的苦不堪言（因我的工
    作場所在垃圾場邊），臭氣充天，整個工作場所通風很差，因T.O.C.冰箱散熱系
    統的出口設在我的工作場所裡，除此之外郭主廚更讓餐廳服務人員，在廚房裡嬉
    戲玩耍於蔬果之間，衛生上堪慮．．． | 郭主廚又在耍詐對付我了，所以我
    要求填表為依據，而當我填表的時候郭主廚的臉上充滿著勝利狡猾的笑容．．．
    此時他那猙獰的臉又出現，他說：『妳簽與不簽，今天都是妳最後一天，明天就
    不用來了 | 要吃就吃，不吃拉倒 | ．．．有此惡魔在協會裡作怪，俱樂部的事
    情由他一手在掌控，想要做到退休已是難事，公司的營運也將不再平順了．．．","一、乙○○原係臺北市美僑協會（AMERICAN CLUB IN CHINA，簡稱A.C.C.，設於臺北
    市○○路○○號，下稱美僑協會）之廚房部門員工，民國八十八年七月卅日，廚
    房主管即執行主廚甲○○召集資深員工並告知美僑協會因業務虧損，有裁減人員
    之必要，故理事會核准給予廚房部門二位提前退休之名額，有意願者須於當日下
    午五時前提出申請，提出申請之員工，其最後之工作日為同年的七月卅一日，乙
    ○○知悉後隨即填具申請單，表明願依協會所定方案提前退休，美僑協會於審查
    後核准其申請，並依約給付薪資、未休假獎金及退休金。詎乙○○明知上情，竟
    否認自願...",加重誹謗,,https://judgment.judicial.gov.tw/FJUD/data.aspx?ty=JD&id=TPHM%2c90%2c%e4%b8%8a%e6%98%93%2c1492%2c20010619%2c1&ot=in
臺灣高等法院 90 年度 上易 字第 1608 號刑事判決,90.06.18,妨害名譽,,,,,,"罪證有疑，利於被告 | 常年以福鹿通運公司及春風
        通運公司等多家無營業執照，非法在基隆市成立公司，與本業合法業者惡性
        競爭，嚴重侵犯本會業者之權益，請市政府加以制止，以免其魚目混珠，擾
        亂營運秩序。辦法：一、對保障常年設籍繳稅在基隆市之本會會員公平權益
        ，促請市政府通告所屬各單位，舉辦各種活動，優先使用本會所屬會員之遊
        覽車，以利本市稅收。二、建請市政府對沒有申請營業執照，非法在基隆市
        設立公司者依法辦理，以保障合法業者，並鼓勵外縣市遊覽公司遷入本市設
        籍營業 | 一、
        台灣地區。二、金門。三、馬祖。 | 因為本件自訴人所經營的項目是
        遊覽車業，要看公司當初登記之營業項目及該營業公會所規定之主管機關所
        給予核定的範圍及性質，來認定該公司是否可跨其他縣市營業。 | （如果
        在台北市登記的遊覽公司，可否在本市轄區內營業）可以，只要該公司在其
        他縣市內設立辦事處營業，並向當地之稅捐機關辦理登記後，即使沒有設立
        辦事處，亦可在沒有登記之縣市內營業。不用加入本市公會，只要該公司有
        在他所登記的縣市內，有參加公會就可以了。除非當初申請時，交通主管機
        關對於他們的營業項目及路線有特別限制外，一般是沒有限制的 | 常年以福鹿通運公司及春風通運公司等多家無營業執照，非法在基
        隆市成立公司，與本業合法業者惡性競爭，嚴重侵犯本會業者之權益，請市
        政府加以制止，以免其魚目混珠，擾亂營運秩序。辦法：一、對保障常年設
        籍繳稅在基隆市之本會會員公平權益，促請市政府通告所屬各單位，舉辦各
        種活動，優先使用本會所屬會員之遊覽車，以利本市稅收。二、建請市政府
        對沒有申請營業執照，非法在基隆市設立公司者依法辦理，以保障合法業者
        ，並鼓勵外縣市遊覽公司遷入本市設籍營業","應依證據認定之，無證據不得推定其犯罪事實；又不能證明被告犯罪
    者，應諭知無罪之判決；刑事訴訟法第一百五十四條、第三百零一條第一項分別
    定有明文。又犯罪事實之認定，應憑真實之證據，倘證據是否真實尚欠明確，自
    難以擬制推測之方法，為其判斷之基礎；而認定犯罪事實之證據係指足以認定被
    告確有犯罪行為之積極證據而言，該項證據自須適合於被告犯罪事實之認定，始
    得採為斷罪資料，最高法院五十三年著有臺上字第六五六號、二十九年上字第三
    一０五號判例。且刑事訴訟上證明之資料，無論其為直接或間接證據，均須達於
    通常一般之人均不致有所懷疑，而得確信其為真實之程度...",無罪,,https://judgment.judicial.gov.tw/FJUD/data.aspx?ty=JD&id=TPHM%2c90%2c%e4%b8%8a%e6%98%93%2c1608%2c20010618%2c1&ot=in
臺灣臺東地方法院 90 年度 自 字第 4 號刑事判決,90.06.18,妨害名譽,,,,,,未明確提取,,誹謗,,https://judgment.judicial.gov.tw/FJUD/data.aspx?ty=JD&id=TTDM%2c90%2c%e8%87%aa%2c4%2c20010618%2c4&ot=in
臺灣高等法院 90 年度 附民 字第 173 號刑事判決,90.06.15,妨害名譽,,,,,,未明確提取,"一、原告聲明求為判決㈠被告應連帶給付原告新台幣（下同）一千萬元，及自八十八
    年五月一日起至清償日止，按年息百分之五計算之利息。㈡被告應連續在中國時
    報、聯合報桃園縣地方版刊登道歉啟事二日，費用由被告連帶負擔。㈢前開㈠之
    請求，原告願供擔保請准宣告假執行。原告陳述略稱：被告共同妨害原告名譽案
    件，由本院審理中，被告共同不法侵害原告權利，爰依刑事訴訟法第四百八十七
    條規定，提起本訴。
二、被告未提出書狀，亦未作何聲明、陳述。",原告之訴及假執行之聲請均駁回。,,https://judgment.judicial.gov.tw/FJUD/data.aspx?ty=JD&id=TPHM%2c90%2c%e9%99%84%e6%b0%91%2c173%2c20010615%2c1&ot=in
臺灣高等法院 90 年度 上易 字第 1083 號刑事判決,90.06.15,妨害名譽,,,,,,"抗議！抗議！揭穿主任委員戊○
    ○挪用職權，處分收回公產，圖利自己貳億萬以上內幕陰謀．．．。","略以：被告甲○○、丁○○、己○○、乙○○等人均為祭祀公業楊六使
    派下員，明知該祭祀公業主任委員戊○○於民國八十六年六月間處分祭祀公業所
    有如附表所示土地（以下簡稱系爭土地），係經祭祀公業管理委員會決議後始行
    出售，並無何不法情事，竟意圖損害戊○○之名譽，被告甲○○、丁○○、己○
    ○、乙○○等四人竟與並非派下員之被告丙○○商議後，基於共同犯意之聯絡，
    於八十八年四月初，散發或郵件寄送內容載有「抗議！抗議！揭穿主任委員戊○
    ○挪用職權，處分收回公產，圖利自己貳億萬以上內幕陰謀．．．。」等不實內
    容之文宣（以下簡稱系爭文宣，見他字第九五五號卷第...",加重誹謗,,https://judgment.judicial.gov.tw/FJUD/data.aspx?ty=JD&id=TPHM%2c90%2c%e4%b8%8a%e6%98%93%2c1083%2c20010615%2c1&ot=in
臺灣苗栗地方法院 90 年度 自 字第 34 號刑事判決,90.06.15,妨害名譽,,,,,,未明確提取,,公然侮辱,,https://judgment.judicial.gov.tw/FJUD/data.aspx?ty=JD&id=MLDM%2c90%2c%e8%87%aa%2c34%2c20010615%2c1&ot=in
臺灣彰化地方法院 89 年度 易 字第 1720 號刑事判決,90.06.15,妨害名譽,,,,,,瘋查某（台語）,"一、甲○○係坐落彰化縣彰化市○○路二一三至二二一號碧富邑大樓管理委員會副主
    任委員，因催繳住戶管理費一事與住戶庚○○發生嫌隙，於民國（下同）八十九
    年七月十三日下午五時許，在碧富邑大樓一樓公眾得出入之管理室前，當管理委
    員會主任委員張進寶與庚○○等人協調臨時公告及管理費事宜時，甲○○從電梯
    出來，即公然對庚○○辱罵：「瘋查某（台語）」等語。
二、案經被害人庚○○訴請台灣彰化地方法院檢察署檢察官偵查起訴。",無罪,,https://judgment.judicial.gov.tw/FJUD/data.aspx?ty=JD&id=CHDM%2c89%2c%e6%98%93%2c1720%2c20010615%2c1&ot=in
臺灣臺東地方法院 90 年度 自 字第 26 號刑事裁定,90.06.14,妨害名譽,,,,,,未明確提取,與證據。,"自訴人應於本裁定送達後七日內補正被告甲○○之確實年齡、住所或居所或其他足資
辨別之特徵，及",,https://judgment.judicial.gov.tw/FJUD/data.aspx?ty=JD&id=TTDM%2c90%2c%e8%87%aa%2c26%2c20010614%2c1&ot=in
臺灣屏東地方法院 90 年度 易 字第 465 號刑事判決,90.06.14,妨害名譽,,,,,,未明確提取,"應依證據認定之，無證據不得推定其犯罪事實。又不能證明被告犯罪
    者，應諭知無罪之判決，刑事訴訟法第一百五十四條、第三百零一條第一項分別
    定有明文。而刑法第三百十條前段以對誹謗之事，能證明其為真實者不罰，係針
    對言論內容與事實相符者之保障，並藉以限定刑罰權之範圍，非謂指摘或傳述誹
    謗事項之行為人，必須自行證明其言論內容確屬真實，始能免於刑責，惟行為人
    雖不能證明言論內容為真實，但依其所提證據資料，認為行為人有相當",無罪,,https://judgment.judicial.gov.tw/FJUD/data.aspx?ty=JD&id=PTDM%2c90%2c%e6%98%93%2c465%2c20010614%2c1&ot=in
臺灣高等法院 90 年度 上易 字第 1476 號刑事判決,90.06.13,妨害名譽等,,,,,,"豐群土地登記專
    業代理人事務所 | 英倫大廈 | 通告 | 有關本棟大樓（英倫大廈）
    忠孝東路四段三一一號，所有權登記相關公共設施部份，目前部份所有權人接獲
    大安地政事務所函告辦理產權登記一案，本棟大樓部份所有權人不甚瞭解，委託
    本鄰長與該大安地政事務所連絡，了解情況，....。本鄰長願為本大樓全體區分
    所有權人更進一步竭誠服務，其辦理事項說明如左：一、集合需要登記人，造冊
一併辦理申請。二、查工本費每件規費約為一百元，另測量費在內不會超過二百
    元，集體辦理費用分擔收費較節省。三、以上所述費用，由本鄰長先暫行代付。
    待新土地及房屋所有權狀核發後，再行補收墊付款 | 亂收費","一、乙○○與在臺北市○○區○○○路○段○○○號五樓之三開設「豐群土地登記專
    業代理人事務所」之甲○，及鍾政光、宋育等人均係同一棟「英倫大廈」之住戶
    。甲○自民國八十八年九月間起，因受英倫大廈區分所有權人李熙、周瑤章等三
    十六人（計三十八戶）之委任，代為向地政機關申辦英倫大廈共同使用部分所有
    權第一次登記等業務，經堪測及調閱英倫大廈竣工圖後，受委任人甲○因認頂樓
    突出物與竣工平面圖所載面積不符，且供作停車場兼防空避難室使用之地下層所
    有權，自六十五年英倫大廈竣工後，業由起造人國泰建設公司陸續以分別共有之
    方式，將該地下層建物全部劃分為二十等...",散布文字誹謗,,https://judgment.judicial.gov.tw/FJUD/data.aspx?ty=JD&id=TPHM%2c90%2c%e4%b8%8a%e6%98%93%2c1476%2c20010613%2c1&ot=in
臺灣高雄地方法院 90 年度 附民 字第 259 號刑事裁定,90.06.13,妨害名譽,,,,,,未明確提取,,,,https://judgment.judicial.gov.tw/FJUD/data.aspx?ty=JD&id=KSDM%2c90%2c%e9%99%84%e6%b0%91%2c259%2c20010613%2c1&ot=in
臺灣高雄地方法院 90 年度 易 字第 1723 號刑事判決,90.06.13,妨害名譽,,,,,,幹你娘,"一、乙○○於民國八十九年十一月十二日上午十時四十五分許，在高雄市○○區○○
    路○○○號五樓，出席該大樓住戶會議，商談是否成立該大樓管理委員會時，因
    簽名問題而與該大樓住戶李福星發生口角爭執，乙○○竟基於侮辱之犯意，在多
    數人得共見共聞之上開會議場所內，以「幹你娘」之穢語，公然辱罵李福星。
二、案經李福星訴由高雄市政府警察局左營分局移送台灣高雄地方法院檢察署檢察官
    偵查起訴。",公然侮辱,,https://judgment.judicial.gov.tw/FJUD/data.aspx?ty=JD&id=KSDM%2c90%2c%e6%98%93%2c1723%2c20010613%2c1&ot=in
臺灣高等法院 90 年度 上易 字第 857 號刑事判決,90.06.12,妨害名譽,,,,,,未明確提取,,誹謗,,https://judgment.judicial.gov.tw/FJUD/data.aspx?ty=JD&id=TPHM%2c90%2c%e4%b8%8a%e6%98%93%2c857%2c20010612%2c1&ot=in
臺灣屏東地方法院 90 年度 易 字第 539 號刑事判決,90.06.12,妨害名譽,,,,,,幹你娘,"甲○○於民國九十年一月六日十七時三十分許，在屏東縣○○鄉○○村○○鄰○○路
三十四之十一號前，因不滿乙○○所有之自小客車停放於其住宅前道路，遂與乙○○
發生口角，並公然以台語「幹你娘」等髒話侮辱乙○○。",公然侮辱,,https://judgment.judicial.gov.tw/FJUD/data.aspx?ty=JD&id=PTDM%2c90%2c%e6%98%93%2c539%2c20010612%2c1&ot=in
臺灣高等法院 90 年度 上易 字第 1079 號刑事裁定,90.06.11,妨害名譽,,,,,,未明確提取,,公然侮辱,,https://judgment.judicial.gov.tw/FJUD/data.aspx?ty=JD&id=TPHM%2c90%2c%e4%b8%8a%e6%98%93%2c1079%2c20010611%2c2&ot=in
臺灣臺南地方法院 89 年度 易 字第 2928 號刑事判決,90.06.11,妨害名譽,,,,,,未明確提取,,無罪,,https://judgment.judicial.gov.tw/FJUD/data.aspx?ty=JD&id=TNDM%2c89%2c%e6%98%93%2c2928%2c20010611%2c2&ot=in
臺灣雲林地方法院 89 年度 易 字第 562 號刑事判決,90.06.08,妨害名譽,,,,,,其所指摘或傳述之事為不實 | 真正惡意原則 | 真正惡意原則 | 真正惡意 | 善意,"應依證據認定之，無證據不得推定其犯罪事實，又不能證明被告犯罪
    者，應諭知無罪之判決，刑事訴訟法第一百五十四條、第三百零一條第一項定有
    明文。次按刑法第三百十條第二項加重誹謗罪之要件，必須係意圖散布於眾，而
    指摘或傳述足以毀損他人名譽之事，且係散布文字、圖畫者，始足當之，同條第
    三項復規定，對於所誹謗之事，能證明為真實者，不罰。但涉私德而與公共利益
    無關者，不在此限。再按以善意發表言論，而有因自衛、自辯或保護合法之利益
    者或對於可受公評之事，而為適當之評論者，不罰，刑法第三百十一條第一款、
    第三款規定甚明。是我國刑法之誹謗罪規定行為人須具備...",無罪,,https://judgment.judicial.gov.tw/FJUD/data.aspx?ty=JD&id=ULDM%2c89%2c%e6%98%93%2c562%2c20010608%2c2&ot=in
臺灣桃園地方法院 90 年度 易 字第 1007 號刑事判決,90.06.07,妨害名譽,,,,,,未明確提取,,公然侮辱,,https://judgment.judicial.gov.tw/FJUD/data.aspx?ty=JD&id=TYDM%2c90%2c%e6%98%93%2c1007%2c20010607%2c1&ot=in
臺灣基隆地方法院 90 年度 自 字第 3 號刑事裁定,90.06.07,妨害名譽,,,,,,未明確提取,,公然侮辱,,https://judgment.judicial.gov.tw/FJUD/data.aspx?ty=JD&id=KLDM%2c90%2c%e8%87%aa%2c3%2c20010607%2c1&ot=in
臺灣臺中地方法院 90 年度 自 字第 169 號刑事裁定,90.06.06,妨害名譽,,,,,,未明確提取,"應依証據認定之，無証據不得推定其犯罪事實，刑事訴訟法第一百
    五十四條定有明文。且按自訴人之自訴，係以使被告受刑事訴追為目的，是其陳
    述是否與事實相符，仍應調查其他証據以資審認。又按刑法第三百零九條之公然
    侮辱罪，應以該言詞及舉動係（一）出於侮辱他人之意思（二）對於個人在社會
    上所保持之人格地位，因加害者之舉動，達足以毀損其名譽之程度與否以定標準
    。
三、查本件自訴人於八十九年八月十四日具狀自訴略稱：法官吳幸芬及書記官蔡伸蔚
    共同於八十八年自字第六二八號傷害案件之判決書",公然侮辱,,https://judgment.judicial.gov.tw/FJUD/data.aspx?ty=JD&id=TCDM%2c90%2c%e8%87%aa%2c169%2c20010606%2c1&ot=in
臺灣新竹地方法院 89 年度 自 字第 74 號刑事裁定,90.06.05,妨害名譽,,,,,,未明確提取,,上訴駁回。,,https://judgment.judicial.gov.tw/FJUD/data.aspx?ty=JD&id=SCDM%2c89%2c%e8%87%aa%2c74%2c20010605%2c2&ot=in
臺灣高雄地方法院 90 年度 易 字第 1422 號刑事判決,90.06.05,妨害名譽,,,,,,未明確提取,,公然侮辱,,https://judgment.judicial.gov.tw/FJUD/data.aspx?ty=JD&id=KSDM%2c90%2c%e6%98%93%2c1422%2c20010605%2c1&ot=in
臺灣臺中地方法院 90 年度 自 字第 54 號刑事判決,90.06.01,妨害名譽,,,,,,"檢
      舉陳情書 | 檢舉陳情書 | 全倒 | 半倒 | 美麗殿大樓 | 全倒 | 半倒","應依證據認定之，無證據不得推定其犯罪事實。又不能證明被告犯
      罪者，應諭知無罪之判決，刑事訴訟法第一百五十四條、第三百零一條第一項
      分別定有明文。而所謂證據，須適於為被告犯罪事實之證明者，始得採為斷罪
      資料，如未能發現相當證據，或證據不足以證明，自不能以推測或擬制之方法
      ，以為裁判基礎（最高法院五十三年台上字第二七五○號及四十年台上字第八
      十六號判例參照）。次按，刑法第三百十條第二項之加重誹謗罪，係以（一）
      須意圖散布於眾，（二）須散布文字或圖畫，（三）須指摘或傳述足以毀損他
      人名譽之事，（四）須所指摘或傳述之事...",無罪,,https://judgment.judicial.gov.tw/FJUD/data.aspx?ty=JD&id=TCDM%2c90%2c%e8%87%aa%2c54%2c20010601%2c2&ot=in
臺灣高等法院 90 年度 上易 字第 1556 號刑事判決,90.05.31,妨害名譽,,,,,,未明確提取,"相符者之保障，並藉以限定刑
    罰權之範圍，非謂指摘或傳述誹謗事項之行為人，必須自行證明其言論內容確屬
    真實，始能免於刑責，倘行為人雖不能證明言論內容為真實，但依其所提證據資
    料，認為行為人有相當",公然侮辱,,https://judgment.judicial.gov.tw/FJUD/data.aspx?ty=JD&id=TPHM%2c90%2c%e4%b8%8a%e6%98%93%2c1556%2c20010531%2c1&ot=in
臺灣臺中地方法院 90 年度 自 字第 367 號刑事裁定,90.05.31,妨害名譽,,,,,,未明確提取,,自訴人應於本裁定送達後五日內補正犯罪之證據。,,https://judgment.judicial.gov.tw/FJUD/data.aspx?ty=JD&id=TCDM%2c90%2c%e8%87%aa%2c367%2c20010531%2c1&ot=in
臺灣臺中地方法院 89 年度 易 字第 1704 號刑事判決,90.05.31,妨害名譽,,,,,,未明確提取,,本件公訴不受理。,,https://judgment.judicial.gov.tw/FJUD/data.aspx?ty=JD&id=TCDM%2c89%2c%e6%98%93%2c1704%2c20010531%2c1&ot=in
臺灣士林地方法院 90 年度 易 字第 296 號刑事判決,90.05.31,妨害名譽,,,,,,不要臉 | 被抓姦在床,"緣乙○○與甲○○原係婚外情男女朋友關係，於民國八十九年一月五日下午三時許
  ，在臺北縣汐止市○○街○○○巷○○號乙○○之住處，遭乙○○之妻游麗玲報警
  當場查獲二人赤裸共眠（甲○○涉犯妨害家庭部分，另案於本院審理中，乙○○涉
  犯妨害家庭部分未據告訴）。甲○○被訴妨害家庭案件，經臺灣士林地方法院檢察
  署檢察官以八十九年度偵字第四六七五號、九七五一號偵查期間，乙○○因不滿甲
  ○○另案對其提出恐嚇取財（臺灣士林地方法院檢察署八十九年度偵字第二三三四
  號、第四五○一號，業經處分不起訴確定）、妨害名譽（同署八十九年度偵字第四
  五○三號、偵續字第九二號，業經處分不起訴確定）等告訴...",公然侮辱,,https://judgment.judicial.gov.tw/FJUD/data.aspx?ty=JD&id=SLDM%2c90%2c%e6%98%93%2c296%2c20010531%2c1&ot=in
臺灣臺北地方法院 89 年度 簡上 字第 284 號刑事判決,90.05.31,妨害名譽,,,,,,"甲○○專門對有婦之夫特別有興趣 | 甲○○喜歡與有婦之夫交往，三、四年前還因此被打兩個耳光 | 她（指甲○○）在一個月前還到榮總去檢查，我（
    指乙○○）太太逼的我去做任何愛滋病的篩檢，因為她二、三個月以前突然下體
    流血．．．我太太驚慌得不得了．．．因這段期間她同時與三個男人接觸 | 她（指甲○○）跟男人的接觸就是從性開始，跟這個男人還沒斷就跟那個男人在
    一起 | 甲○○在辦公室公開的對
    同事說她交了一位獸醫男朋友（指陳慧寶之夫）．．．她說妳不敢管妳先生，所
    以她現在有機可趁．．．報社同事都知道 | 甲○○引誘他（指乙○○）、破壞他家庭，甲○○到處交男朋友，不只他一個
    ，另外有一個獸醫黃先生（指黃慶榮，陳慧寶之夫），黃太太也知道 | 甲○○在外與有婦之夫有不正常關係，私生活很爛 | 她（指甲○○）有與姓黃的獸醫發生性關係，與海洋學院的教授有不正交往 | 知不知道妳女兒在外面亂交男友，還與一
    姓黃的獸醫搞男女關係，在外面亂來，搞得一身病","一、乙○○與甲○○係臺北市○○區○○路二段二六○號中央日報編輯部之同事關係
    ，二人原係男女朋友，因分手後發生糾紛，乙○○竟基於概括之犯意，意圖散布
    於眾，自民國八十八年九月二十一日起，以電話分別向甲○○友人崔小茹指摘傳
    述：「甲○○專門對有婦之夫特別有興趣」，於同年十月五日向陳慧寶指摘傳述
    ：「甲○○喜歡與有婦之夫交往，三、四年前還因此被打兩個耳光」，於十月二
    十日復向陳慧寶指摘傳述：「她（指甲○○）在一個月前還到榮總去檢查，我（
    指乙○○）太太逼的我去做任何愛滋病的篩檢，因為她二、三個月以前突然下體
    流血．．．我太太驚慌得不得了．．．因...",誹謗,,https://judgment.judicial.gov.tw/FJUD/data.aspx?ty=JD&id=TPDM%2c89%2c%e7%b0%a1%e4%b8%8a%2c284%2c20010531%2c1&ot=in
臺灣高等法院 臺中分院 90 年度 聲再 字第 123 號刑事裁定,90.05.30,妨害名譽聲請再審,,,,,,未明確提取,,再審之聲請駁回。,,https://judgment.judicial.gov.tw/FJUD/data.aspx?ty=JD&id=TCHM%2c90%2c%e8%81%b2%e5%86%8d%2c123%2c20010530%2c1&ot=in
臺灣臺南地方法院 89 年度 自 字第 283 號刑事判決,90.05.30,妨害名譽,,,,,,"幕後黑手 | 破壞ＢＯＴ之黑手 | ＢＯＴ | ＢＯＴ | ＢＯＴ | ＢＯＴ | 第三人 | ＢＯＴ | 黑手 | 破壞的黑手 | 破壞ＢＯＴ的
    黑手 | 保護傘 | 保護傘 | 破壞ＢＯＴ的黑手 | 縣參議員在會議時所為無關會議事項之不法言論，乃應負責 | 比如說漢茵公司，二十億中抽百分之五的設計監造費，
    還有一億的收入。所以我說，漢茵公司實在是大家要共同來譴責的。張市○○○
    ○道在民族路水仙宮市場連續壁漏水的事情，關於連續壁，第一是施治明市長任
    內時完成的，第二連續壁當時完成時就知道有問題了，所以施工單位要施工時，
    請問監造單位在那裡﹖當時漏水時，大家要追究責任，當然施工公司萬裕公司要
    負責，而漢茵公司也是要負連帶責任。接下來，我們要移轉ＢＯＴ，漢茵公司他
    也不願結算，我到現場了解，漢茵公司甚至禁止萬裕公司繼續施工，這可以說是
    非常可惡 | 今天整個海安路地下工程會變成這樣，漢茵公司要負最大責任。
    還要我們賠錢﹖台南市的工程只要是漢茵公司承包的，都是最失敗的工作，公十
    一停車場也是漢茵公司規劃的，四草大橋也是漢茵公司的，依據我的了解，現在
    漢茵公司還提供一些似是而非的資料來破壞ＢＯＴ，給我的感覺的，漢茵公司不
    願意看到市府推動ＢＯＴ海安路地下街的工程 | 所以市長，我今天要講，有
    一隻無形的手，幕後有一隻黑手在破壞ＢＯＴ。原本同樣的集團又再作怪。像漢
    茵公司的實際負責人郭炎塗這種人，是台南府城、台南市民的全民公敵，不但所
    做的工程亂七八糟，‧‧‧我想，這些事情應該讓市民瞭解，像漢茵、像郭炎塗
    這種人，要列為台南市政府的永久拒絕往來戶 | 非
    常可惡 | 幕後黑手 | 全民公敵 | 工程
    亂七八糟 | 永久拒絕往來戶 | 工程亂七八糟 | 非常可惡 | 幕後黑手破壞ＢＯＴ | 海安路地下街民族路段連續壁漏水修復工程簡要 | 公文彙整 | 可惡 | 幕後黑手 | 全民公敵 | 亂七八糟 | 幕後黑手 | 暗
    中從事不法之勾當 | 議事無關 | 不法言論","，被告竟在議會中公然指摘，且以
    「幕後黑手」之不名譽字眼惡毒誹謗，再經報紙等大眾傳播媒體廣泛散佈，已對
    本公司之名譽造成嚴重損害。被告利用議員身份，以不實之言詞對自訴人公司公
    然誹謗，嚴重損自訴人公司之名譽，已獨犯刑法第三百十條之罪，請依法論罪科
    刑，以昭炯戒。
  ㈢被告對於八十九年七月二十二日在台南市○○街舉辦說明會並不爭執。被告在國
    華街公眾指摘自訴人為「破壞ＢＯＴ之黑手」已有呈附之剪報為證。查海安路地
    下街「ＢＯＴ」案與自訴人無關，「ＢＯＴ」案是否順利，能否取得融資，並非
    自訴人與台南市政府間設計、監造之契約範圍，「ＢＯＴ」案與自...",無罪,,https://judgment.judicial.gov.tw/FJUD/data.aspx?ty=JD&id=TNDM%2c89%2c%e8%87%aa%2c283%2c20010530%2c1&ot=in
臺灣高等法院 90 年度 附民 字第 164 號刑事判決,90.05.29,妨害名譽,,,,,,"二、對於乙○○先生之所為『令人非常遺憾 | 他獨斷主
    導 | 我們實無法忍受『這樣的破壞人物 | 本已合法選出，只是被乙
    ○○個人私慾搞成無效，真是罔顧大局，毀損協會榮譽","一、原告聲明求為判決，被告應賠償原告新台幣（下同）二百萬元。其事實上陳述略
    稱：原告自民國（下同）八十三年至八十九年，分別擔任台北市大安區義村社區
    發展協會總幹事、副理事長、理事長，從事社區服務工作，自七十六年至今擔任
    台灣電力工會幹部服務工會會員，自八十二年至今擔任台北市機關學校員生消費
    合作社聯合理事，其間並兼任總經理，服務台北市之公教同仁，並曾於八十四年
    參與台北市南區立委選舉，且積極投身台灣文史推動工作，八十九年九月二十四
    日推動三鶯地區文史導覽，而被告甲○○竟於八十九年九月二十一日制作載有「
    二、對於乙○○先生之所為『令人非常遺...",原告之訴駁回。,,https://judgment.judicial.gov.tw/FJUD/data.aspx?ty=JD&id=TPHM%2c90%2c%e9%99%84%e6%b0%91%2c164%2c20010529%2c1&ot=in
臺灣高等法院 90 年度 上易 字第 1090 號刑事判決,90.05.29,妨害名譽,,,,,,"被
    告製作之函件：：影響自訴人之名譽 | 意圖散布於眾而指摘或傳述足以毀損他人名譽之事 | 散布於眾 | 親送 | 乙○○身為理事長如此作事的心態，已嚴重危害本會名譽
    ，真讓會員蒙羞，我們實無法忍受『這樣的破壞人物 | 本已合法選出，只
    是被乙○○個人私慾搞成無效，真是罔顧大局，毀損協會榮譽 | （問：〔提示自訴狀附件一〕有無收到上開文件？）有，是被告拿給我本人
    收的，是拿到家裡。（問：在大安區義村社區擔任何職？）我收到這封信時是擔
    任理事。（問：知否其他人收到該文件？）其他理、監事都有，大部分都是被告
    拿給他們。 | （問：如何取得自證一？）是第四屆其中一個理事交給我的，我所知道所
    有的理事都有收到。 | 意圖散布於眾","，應依證據認定之，無證據不得推定其犯罪事實。又不能證明被告
    犯罪者，應諭知無罪之判決，刑事訴訟法第一百五十四條、第三百零一條第一
    項分別定有明文。而認定不利於被告之事實，須依積極證據，苟積極證據不足
    為不利被告之認定時，即應為有利於被告之認定，更不必有何有利之證據，最
四、訊之被告甲○○堅決否認有何誹謗自訴人之主觀意圖，並辯稱：（一）被告雖自
    承函件為其所撰，並曾親自交付義村社區協會之理、監事，惟所陳述均屬事實，
    主觀上並無違法之故意存在，且事實上該函件亦未減損眾人對自訴人之評價，此
    部分亦由證人莊清淡於原審八十九年十二月十四日之陳述可知，是自訴...",加重誹謗,,https://judgment.judicial.gov.tw/FJUD/data.aspx?ty=JD&id=TPHM%2c90%2c%e4%b8%8a%e6%98%93%2c1090%2c20010529%2c1&ot=in
臺灣高等法院 90 年度 附民 字第 169 號刑事判決,90.05.25,妨害名譽,,,,,,幹你娘，跟你沒完了,"一、原告聲明求為判決，被告應賠償原告新台幣（下同）壹拾萬元，並自訴狀繕本送
    被告之翌日至清償日止，按年息百分之五計算之利息。其事實上陳述略稱，被告
    為源生公司課長，於八十九年十月二十四日上午八時許交班時，當眾辱駡原告三
    字經「幹你娘，跟你沒完了」，業經檢察官起訴在鈞院審理中，原告因遭被告當
    場辱駡，心理受到很大傷害，因依民法第一百八十四條第一項、第一百九十五條
    規定請求損害賠償，爰求為判決如訴之聲明；並援用刑事訴訟之證據。
二、被告未提出書狀，亦未作何陳述，惟依其在刑事訴訟之陳述，不承認有何侵權行
    為。",原告之訴駁回。,,https://judgment.judicial.gov.tw/FJUD/data.aspx?ty=JD&id=TPHM%2c90%2c%e9%99%84%e6%b0%91%2c169%2c20010525%2c1&ot=in
臺灣高等法院 90 年度 上易 字第 1487 號刑事判決,90.05.25,妨害名譽,,,,,,未明確提取,,公然侮辱,,https://judgment.judicial.gov.tw/FJUD/data.aspx?ty=JD&id=TPHM%2c90%2c%e4%b8%8a%e6%98%93%2c1487%2c20010525%2c1&ot=in
臺灣高等法院 高雄分院 90 年度 上易 字第 129 號刑事判決,90.05.25,妨害名譽,,,,,,未明確提取,"應依證據認定之，無證據不得推定其犯罪事實；且不能證明被告犯罪
    者，應諭知無罪之判決，刑事訴訟法第一百五十四條、第三百零一條第一項分別
    定有明文。又按認定不利於被告之事實，須依積極證據，茍積極證據不足為不利
    於被告事實之認定時，即應為有利於被告之認定，更不必有何有利之證據；故證
    據是否真實尚欠明顯，自難以擬制推測之方法，為其裁判之基礎，最高法院三十
    年度上字第八一六號、五十三年度台上字第六五六號著有判例。再按言論自由為
    人民之基本權利，憲法第十一條有明文保障，國家應給予最大限度之維護，俾其
    實現自我、溝通意見、追求真理及監督各種政治或社會活...",誹謗,,https://judgment.judicial.gov.tw/FJUD/data.aspx?ty=JD&id=KSHM%2c90%2c%e4%b8%8a%e6%98%93%2c129%2c20010525%2c1&ot=in
臺灣苗栗地方法院 88 年度 易 字第 619 號刑事其他文書,90.05.25,妨害名譽,,,,,,未明確提取,,,,https://judgment.judicial.gov.tw/FJUD/data.aspx?ty=JD&id=MLDM%2c88%2c%e6%98%93%2c619%2c20010525%2c2&ot=in
臺灣新竹地方法院 90 年度 易 字第 251 號刑事判決,90.05.25,妨害名譽,,,,,,未明確提取,,無罪,,https://judgment.judicial.gov.tw/FJUD/data.aspx?ty=JD&id=SCDM%2c90%2c%e6%98%93%2c251%2c20010525%2c1&ot=in
臺灣高等法院 高雄分院 90 年度 上易 字第 776 號刑事判決,90.05.23,妨害名譽,,,,,,未明確提取,,無罪,,https://judgment.judicial.gov.tw/FJUD/data.aspx?ty=JD&id=KSHM%2c90%2c%e4%b8%8a%e6%98%93%2c776%2c20010523%2c1&ot=in
臺灣高等法院 臺南分院 90 年度 附民 字第 121 號刑事判決,90.05.22,妨害名譽,,,,,,未明確提取,"一、原告聲明求為判決：被告應賠償原告新臺幣（下同）四十萬元及自訴狀送達翌日
    起至清償日按年息百分之五計算之利息，願供擔保，聲請宣告假執行。其事實陳
    述略稱：被告等妨害名譽經臺灣嘉義地方法院以九十年度易字第四二號判決罪刑
    在案。原告所受名譽譭謗非輕，為此依侵權行為規定，請求四十萬元慰撫金，爰
    求為判決如訴之聲明云云。
二、被告未提出書狀，亦未作何陳述，可資記載。",原告之訴及假執行之聲請均駁回。,,https://judgment.judicial.gov.tw/FJUD/data.aspx?ty=JD&id=TNHM%2c90%2c%e9%99%84%e6%b0%91%2c121%2c20010522%2c1&ot=in
臺灣高等法院 臺南分院 90 年度 上易 字第 478 號刑事判決,90.05.22,妨害名譽,,,,,,下午 | 下午,"應依證據認定之，無證據不得推定其犯罪事實；又不能證明被告犯罪
    者，應諭知無罪之判決；刑事訴訟法第一百五十四條、第三百零一條第一項分別
    定有明文。又認定不利於被告之事實，須依積極證據，苟積極證據不足為不利於
    被告事實之認定時，即應為有利於被告之認定，更不必有何有利之證據。再事實
    之認定，應憑證據，如未能發現相當證據，或證據不足以證明，自不能以推測或
    擬制之方法，為裁判基礎。又告訴人之告訴，本以使被告受刑事訴追為目的，故
    其陳述是否與事實相符，自應調查其他證據，以資審認，苟其所為攻擊之詞，尚
    有瑕疵，則在此瑕疵未予究明以前，即不能遽採為斷罪之...",無罪,,https://judgment.judicial.gov.tw/FJUD/data.aspx?ty=JD&id=TNHM%2c90%2c%e4%b8%8a%e6%98%93%2c478%2c20010522%2c2&ot=in
臺灣新北地方法院 89 年度 易 字第 4610 號刑事判決,90.05.22,妨害名譽,,,,,,未明確提取,"一、乙○○基於損毀丙○○名譽之概括犯意，先於民國八十八年一月間，在臺北縣樹
    林後火車站前羊肉爐店內，對甲○○、丁○○及其夫吳嘉鴻等人稱丙○○專門勾
    引朋友之夫，外面共有三位情夫等語；又於同年年二月間某日，在臺北縣○○鄉
    ○○村○○鄰○○街○○號，對丁○○夫婦及甲○○等人稱：丙○○之夫性無能
    ，故購買整瓶威而鋼在使用，以至於丙○○每次至伊住處均一直往伊身上靠，在
    外有三、四個男人等語，均指摘足以毀損丙○○名譽之事。
二、案經丙○○訴請臺灣板橋地方法院檢察署檢察官偵查起訴。",誹謗,,https://judgment.judicial.gov.tw/FJUD/data.aspx?ty=JD&id=PCDM%2c89%2c%e6%98%93%2c4610%2c20010522%2c1&ot=in
臺灣新北地方法院 89 年度 易 字第 4610 號刑事判決,90.05.22,妨害名譽,,,,,,未明確提取,"一、乙○○基於損毀丙○○名譽之概括犯意，先於民國八十八年一月間，在臺北縣樹
    林後火車站前羊肉爐店內，對甲○○、丁○○及其夫吳嘉鴻等人稱丙○○專門勾
    引朋友之夫，外面共有三位情夫等語；又於同年年二月間某日，在臺北縣○○鄉
    ○○村○○鄰○○街○○號，對丁○○夫婦及甲○○等人稱：丙○○之夫性無能
    ，故購買整瓶威而鋼在使用，以至於丙○○每次至伊住處均一直往伊身上靠，在
    外有三、四個男人等語，均指摘足以毀損丙○○名譽之事。
二、案經丙○○訴請臺灣板橋地方法院檢察署檢察官偵查起訴。",誹謗,,https://judgment.judicial.gov.tw/FJUD/data.aspx?ty=JD&id=PCDM%2c89%2c%e6%98%93%2c4610%2c20010522%2c2&ot=in
臺灣臺南地方法院 89 年度 易 字第 2964 號刑事判決,90.05.22,妨害名譽,,,,,,未明確提取,"，業據告訴人別府公司指訴綦詳，並
    有被告與歐姓購屋者之對話錄音譯文一份為其主要論據；訊據被告乙○○固不否
    認有於右揭時地對歐姓購屋者表示告訴人送錢給縣政府才核發使用執照等語之事
    實，惟堅決否認有何誹謗之犯行，辯稱：伊向歐姓購屋者所說的話，只是轉述自
    告訴人別府公司負責人張福來之說法，且伊僅係向歐姓購屋者在伊之住處客廳內
    說明此事，沒有其他人員在場，故伊主觀上並無散布於眾之意圖，也無誹謗之故
    意等語。
三、按犯罪事實應依證據認定之，無證據不得推定其犯罪事實。又不能證明被告犯罪
    者，應諭知無罪之判決，刑事訴訟法第一百五十四條、第三百零一條第一...",無罪,,https://judgment.judicial.gov.tw/FJUD/data.aspx?ty=JD&id=TNDM%2c89%2c%e6%98%93%2c2964%2c20010522%2c1&ot=in
臺灣高等法院 90 年度 上易 字第 382 號刑事判決,90.05.21,妨害名譽,,,,,,未明確提取,,誹謗,,https://judgment.judicial.gov.tw/FJUD/data.aspx?ty=JD&id=TPHM%2c90%2c%e4%b8%8a%e6%98%93%2c382%2c20010521%2c1&ot=in
臺灣臺中地方法院 90 年度 易 字第 1285 號刑事判決,90.05.18,妨害名譽,,,,,,"公車 | 下賤 | 賤女人 | 連
    上過公車的人都跟我說你是賤女人 | 看妳那種身體，一輩子也別想當人家母
    親了，還好不會害到下一代，妳就繼續當妳的公車吧 | kipbing","一、乙○○為逢甲大學四年級在學學生。其因懷疑甲○○向其女友散布不實傳言，因
    而對甲○○心生不滿，竟於民國八十九年八月二十六日二時三十八分許，利用電
    腦及其專屬之電子郵件帳號，在特定多數人均可瀏覽觀看之逢甲蒼穹資訊網網站
    上，以「公車」（指與多數人發生性關係之意）、「下賤」、「賤女人」、「連
    上過公車的人都跟我說你是賤女人」、「看妳那種身體，一輩子也別想當人家母
    親了，還好不會害到下一代，妳就繼續當妳的公車吧」等侮辱性文字，公然辱罵
    網路代號為「kipbing」之甲○○，致使甲○○之名譽受有損害。
二、案經甲○○訴由臺中市警察局第四分局報請臺灣臺中...",公然侮辱,,https://judgment.judicial.gov.tw/FJUD/data.aspx?ty=JD&id=TCDM%2c90%2c%e6%98%93%2c1285%2c20010518%2c1&ot=in
臺灣高雄地方法院 89 年度 附民 字第 318 號刑事判決,90.05.18,妨害名譽,,,,,,未明確提取,"甲、原告方面：
  一、聲明：（一）被告應給付原告新台幣五十萬元，及自民國八十九年五月九日起
                  至清償日止，按年利率百分之五計算之利息。
            （二）被告應於台灣時報南部版刊登道歉啟事。
            （三）原共願供擔保請准宣告假執行。
  二、陳述：
  （一）緣原告與被告雙方因車禍糾紛，涉訟於台灣高等法院高雄分院（八十九年度
        交上易字第九十二號），被告竟於八十九年五月八日，在台灣高等法院高雄
        分院刑事第八法庭開庭時，怒罵原告是飆車族，查飆車族在一般人之認知上
        ，是騎車不守規則，且超...",原告之訴及其假執行之聲請，均駁回。,,https://judgment.judicial.gov.tw/FJUD/data.aspx?ty=JD&id=KSDM%2c89%2c%e9%99%84%e6%b0%91%2c318%2c20010518%2c1&ot=in
臺灣高雄地方法院 89 年度 自 字第 255 號刑事判決,90.05.18,妨害名譽,,,,,,未明確提取,,無罪,,https://judgment.judicial.gov.tw/FJUD/data.aspx?ty=JD&id=KSDM%2c89%2c%e8%87%aa%2c255%2c20010518%2c1&ot=in
臺灣高等法院 90 年度 上易 字第 1242 號刑事判決,90.05.17,妨害名譽,,,,,,未明確提取,及,公然侮辱,,https://judgment.judicial.gov.tw/FJUD/data.aspx?ty=JD&id=TPHM%2c90%2c%e4%b8%8a%e6%98%93%2c1242%2c20010517%2c1&ot=in
臺灣基隆地方法院 90 年度 自 字第 14 號刑事裁定,90.05.16,妨害名譽,,,,,,"甲○○到基隆市仁
    愛戶政事務所要該所私下與甲○○和解否則要告到底。 | 告到底 | 告到底","，若行為人所指摘或
    傳述之具體事實，依一般社會通念並不足以貶損受指摘或傳述人之社會名望或地
    位，即核與刑法誹謗罪之構成要件有間。
三、本案被告乙○○固自承於本院八十九年度易字第七六一號被告甲○○涉嫌妨害公
    務案件，於九十年三月八日本院第三法庭公開審理中證稱：「甲○○到基隆市仁
    愛戶政事務所要該所私下與甲○○和解否則要告到底。」等語（詳見本院九十年
    三月八日訊問筆錄），然經本院向基隆市仁愛區戶政事務所函查結果，自訴人甲
    ○○確曾因不服該所於八十九年十一月二十一日所為之行政處分，依法提出訴願
    及請求國家賠償，有該所九十年三月二十六日基仁戶字第...",誹謗,,https://judgment.judicial.gov.tw/FJUD/data.aspx?ty=JD&id=KLDM%2c90%2c%e8%87%aa%2c14%2c20010516%2c1&ot=in
臺灣臺北地方法院 89 年度 自 字第 147 號刑事判決,90.05.16,妨害名譽,,,,,,"脅迫投資，強行募集 | 脅迫 | 利用職權 | 施壓入股 | 脅迫 | 利用職權 | 施壓入
    股 | 脅迫 | 利用職權 | 施壓入股","真相及向
    自訴人求證之前，竟於八十九年一月十三日以文字之方法為不實之傳述，而被告
    余建新、周盛淵、陳國祥、陳永誠分別為中國時報、工商時報之發行人、總編輯
    ，本應查證記者撰述內容之真實性，且應廣向各方當事人求證，卻基於共謀之不
    確定故意，意圖散布於眾，而於八十九年一月十三日中國時報、工商時報上刊登
    上開足以破壞自訴人名譽之報導。
  ㈣再按新聞從業人員應以嚴謹負責之態度，客觀、公正、平衡地報導事件，而非僅
    為增加或提高其報紙之銷售量或知名度，即罔顧當事人之權益，此乃一成熟、負
    責之新聞從事人員所應具有之態度。然被告六人對上開事實是否確為真實...",無罪,,https://judgment.judicial.gov.tw/FJUD/data.aspx?ty=JD&id=TPDM%2c89%2c%e8%87%aa%2c147%2c20010516%2c1&ot=in
臺灣高等法院 花蓮分院 90 年度 上易 字第 107 號刑事判決,90.05.15,妨害名譽,,,,,,"曾大醫師冒領貸款，還錢來 | 返錢不還票，侵占
  別人財產，丙○○、戊○○、曾國楨共謀 | 輸了股票，侵占
  別人財產 | 番王 | 曾外科診所 | 草繩 | 阿盛","甲○○因與丙○○、戊○○有財務上之糾紛，竟基於意圖散布於眾之概況犯意，先
  後製作書有「曾大醫師冒領貸款，還錢來」（下稱編號一）、「返錢不還票，侵占
  別人財產，丙○○、戊○○、曾國楨共謀」（下稱編號二）、及「輸了股票，侵占
  別人財產」（下稱編號三）等文字之標語，於：
  ㈠民國八十九年九月中旬某日，與不知情之綽號「番王」之不詳姓名男子，以共同
    持編號一標語之散布文字方法，在臺東縣臺東市○○路○○號曾國楨所經營之「
    曾外科診所」前，指摘足以毀損曾國楨名譽之事。
  ㈡八十九年十月二十三日或二十五日，與不知情之綽號「草繩」之不詳姓名男子，
    以共同持編號二標語之散...",加重誹謗,,https://judgment.judicial.gov.tw/FJUD/data.aspx?ty=JD&id=HLHM%2c90%2c%e4%b8%8a%e6%98%93%2c107%2c20010515%2c1&ot=in
臺灣高等法院 臺南分院 90 年度 上易 字第 553 號刑事判決,90.05.15,妨害名譽等,,,,,,"（有無接過乙○○電話？）有的，八十九年二、三月間，常打來，說其
    丈夫陸永哲與甲○○去旅社開房間。 | （你如何認識被告？）她是陸永哲的太太，我因為認識陸
    永哲的關係所以認識她，我們曾經通過電話，我們是好朋友。（被告是否曾跟你
    說他先生外遇的事？）她確實有打電話給我說她懷疑他先生與甲○○有外遇，她
    想找機會去跟甲○○的先生說明這件事。（被告跟你說時有無請你將這些事轉告
    別人？）她其實是跟我訴苦並沒有要我將這些事轉告別人的意思。
    ．．（被告有無告訴你說她要對告訴人甲○○不利？）他從未跟我說過這種話。 | （乙○○有無打電話給妳？）有的，八十九年四月十日左右說甲
    ○○與陸永哲通姦，被她碰到要殺甲○○。 | （被告有無說其丈夫與告訴人通姦？
    ）沒有，只說二人常出去，用車子載來載去。 | （被告有無說陸永哲與甲○○確實有
    通姦？）她沒有這樣說，她只是說他們二人關係曖昧。 | 通姦 | （乙○○有無打電話給妳？）有的，八
    十九年四月十日左右說甲○○與陸永哲通姦，被她碰到要殺甲○○。．．被告說
    很氣，要殺死告訴人。 | （「被告何時打過電話給妳？）她在八十九年三、四月打過電話
    給我，打了二、三次，說陸永哲跟甲○○關係曖昧，常常出去，她很生氣，想要
    殺死告訴人。．．她說了很多，語氣激動，沒有哭哭啼啼。（她有無叫妳告訴甲
    ○○？）她並沒有叫我轉告甲○○，是我自己去跟甲○○講的。我跟甲○○講，
    她聽了之後很生氣。 | 是！ | 是！","應依證據認定之，無證據不得推定其犯罪事實；又不能證明被告犯罪
    者，應諭知無罪之判決；刑事訴訟法第一百五十四條、第三百零一條第一項分別
    定有明文。又認定不利於被告之事實，須依積極證據，苟積極證據不足為不利於
    被告事實之認定時，即應為有利於被告之認定，更不必有何有利之證據（最高法
    院三十年上字第八一六號判例參照）。再事實之認定，應憑證據，如未能發現相
    當證據，或證據不足以證明，自不能以推測或擬制之方法，為裁判基礎（最高法
    院四十年台上字第八六號判例參照）。又告訴人之告訴，係以使被告受刑事訴追
    為目的，是其陳述是否與事實相符，仍應調查其他證據以...",恐嚇危害安全,,https://judgment.judicial.gov.tw/FJUD/data.aspx?ty=JD&id=TNHM%2c90%2c%e4%b8%8a%e6%98%93%2c553%2c20010515%2c1&ot=in
臺灣高等法院 90 年度 附民 字第 143 號刑事裁定,90.05.11,妨害名譽,,,,,,未明確提取,,,,https://judgment.judicial.gov.tw/FJUD/data.aspx?ty=JD&id=TPHM%2c90%2c%e9%99%84%e6%b0%91%2c143%2c20010511%2c1&ot=in
臺灣高等法院 90 年度 上易 字第 897 號刑事判決,90.05.11,妨害名譽,,,,,,"中國大眾
    康寧互助會（下稱康寧互助會） | 操你媽屄 | 幹你娘咧 | 絕子絕孫","一、乙○○係設於台北市○○區○○路三段七五巷一三七號五樓社團法人「中國大眾
    康寧互助會（下稱康寧互助會）」之秘書長，甲○○則為康寧互助會員工，二人
    平素相處不睦，乙○○於民國八十八年十一月二十九日，因傷害甲○○案，經台
    灣台北地方法院判處拘役五十日確定。乙○○於八十九年三月二十四日十四時許
    ，在康寧互助會召開之行政會議會場之公眾得出入場所內，因懷疑甲○○曾寄發
    黑函中傷其先父名譽，復不滿甲○○之發言內容，竟一時氣憤，公然謾罵侮辱甲
    ○○「操你媽屄」、「幹你娘咧」、「絕子絕孫」等語。
二、案經甲○○訴請臺灣臺北地方法院檢察署檢察官偵查起訴。",公然侮辱,,https://judgment.judicial.gov.tw/FJUD/data.aspx?ty=JD&id=TPHM%2c90%2c%e4%b8%8a%e6%98%93%2c897%2c20010511%2c1&ot=in
最高法院 90 年度 台抗 字第 194 號刑事裁定,90.05.10,妨害名譽聲請法官迴避,,,,,,未明確提取,,抗告駁回。,,https://judgment.judicial.gov.tw/FJUD/data.aspx?ty=JD&id=TPSM%2c90%2c%e5%8f%b0%e6%8a%97%2c194%2c20010510&ot=in
臺灣新北地方法院 90 年度 易 字第 752 號刑事判決,90.05.10,妨害名譽,,,,,,"重要文件 | 您所不知道的湯╳╳先生 | 一個長期計劃性勒索建商的社區住戶 | 多次發存證信函至建設公司預謀勒索 | 他行『○○水處 | 又於社區領取使用執照過程中為迫使建
    商就範，串聯少數預售住戶到處寄發陳情信函，阻撓主管機關核發使用執照 | 他以受恐嚇為由，操控熱心住戶為他散發黑函，復於以『籌備處 | 區分所有權人會議","一、甲○○係臺北縣中和市鳳凰城社區之社區委員，因同社區住戶乙○○購屋時以施
    工不符等情，要求建設公司減價，經建設公司與之協議後減少買賣總價新台幣（
    下同）二十萬元並無償提供車位，致甲○○不滿，於民國八十九年八月五日，意
    圖散佈於眾，將不詳人士製作而置於其住處信箱內，標題為「重要文件」由願意
    聽聽湯╳╳說法的住戶署名之傳單，內容載有「您所不知道的湯╳╳先生」、「
    一個長期計劃性勒索建商的社區住戶」、「多次發存證信函至建設公司預謀勒索
    」、「他行『○○水處』工作之便，參與社區自來水接水檢水檢驗工作，全程驗
    收自來水外線工程，從中謀得利益」、「...",加重誹謗,,https://judgment.judicial.gov.tw/FJUD/data.aspx?ty=JD&id=PCDM%2c90%2c%e6%98%93%2c752%2c20010510%2c1&ot=in
臺灣臺南地方法院 90 年度 易 字第 645 號刑事判決,90.05.09,妨害名譽,,,,,,未明確提取,,無罪,,https://judgment.judicial.gov.tw/FJUD/data.aspx?ty=JD&id=TNDM%2c90%2c%e6%98%93%2c645%2c20010509%2c1&ot=in
臺灣高等法院 90 年度 附民 字第 113 號刑事判決,90.05.08,妨害名譽,,,,,,"本人詹明輝任職於
    中山科學院材發中心，曾於民國八十九年四月八日及同年四月十一日誹謗原舊識
    王台慶先生之名譽，誣陷王先生侵占本人器材，因本人一時疏忽，又不諳法律，
    才有此舉，茲將登報證明王台慶先生之清白，並向王君道歉，同時保證爾後絕不
    再對王君有此不智之舉。","一、原告聲明求為判決：一、被告應賠償原告新台幣五十萬元，及自訴狀繕本送達翌
    日起，按法定利率百分之五計算之利息。二、並願供擔保，聲請宣告假執行。
    三、被告應在桃園縣中國時報第一版登載如下之道歉啟示：「本人詹明輝任職於
    中山科學院材發中心，曾於民國八十九年四月八日及同年四月十一日誹謗原舊識
    王台慶先生之名譽，誣陷王先生侵占本人器材，因本人一時疏忽，又不諳法律，
    才有此舉，茲將登報證明王台慶先生之清白，並向王君道歉，同時保證爾後絕不
    再對王君有此不智之舉。」全文登載後，由被告剪下，並放大三倍影印三百份交
    原告。
二、被告未提出書狀，亦未作何陳...",原告之訴及假執行之聲請均駁回。,,https://judgment.judicial.gov.tw/FJUD/data.aspx?ty=JD&id=TPHM%2c90%2c%e9%99%84%e6%b0%91%2c113%2c20010508%2c1&ot=in
臺灣高等法院 90 年度 上易 字第 249 號刑事判決,90.05.08,妨害名譽,,,,,,未明確提取,,誹謗,,https://judgment.judicial.gov.tw/FJUD/data.aspx?ty=JD&id=TPHM%2c90%2c%e4%b8%8a%e6%98%93%2c249%2c20010508%2c1&ot=in
臺灣高等法院 90 年度 附民 字第 166 號刑事裁定,90.05.07,妨害名譽,,,,,,未明確提取,,,,https://judgment.judicial.gov.tw/FJUD/data.aspx?ty=JD&id=TPHM%2c90%2c%e9%99%84%e6%b0%91%2c166%2c20010507%2c1&ot=in
臺灣雲林地方法院 89 年度 易 字第 562 號刑事裁定,90.05.07,妨害名譽,,,,,,未明確提取,,,,https://judgment.judicial.gov.tw/FJUD/data.aspx?ty=JD&id=ULDM%2c89%2c%e6%98%93%2c562%2c20010507%2c1&ot=in
臺灣嘉義地方法院 90 年度 簡 字第 395 號刑事判決,90.05.07,妨害名譽,,,,,,未明確提取,及,公然侮辱,,https://judgment.judicial.gov.tw/FJUD/data.aspx?ty=JD&id=CYDM%2c90%2c%e7%b0%a1%2c395%2c20010507%2c1&ot=in
臺灣新北地方法院 90 年度 易 字第 1372 號刑事判決,90.05.02,妨害名譽,,,,,,未明確提取,,公然侮辱,,https://judgment.judicial.gov.tw/FJUD/data.aspx?ty=JD&id=PCDM%2c90%2c%e6%98%93%2c1372%2c20010502%2c1&ot=in
臺灣臺中地方法院 89 年度 易 字第 4246 號刑事判決,90.05.02,妨害名譽,,,,,,"輪廣電腦股份有限公司 | 新失樂園 | 一網情深交友園地 | 找尋照顧我，可以給
    我性福的男人欲仙欲死，機會不再00-0000000、0000000000、00-0000000在你能
    接受事實之前，可否敞開心胸迎接一場魚水交融？請用電話或至高雄市○○區○
    ○○路○○○號，請不要用E-MAIL連絡，電話較方便無誠勿試乙○○","一、甲○○因不滿乙○○拒絕與之交往，竟意圖散布於眾，基於毀損他人名譽之概括
    犯意，先後於民國八十八年八月十八日十三時四十一分許、同年九月一日二十二
    時五十四分許、同年九月四日某時，在台北市○○區○○路○○○巷○○號五樓
    其所任職之「輪廣電腦股份有限公司」內，利用其任職公司所提供之專屬電腦及
    電子郵件帳號，在一般不特定公眾均可觀看之「新失樂園」公開網站（http://
    www.infoseek.com.tw）之「一網情深交友園地」網頁（http: //free.prohos
    ting. com/minchien/），刊載乙○○之個人基本資料及「找尋...",加重誹謗,,https://judgment.judicial.gov.tw/FJUD/data.aspx?ty=JD&id=TCDM%2c89%2c%e6%98%93%2c4246%2c20010502%2c1&ot=in
臺灣高等法院 89 年度 抗 字第 533 號刑事裁定,90.04.30,妨害名譽,,,,,,未明確提取,"。本案復查無
    其他證據足認定被告有自訴人所指之誹謗行為，應認被告罪嫌尚有不足，原審依
    刑事訴訟法第三百二十六條第三項、第二百五十二條第十款裁定駁回抗告人之自
    訴，並無不合，本件抗告核無",誹謗,,https://judgment.judicial.gov.tw/FJUD/data.aspx?ty=JD&id=TPHM%2c89%2c%e6%8a%97%2c533%2c20010430%2c1&ot=in
臺灣高等法院 臺中分院 90 年度 聲再 字第 61 號刑事裁定,90.04.30,妨害名譽聲請再審,,,,,,未明確提取,"錯誤而設之救濟程序。而非常上訴旨在糾正法律上
    之錯誤，藉以統一法令之適用，不涉及事實問題，故非常上訴審應依原判決所確
    定之事實為基礎，僅就原判決所認定之犯罪事實，審核適用法令有無違誤 (最高
    法院六十九年度台抗字第十二號、七十二年度台非字第一二五號判決參照)。司
    法院大法官釋字第五０九號解釋雖認：「刑法第三百十條第一項及第二項誹謗罪
    即係保護個人法益而設，為防止妨礙他人之自由權利所必要，符合憲法第二十三
    條規定之意旨。至刑法同條第三項前段以對誹謗之事，能證明其為真實者不罰，
    係針對言論內容與事實相符者之保障，並藉以限定刑罰權之範圍，非謂指...",加重誹謗,,https://judgment.judicial.gov.tw/FJUD/data.aspx?ty=JD&id=TCHM%2c90%2c%e8%81%b2%e5%86%8d%2c61%2c20010430%2c1&ot=in
臺灣高雄地方法院 90 年度 易 字第 1270 號刑事判決,90.04.30,妨害名譽,,,,,,幹你娘 | 不要臉,"一、甲○○與乙○○係鄰居，二人夙有怨隙，於民國八十九年十月十八日十三時許，
    在高雄市○○區○○街○○○巷五十四之四號前之公共場所，於公眾得共見共聞
    之情況下，甲○○因認乙○○將水倒入屋旁之水溝中，有潑及其身上衣物一事而
    心生不滿，遂與之發生爭執，於爭執中復基於公然侮辱之犯意，以台語「幹你娘
    」及國語「不要臉」等穢語，公然辱罵乙○○，致乙○○深感尊嚴受辱。
二、案經乙○○訴由高雄市政府警察局新興分局移請臺灣高雄地方法院檢察署檢察官
    偵查起訴。",公然侮辱,,https://judgment.judicial.gov.tw/FJUD/data.aspx?ty=JD&id=KSDM%2c90%2c%e6%98%93%2c1270%2c20010430%2c1&ot=in
臺灣高雄地方法院 90 年度 易 字第 1175 號刑事判決,90.04.30,妨害名譽,,,,,,幹你娘 | 討客兄 | 不要臉,"一、甲○○因感情問題與乙○○○相處不睦，詎料，甲○○竟基於公然侮辱人之犯意
    ，於民國八十九年十二月一日十二時三十分許，至乙○○○位於高雄縣鳳山市○
    ○路○○○號前大馬路上之不特定人得以共聞共見之處所，以台語「幹你娘」、
    「討客兄」、「不要臉」等足以貶損乙○○○社會評價之粗鄙言語，公然辱罵乙
    ○○○，致乙○○○之名譽因此受損。
二、案經乙○○○訴由高雄縣警察局鳳山分局移請臺灣高雄地方法院檢察署檢察官偵
    辦起訴。",公然侮辱,,https://judgment.judicial.gov.tw/FJUD/data.aspx?ty=JD&id=KSDM%2c90%2c%e6%98%93%2c1175%2c20010430%2c1&ot=in
臺灣高等法院 89 年度 上易 字第 4790 號刑事判決,90.04.27,妨害名譽,,,,,,未明確提取,"，是本院亦認該二
      人証並無再予傳喚之必要，附此敘明。
四、被告經合法傳喚，無正當",恐嚇危害安全,,https://judgment.judicial.gov.tw/FJUD/data.aspx?ty=JD&id=TPHM%2c89%2c%e4%b8%8a%e6%98%93%2c4790%2c20010427%2c1&ot=in
臺灣臺中地方法院 89 年度 易 字第 3801 號刑事判決,90.04.27,妨害名譽,,,,,,幹你娘、幹你娘ＸＸ,"一、丙○○、甲○○均係台中縣太平市代表會市民代表。丙○○於民國（下同）八十
    八年十二月二十三日上午十一時三十分許，在台中縣太平市○○路○○○號太平
    市代表會議事廳定期決算審查會中，見市民代表何秀鳳、劉伯堂（二人均已由檢
    察官另行起訴）因發言程序問題，與擔任臨時主席即代表會副主席甲○○引發爭
    執並有破壞桌上之麥克風及傷害等情，因而前往主席台加入爭執，經其他市民代
    表出面制止後，丙○○在議事廳內為特定多數人得以共聞共見之狀態下，當場公
    然以「幹你娘、幹你娘ＸＸ」（臺語）等穢語，侮辱甲○○。
二、案經甲○○訴由台灣台中地方法院檢察署檢察官偵查起訴，及移...",公然侮辱,,https://judgment.judicial.gov.tw/FJUD/data.aspx?ty=JD&id=TCDM%2c89%2c%e6%98%93%2c3801%2c20010427%2c2&ot=in
臺灣高等法院 高雄分院 90 年度 上易 字第 554 號刑事判決,90.04.26,妨害名譽,,,,,,"幹
    你娘 | 討客兄 | 不要臉 | 欠人幹","一、甲○○為乙○○之夫，甲○○前於民國八十八年四月間因細故毆傷其妻乙○○（
    業經判處拘役確定），乙○○因而攜女租屋於高雄縣鳳山市○○街二二二之四號
    五樓生活，詎甲○○因懷疑乙○○與友人李瑞政有曖昧姦情，除分別於八十八年
    九月、八十九年二月及八十九年四月間以抓姦名義三度向警方報案，並會同警員
    至乙○○上址租屋處臨檢外（甲○○告訴乙○○、李瑞政涉嫌妨害家庭罪部部分
    ，業獲不起訴處分確定），期間竟基於公然侮辱人之概括犯意，先後於八十八年
    九月二十四日十八時許（中秋節）及八十九年二月六日上午十時許（農曆過年初
    二），獨自至乙○○前揭租屋處樓下騎樓...",公然侮辱,,https://judgment.judicial.gov.tw/FJUD/data.aspx?ty=JD&id=KSHM%2c90%2c%e4%b8%8a%e6%98%93%2c554%2c20010426%2c1&ot=in
臺灣嘉義地方法院 90 年度 易 字第 209 號刑事判決,90.04.26,妨害名譽,,,,,,"男（是男人嗎？）子漢大丈夫敢作不敢當，為了為自己推罪，竟然不顧
    自己老婆的貞潔，要他老婆做偽證，拿他的老婆的貞潔開玩笑，此人是人嗎？？
    ？˙˙˙（真的不知羞恥）。（附上法院判決書）","一、甲○○因與丙○○、乙○○夫妻於傷害案件訴訟中起爭執，竟意圖以文字散布於
    眾，於民國八十九年十月五日晚上，在嘉義縣○○鄉○○村○○路附近，散發內
    容載有「男（是男人嗎？）子漢大丈夫敢作不敢當，為了為自己推罪，竟然不顧
    自己老婆的貞潔，要他老婆做偽證，拿他的老婆的貞潔開玩笑，此人是人嗎？？
    ？˙˙˙（真的不知羞恥）。（附上法院判決書）」之文字所書寫之傳單，另夾
    帶臺灣嘉義地方法院八十九年度簡字第八十號判決書影本一份，寄發數份予同村
    之吳重儀、吳羅淡、黃溪岸等人，散布上開足以毀損丙○○、乙○○夫妻名譽之
    文字，指摘足以毀損丙○○、乙○○夫妻...",加重誹謗,,https://judgment.judicial.gov.tw/FJUD/data.aspx?ty=JD&id=CYDM%2c90%2c%e6%98%93%2c209%2c20010426%2c1&ot=in
臺灣高等法院 高雄分院 90 年度 上易 字第 581 號刑事判決,90.04.25,妨害名譽,,,,,,你是垃圾人，不要和我說話 | 如你再罵我，我將告你 | 垃圾人,"一、甲○○○與高雄區中小企業銀行股份有限公司間有民事清償債務強制執行事件（
    原審八十九年度執字第一八一０三號），乙○○則為該執行案件之第三人。甲○
    ○○、乙○○因經原審民事執行處通知於民國八十九年十月二十七日九時三十分
    履勘高雄市○○區○○街○號五樓而到場，二人為債務事發生爭吵，甲○○○竟
    心生不悅，而基於公然侮辱之故意，於同日十時許，在前林泉街九號六樓陽台，
    於高雄區中小企業銀行股份有限公司代理人蕭家能、第二順位抵押權人徐彩純、
    原審書記官、高雄市警察局苓雅分局凱旋派出所二名員警等多人共見共聞之情況
    下，以足以貶低人格尊嚴之言語向乙○○...",公然侮辱,,https://judgment.judicial.gov.tw/FJUD/data.aspx?ty=JD&id=KSHM%2c90%2c%e4%b8%8a%e6%98%93%2c581%2c20010425%2c1&ot=in
臺灣高等法院 90 年度 上易 字第 865 號刑事判決,90.04.25,妨害名譽,,,,,,"罪證有疑，利於被告 | 許流浪狗
      一個未來 | 鑒於近來台北市動物衛生
      檢驗所受到某些自認為是『大善人 | 愛護動物人士 | 近來某些自認
      是『大善人 | 愛護動物人士 | 一群假藉『愛心 | 偽善者 | 偽善者 | 自認為是大善人 | 愛護動物人士 | 偽善者 | 假藉愛心的偽善者 | 針對林進忠的批評，段宜康議員表
      示．．他要求動檢所對於所謂的『偽善者 | 動檢所
      人員則澄清，聲明所指的『偽善者 | 台北市犬貓絕育特約動物醫院
      契約 | 台北市犬貓絕
      育併晶片註記及補助款申請證明書 | 林進忠並指出，黃建源醫師涉嫌詐騙動檢所卅萬元，這個訴訟還在纏
      打中 | 故沈蓉震亦應有藉記者會等方式散播似是
      而非或斷章取義之偏頗言論之情事。 | 沈蓉震依上揭報導亦應知被告所指某
      些自認為『大善人 | 愛護動物人士 | 黃建源、黃嫊媜 | 偽善者 | 受
      護動物人士 | 大善人 | 愛護動物人士","應依證據認定之，無證據不得推定其犯罪事實。又不能證明被告犯罪
    者，應諭知無罪之判決，刑事訴訟法第一百五十四條、第三百零一條第一項分別
    定有明文。又刑事訴訟上證明之資料，無論其為直接證據或間接證據，均須達於
    通常一般之人均不致於有所懷疑，而得確信其為真實之程度，始得據為有罪之認
    定，若其關於被告是否犯罪之證明未能達此程度，而有合理性懷疑之存在，致使
    無從形成有罪之確信，根據「罪證有疑，利於被告」之證據法則，即不得遽為不
    利被告之認定（最高法院七十六年度台上字第四九八六號判例意旨參照），其以
    情況證據（即間接證據）斷罪時，尤須基於該證據在直接...",誹謗,,https://judgment.judicial.gov.tw/FJUD/data.aspx?ty=JD&id=TPHM%2c90%2c%e4%b8%8a%e6%98%93%2c865%2c20010425%2c1&ot=in
臺灣高等法院 90 年度 上易 字第 562 號刑事判決,90.04.25,妨害名譽,,,,,,"王家倒會致富，抗議還錢 | 倒會數千萬、絕子絕孫，不得好死 | 惡意詐欺欠債還錢 | 王八腳倒
    會 | 爸爸是田僑、王弟是議員、王八卻倒會、左鄰請提防 | 欠債 | 王鐘駿為兄弟籌錢蓋房子競選縣議員；騙我們
    工人血汗錢，房子蓋好了，議員選上了，就唆使王鐘駿倒會、避不見面，還幫他
    潛逃出境","一、緣乙○○、丙○○二人為金車飲料實業股份有限公司（下稱金車公司）工會常務
    理事，王鐘駿為該公司人事課長，因王鐘駿於民國八十五年間在金車公司向員工
    貸借現款、籌組或參與互助會十餘會，驟於八十八年五月間無故倒會達新臺幣（
    下同）一千八百餘萬元，受害員工達百餘人，受害員工乃推派渠二人與王鐘駿之
    父王來發及其擔任臺北縣議員之弟甲○○協調清償債務事宜，惟經數次接觸均未
    獲結論；乙○○、丙○○共同基於意圖散布於眾之妨害名譽犯意，乃於八十八年
    八月十五日上午十時許，率領金車公司員工八十餘人，赴臺北縣板橋市○○○街
    ○○號王鐘駿之妻擺設牛肉麵之攤位、及...",誹謗,,https://judgment.judicial.gov.tw/FJUD/data.aspx?ty=JD&id=TPHM%2c90%2c%e4%b8%8a%e6%98%93%2c562%2c20010425%2c1&ot=in
臺灣臺中地方法院 90 年度 易 字第 326 號刑事判決,90.04.25,妨害名譽,,,,,,未明確提取,"應依證據認定之，無證據不得推定其犯罪事實，刑事訴訟法第一百五
    十四條定有明文。又認定不利於被告之事實，須依積極證據，苟積極證據不足為
    不利於被告事實之認定時，即應為有利於被告事實之認定，更不必有何有利之證
    據；另按告訴人之告訴，係以被告受刑事訴追為目的，是其陳述是否與事實相符
    ，自應調查其他證據以資審認（最高法院三十年上字第八一六號、五十二年臺上
    字第一三○○號判例參照）。訊之被告乙○○堅決否認有何妨害名譽犯行，辯稱
    ：本件告訴人丁○○慣以向他人購買土地，給付部分價金後，即故意不再給付價
    金，出賣人因不諳法律，未催告解約，將土地再出賣他人...",無罪,,https://judgment.judicial.gov.tw/FJUD/data.aspx?ty=JD&id=TCDM%2c90%2c%e6%98%93%2c326%2c20010425%2c1&ot=in
臺灣高等法院 臺中分院 89 年度 附民 字第 527 號刑事判決,90.04.24,妨害名譽等,,,,,,未明確提取,一、原告訴之聲明及事實、,原告之訴及假執行之聲請均駁回。,,https://judgment.judicial.gov.tw/FJUD/data.aspx?ty=JD&id=TCHM%2c89%2c%e9%99%84%e6%b0%91%2c527%2c20010424%2c1&ot=in
臺灣高等法院 89 年度 上易 字第 4238 號刑事判決,90.04.24,妨害名譽,,,,,,"與女學生玩撿鑰匙遊戲，故意將鑰匙丟在地上讓學生撿，造成女學
      生不舒服 | 對學生惡言惡語，對女學生有過分的舉動或『性意涵 | 常追女孩子，所追得女孩子很多，而且對象愈來愈年輕 | 在基隆夜
      市吃甜不辣時以竹籤沾醬給女學生，並對其說『這表示我對你的情意 | 走出電梯後和一名女同學聊天，竟把鑰
      匙丟在女生前的地板上，要女生撿起來 | 與女學生玩撿鑰匙遊戲，故意將鑰匙丟
      在地上讓學生撿，造成女學生不舒服 | 對學生惡言惡語，對女學生有過分
      的舉動或『性意涵 | 常追女孩子，所追得女孩子很多，而且對象
      愈來愈年輕 | 在基隆夜市吃甜不辣時以竹籤沾醬給女學生，並對其說『這
      表示我對你的情意 | 走出電梯後
      和一名女同學聊天，竟把鑰匙丟在女生前的地板上，要女生撿起來","，且經自訴人多次抗議程序不公，竟公然捏造事實毀損自
    訴人名譽，因認被告等分別涉犯刑法第三百零九條公然侮辱罪及第三百十條第二
    項加重誹謗罪云云。
二、按犯罪事實應依證據認定之，無證據不得推定其犯罪事實；又不能證明被告犯罪
    者，應諭知無罪之判決，刑事訟訴法第一百五十四條、第三百零一條第一項分別
    定有明文。次按刑事訴訟法上所謂定犯罪事實之證據，係指足以認定被告確有犯
    罪行為之積極證據而言，該項證據自須適合於被告犯罪事實之認定，始得作為斷
    罪之資料，而認定不利於被告之事實，須依積極證據，苟積極證據不足為不利於
    被告事實之認定時，即應為有利於被告之...",加重誹謗,,https://judgment.judicial.gov.tw/FJUD/data.aspx?ty=JD&id=TPHM%2c89%2c%e4%b8%8a%e6%98%93%2c4238%2c20010424%2c1&ot=in
臺灣新竹地方法院 89 年度 自 字第 74 號刑事判決,90.04.24,妨害名譽,,,,,,未明確提取,,本件自訴不受理。,,https://judgment.judicial.gov.tw/FJUD/data.aspx?ty=JD&id=SCDM%2c89%2c%e8%87%aa%2c74%2c20010424%2c1&ot=in
臺灣宜蘭地方法院 90 年度 易 字第 100 號刑事判決,90.04.24,妨害名譽,,,,,,賺錢雞 | 討客兄 | 賺錢雞 | 討客兄,"一、乙○○○與丙○○○隔鄰而居，於民國八十九年十二月四日十三時三十分許，因
    土地界址糾紛與丙○○○意見不合突生口角，竟於宜蘭縣三星鄉調解委員會現任
    調解委員潘二龍、前任調解委員庚○○、警員戊○○及鄰人己○○（丙○○○之
    媳）、丁○○（丙○○○之女）、甲○○等諸多鄰里人士在其位於宜蘭縣○○鄉
    ○○村○鄰○○街○○○號住處屋後之公共場所進行商議時，基於概括犯意，公
    然出言以：「賺錢雞」、「討客兄」（均臺語）等穢語侮辱丙○○○。嗣於同年
    月七日十時三十分許，因丙○○○之媳己○○持相機對雙方土地之爭議性界址即
    乙○○○所有房屋之牆壁拍照，造成乙○...",公然侮辱,,https://judgment.judicial.gov.tw/FJUD/data.aspx?ty=JD&id=ILDM%2c90%2c%e6%98%93%2c100%2c20010424%2c1&ot=in
臺灣士林地方法院 89 年度 易 字第 1042 號刑事其他文書,90.04.23,妨害名譽,,,,,,未明確提取,,,,https://judgment.judicial.gov.tw/FJUD/data.aspx?ty=JD&id=SLDM%2c89%2c%e6%98%93%2c1042%2c20010423%2c1&ot=in
臺灣新竹地方法院 90 年度 易 字第 384 號刑事判決,90.04.23,妨害名譽,,,,,,未明確提取,,公然侮辱,,https://judgment.judicial.gov.tw/FJUD/data.aspx?ty=JD&id=SCDM%2c90%2c%e6%98%93%2c384%2c20010423%2c1&ot=in
臺灣高等法院 臺南分院 90 年度 上易 字第 478 號刑事裁定,90.04.20,妨害名譽,,,,,,未明確提取,,,,https://judgment.judicial.gov.tw/FJUD/data.aspx?ty=JD&id=TNHM%2c90%2c%e4%b8%8a%e6%98%93%2c478%2c20010420%2c1&ot=in
臺灣新北地方法院 90 年度 自 字第 122 號刑事判決,90.04.20,妨害名譽等,,,,,,未明確提取,,本件管轄錯誤。,,https://judgment.judicial.gov.tw/FJUD/data.aspx?ty=JD&id=PCDM%2c90%2c%e8%87%aa%2c122%2c20010420%2c1&ot=in
臺灣臺北地方法院 89 年度 附民 字第 138 號刑事判決,90.04.20,因妨害名譽案附帶民訴,,,,,,未明確提取,"一、原告訴之聲明：
（一）被告等應連帶給付原告陳文聰新台幣參佰萬元及自起訴狀繕本送達翌日起至清
      償日止，按年利率百分之五計算之利息。
（二）被告等應連帶負擔費用於聯合報、中國時報、自由時報之全國Ａ版第一版及中
      華日報、經濟日報、工商時報、聯合晚報、中時晚報等各報第一版以十全版刊
      登如起訴狀附件所示之道歉啟事各一日。
（三）前二項聲明原告願供擔保請准予宣告假執行。
二、原告陳述如附件刑事附帶民事賠償起訴狀影本所載。
三、被告等均未為任何聲明或陳述，亦皆未提出任何書狀。",原告之訴及假執行之聲請，均駁回。,,https://judgment.judicial.gov.tw/FJUD/data.aspx?ty=JD&id=TPDM%2c89%2c%e9%99%84%e6%b0%91%2c138%2c20010420%2c1&ot=in
臺灣臺北地方法院 89 年度 易 字第 430 號刑事判決,90.04.20,妨害名譽,,,,,,未明確提取,"應依證據認定之，無證據不得推定其犯罪事實。又不能證明被告犯罪
    者，應諭知無罪之判決，刑事訴訟法第一百五十四條、第三百零一條第一項分別
    定有明文。另告訴人之告訴，係以使被告受刑事訴追為目的，是其陳述是否與事
    實相符，仍應調查其他證據以資審認（最高法院五十二年臺上字第一三００號判
    例參照）。而刑法第三百十條前段規定對誹謗之事，能證明其為真實者不罰，係
    針對言論內容與事實相符者之保障，並藉以限定刑罰權之範圍，非謂指摘或傳述
    誹謗事項之行為人，必須自行證明其言論內容確屬真實，始能免於刑責。惟行為
    人雖不能證明言論內容為真實，但依其所提證據資料，認...",無罪,,https://judgment.judicial.gov.tw/FJUD/data.aspx?ty=JD&id=TPDM%2c89%2c%e6%98%93%2c430%2c20010420%2c1&ot=in
最高法院 90 年度 台抗 字第 151 號刑事裁定,90.04.19,妨害名譽聲請法官迴避,,,,,,未明確提取,,抗告駁回。,,https://judgment.judicial.gov.tw/FJUD/data.aspx?ty=JD&id=TPSM%2c90%2c%e5%8f%b0%e6%8a%97%2c151%2c20010419&ot=in
最高法院 90 年度 台抗 字第 150 號刑事裁定,90.04.19,妨害名譽聲請法官迴避,,,,,,未明確提取,,抗告駁回。,,https://judgment.judicial.gov.tw/FJUD/data.aspx?ty=JD&id=TPSM%2c90%2c%e5%8f%b0%e6%8a%97%2c150%2c20010419&ot=in
臺灣高等法院 90 年度 上易 字第 3235 號刑事判決,90.04.15,妨害名譽,,,,,,敬告育才托兒所家長及芳鄰,"一、庚○○、辛○、丙○○共同基於意圖散布於眾，毀損己○○、甲○○名譽之概括
    犯意聯絡，共同以文字製作文宣（或稱公告）「敬告育才托兒所家長及芳鄰」如
    附件所示（除二之２、５部分外），具體指摘（部分涉於私德而與公共利益無關
    之事項），足以毀損己○○、甲○○名譽之事，並自民國八十八年十二月十一日
    起至同年十二月二十七日止，連續多次，將之張貼於臺北縣中和市○○街○○○
    巷、六十四巷、三十四巷、一百九十六巷、設於同街四十八號之育才托兒所及其
    附近等處之牆壁、電線桿、育才托兒所之娃娃車等顯目地點，並由庚○○、辛○
    於八十八年十二月二十七日在上址之育才...",誹謗,,https://judgment.judicial.gov.tw/FJUD/data.aspx?ty=JD&id=TPHM%2c90%2c%e4%b8%8a%e6%98%93%2c3235%2c20010415%2c1&ot=in
臺灣高等法院 90 年度 重附民 字第 42 號刑事裁定,90.04.13,妨害名譽,,,,,,未明確提取,,,,https://judgment.judicial.gov.tw/FJUD/data.aspx?ty=JD&id=TPHM%2c90%2c%e9%87%8d%e9%99%84%e6%b0%91%2c42%2c20010413%2c1&ot=in
臺灣高等法院 90 年度 上易 字第 841 號刑事判決,90.04.13,妨害名譽,,,,,,未明確提取,,公然侮辱,,https://judgment.judicial.gov.tw/FJUD/data.aspx?ty=JD&id=TPHM%2c90%2c%e4%b8%8a%e6%98%93%2c841%2c20010413%2c1&ot=in
臺灣高等法院 90 年度 上易 字第 263 號刑事判決,90.04.13,妨害名譽,,,,,,"ＪＯ
    ＪＯ林懷孕四月不打胎，誰是經手人？甲○○再度頭大了 | 絕
    對和甲○○有干係 | 朱亞珞很肯定說如果ＪＯＪＯ懷孕，孩子不是甲○○的
    ，又是誰的？","一、戊○○係獨家報導周刊（以下簡稱為獨家報導）之發行人暨總編輯，而丁○○則
    係獨家報導之記者，丁○○所撰寫之文章，事先必須經過戊○○審稿，待戊○○
    決定採用後才可刊登，按戊○○及丁○○均明知林爰君（即ＪＯＪＯ林）於民國
    （下同）八十九年八月時雖已懷有身孕，但林爰君從未表示其腹中胎兒之父親為
    甲○○，亦明知林爰君友人朱亞珞人在美國，根本不知林爰君已懷孕一事，且亦
    知甲○○從未承認其與林爰君曾發生性行為，再者林爰君所懷腹中胎兒父親是否
    為甲○○，應係涉及甲○○及林爰君之私德，而與公共利益無關，惟戊○○及丁
    ○○竟均明知甲○○為已有配偶之人，且...",加重誹謗,,https://judgment.judicial.gov.tw/FJUD/data.aspx?ty=JD&id=TPHM%2c90%2c%e4%b8%8a%e6%98%93%2c263%2c20010413%2c1&ot=in
臺灣苗栗地方法院 88 年度 易 字第 619 號刑事裁定,90.04.13,妨害名譽,,,,,,未明確提取,,,,https://judgment.judicial.gov.tw/FJUD/data.aspx?ty=JD&id=MLDM%2c88%2c%e6%98%93%2c619%2c20010413%2c1&ot=in
臺灣高等法院 臺中分院 90 年度 附民 字第 132 號刑事裁定,90.04.10,妨害名譽,,,,,,未明確提取,,,,https://judgment.judicial.gov.tw/FJUD/data.aspx?ty=JD&id=TCHM%2c90%2c%e9%99%84%e6%b0%91%2c132%2c20010410%2c1&ot=in
臺灣高等法院 臺中分院 90 年度 附民 字第 131 號刑事裁定,90.04.10,妨害名譽,,,,,,未明確提取,,,,https://judgment.judicial.gov.tw/FJUD/data.aspx?ty=JD&id=TCHM%2c90%2c%e9%99%84%e6%b0%91%2c131%2c20010410%2c1&ot=in
臺灣高等法院 臺中分院 90 年度 上易 字第 340 號刑事判決,90.04.10,妨害名譽,,,,,,"奇美公司因行政作業或突發因素而延誤，致使
    賣方無法如期交付買方時，則需依賣方順利自奇美公司取得奇美股票後交付 | 己○○
    收取本人股款，無法給股票卻還每次都帶弟兄來談判。特告知同行及各行各業、
    鄰居老少勿聽信其天花亂墜之言 | 己○○向本人蓄意詐騙巨額金錢不還，又
    避不見面，無賴 | 己○○以一夥人在做，其集團成員都無固定公司場所，卻
    到處空口白話以有奇美電子之股票而要求收訂金，每個成員都如出一轍，（丁○
    ○也都曾違約過月眉、大王之股票），據說這一班人還繼續再行騙中 | 此人不誠實也不負
    責任，可惡至極之己○○。特告知各行各業。鄰居老少誤聽信其天花亂墜之言而
    被己○○所騙！","一、戊○○於民國（下同）八十九年五月九日，與己○○簽訂奇美電子股份有限公司
    （下稱奇美公司）之股票買賣合約書，雙方約定於八十九年五月十五日至同年月
    十七日交付股票。因奇美公司作業延誤致己○○無法依期取得股票，戊○○明知
    依買賣合約書第五條但書約定：「奇美公司因行政作業或突發因素而延誤，致使
    賣方無法如期交付買方時，則需依賣方順利自奇美公司取得奇美股票後交付」，
即己○○未能如期交付股票，不能認有詐欺情事之下，且明知丁○○與此股票買
    賣並無關係，乃基於毀損己○○、丁○○名譽之犯意，並意圖散布於眾，於八十
    九年六月初某日，將其上開所認己○○未如期交付...",加重誹謗,,https://judgment.judicial.gov.tw/FJUD/data.aspx?ty=JD&id=TCHM%2c90%2c%e4%b8%8a%e6%98%93%2c340%2c20010410%2c1&ot=in
臺灣高雄地方法院 90 年度 附民 字第 10 號刑事判決,90.04.10,妨害名譽,,,,,,未明確提取,"一、原告聲明及陳述均如附件起訴狀所載。
二、被告未為任何聲明或陳述，亦未提出任何書狀。",原告之訴駁回。,,https://judgment.judicial.gov.tw/FJUD/data.aspx?ty=JD&id=KSDM%2c90%2c%e9%99%84%e6%b0%91%2c10%2c20010410%2c1&ot=in
臺灣基隆地方法院 90 年度 易 字第 173 號刑事判決,90.04.10,妨害名譽,,,,,,未明確提取,本院認定之犯罪事實與起訴書之記載相同，茲引用之。,公然侮辱,,https://judgment.judicial.gov.tw/FJUD/data.aspx?ty=JD&id=KLDM%2c90%2c%e6%98%93%2c173%2c20010410%2c1&ot=in
臺灣高雄地方法院 89 年度 自 字第 584 號刑事判決,90.04.10,妨害名譽,,,,,,未明確提取,,無罪,,https://judgment.judicial.gov.tw/FJUD/data.aspx?ty=JD&id=KSDM%2c89%2c%e8%87%aa%2c584%2c20010410%2c1&ot=in
臺灣臺中地方法院 90 年度 易 字第 164 號刑事判決,90.04.06,妨害名譽,,,,,,未明確提取,,誹謗,,https://judgment.judicial.gov.tw/FJUD/data.aspx?ty=JD&id=TCDM%2c90%2c%e6%98%93%2c164%2c20010406%2c2&ot=in
臺灣基隆地方法院 89 年度 易 字第 590 號刑事判決,90.04.06,妨害名譽,,,,,,鄉土情餐廳,"一、乙○○與甲○○為鄰居關係，乙○○平日因甲○○常向警察機關檢舉鄰里瑣事，
    對甲○○早已心生不滿，嗣於民國八十九年七月十九日下午十時三十分左右，在
    台北縣○○鄉○○街「鄉土情餐廳」之公共場所，二人因細故發生爭執，乙○○
    竟公然以左手掌摑甲○○之右臉頰，足以貶損甲○○之社會評價，嗣經甲○○報
    警處理。
二、案經甲○○訴由台北縣警察局瑞芳分局移送台灣基隆地方法院檢察署檢察官偵查
    起訴。",公然侮辱,,https://judgment.judicial.gov.tw/FJUD/data.aspx?ty=JD&id=KLDM%2c89%2c%e6%98%93%2c590%2c20010406%2c1&ot=in
臺灣基隆地方法院 89 年度 自 字第 71 號刑事裁定,90.04.06,妨害名譽,,,,,,未明確提取,"亦無相干。從而，自訴人徒憑被告對於汽車所有權之供述
    前後稍有出入，並空言從未與被告或被告之妻說過話，即據以作為被告指稱自訴
    人將車子輪胎漏氣係屬不實之內容，顯屬無據而不足採取。此外，復查無其他積
    極證據足資證明被告確涉有誹謗之犯行，應認其罪嫌尚有未足，揆諸上開法律意
    旨，本件自訴即應予以駁回。
據上論斷，應依刑事訴訟法第三百二十六條第三項、第二百五十二條第十款，而裁定
如主文。
中      華      民      國      九十    年      四      月      六      日
                             ...",誹謗,,https://judgment.judicial.gov.tw/FJUD/data.aspx?ty=JD&id=KLDM%2c89%2c%e8%87%aa%2c71%2c20010406%2c1&ot=in
臺灣高雄地方法院 90 年度 易 字第 216 號刑事判決,90.04.06,妨害名譽,,,,,,未明確提取,,無罪,,https://judgment.judicial.gov.tw/FJUD/data.aspx?ty=JD&id=KSDM%2c90%2c%e6%98%93%2c216%2c20010406%2c1&ot=in
臺灣高等法院 90 年度 上易 字第 40 號刑事判決,90.04.04,妨害名譽,,,,,,"精神異常 | 嫁不
    出去 | 老處女 | 媽媽沒有教養 | 連狗都不幹","一、丁○○於民國八十五年間，因拆除其新購坐落於桃園縣中壢市○○段○○○○號
    土地上，門牌號碼為桃園縣中壢市○○街○○○號之舊有房屋時，擅自拆除其與
    洪榮明所有坐落於桃園縣中壢市○○段○○○○號土地上，門牌號碼為桃園縣中
    壢市○○街○○○號房屋共有之圍牆，致與洪榮明前開房屋之現使用人乙○○，
    為圍牆毀損乙節，經常發生爭執，詎丁○○竟於八十八年七、八月間，於桃園縣
  中壢市○○街附近之不特定人得以共見共聞之情況下，以「精神異常」、「嫁不
    出去」、「老處女」、「媽媽沒有教養」、「連狗都不幹」等足以貶損他人社會
    評價之言語，公然侮辱乙○○。
二、案經被...",公然侮辱,,https://judgment.judicial.gov.tw/FJUD/data.aspx?ty=JD&id=TPHM%2c90%2c%e4%b8%8a%e6%98%93%2c40%2c20010404%2c1&ot=in
臺灣臺中地方法院 90 年度 易 字第 164 號刑事裁定,90.04.04,妨害名譽,,,,,,未明確提取,,,,https://judgment.judicial.gov.tw/FJUD/data.aspx?ty=JD&id=TCDM%2c90%2c%e6%98%93%2c164%2c20010404%2c1&ot=in
臺灣新北地方法院 90 年度 易 字第 748 號刑事判決,90.04.02,妨害名譽,,,,,,未明確提取,,本件公訴不受理。,,https://judgment.judicial.gov.tw/FJUD/data.aspx?ty=JD&id=PCDM%2c90%2c%e6%98%93%2c748%2c20010402%2c2&ot=in
臺灣高等法院 90 年度 上易 字第 268 號刑事判決,90.03.30,妨害名譽,,,,,,未明確提取,,誹謗,,https://judgment.judicial.gov.tw/FJUD/data.aspx?ty=JD&id=TPHM%2c90%2c%e4%b8%8a%e6%98%93%2c268%2c20010330%2c1&ot=in
臺灣嘉義地方法院 89 年度 易 字第 1197 號刑事判決,90.03.30,妨害名譽,,,,,,妳如果行就讓我幹看嘜 | 我不能幹，婊子,"一、乙○○於民國八十九年十一月三十日十九時四十五分許，在嘉義市○區○○○路
    ○○○號嘉義市政府承租民間拖吊場內，因見所有被拖吊之小自客車前保險桿有
    刮損，要求該拖吊場內之職員甲○○處理未果，竟憤而對甲○○辱罵「幹」、「
    妳如果行就讓我幹看嘜」、「我不能幹，婊子」（閩南語）等語，足以貶抑甲○
    ○之名譽。
二、案經甲○○訴由嘉義市警察局第一分局報由臺灣嘉義地方法院檢察署檢察官偵查
    起訴。",公然侮辱,,https://judgment.judicial.gov.tw/FJUD/data.aspx?ty=JD&id=CYDM%2c89%2c%e6%98%93%2c1197%2c20010330%2c1&ot=in
臺灣新北地方法院 90 年度 易 字第 787 號刑事判決,90.03.29,妨害名譽,,,,,,未明確提取,,無罪,,https://judgment.judicial.gov.tw/FJUD/data.aspx?ty=JD&id=PCDM%2c90%2c%e6%98%93%2c787%2c20010329%2c1&ot=in
臺灣高等法院 臺南分院 90 年度 附民上 字第 39 號刑事裁定,90.03.28,妨害名譽,,,,,,未明確提取,,,,https://judgment.judicial.gov.tw/FJUD/data.aspx?ty=JD&id=TNHM%2c90%2c%e9%99%84%e6%b0%91%e4%b8%8a%2c39%2c20010328%2c1&ot=in
臺灣高等法院 臺中分院 90 年度 附民 字第 101 號刑事判決,90.03.28,妨害名譽,,,,,,未明確提取,,原告之訴及假執行之聲請均駁回。,,https://judgment.judicial.gov.tw/FJUD/data.aspx?ty=JD&id=TCHM%2c90%2c%e9%99%84%e6%b0%91%2c101%2c20010328%2c1&ot=in
臺灣高等法院 90 年度 上易 字第 1079 號刑事判決,90.03.28,妨害名譽,,,,,,未明確提取,"或新證據，或有同法第四百二十條第一項第一款、第二款、第
    四款或第五款所定得為再審原因，不得對於同一案件再行起訴。所謂同一案件，
    係指兩案為同一被告，同一被訴犯罪事實而言（最高法院三十年上字第二二四四
    號判例參照）。
三、查自訴人曾對同一被告乙○○，以同一事實，向臺灣基隆地方法院檢察署提出公
    然侮辱及毀謗罪之告訴，經檢察官於八十八年十二月四日，以八十八年度偵字第
    六五九一號案件，為不起訴之處分，嗣經臺灣高等法院檢察署於八十九年一月五
    日，以八十九年度議字第一三七號案件，駁回再議而確定，有各該處分書一份在
    卷可稽。茲自訴人對同一被告乙○○、同...",上訴駁回。,,https://judgment.judicial.gov.tw/FJUD/data.aspx?ty=JD&id=TPHM%2c90%2c%e4%b8%8a%e6%98%93%2c1079%2c20010328%2c1&ot=in
臺灣高等法院 臺中分院 90 年度 上易 字第 403 號刑事判決,90.03.28,妨害名譽,,,,,,未明確提取,"相符者之保障，並藉以限
    定刑罰權之範圍，非謂指摘或傳述誹謗事項之行為人，必須自行證明其言論內容
    確屬真實，始能免於刑責。惟行為人雖不能證明言論內容為真實，但依其所提證
    據資料，認為行為人有相當",誹謗,,https://judgment.judicial.gov.tw/FJUD/data.aspx?ty=JD&id=TCHM%2c90%2c%e4%b8%8a%e6%98%93%2c403%2c20010328%2c1&ot=in
臺灣高等法院 臺南分院 90 年度 上易 字第 314 號刑事判決,90.03.28,妨害名譽,,,,,,"猛男瘋狗秀 | 叩男應召站 | 人權劊子手的『硫屍者 | 臺南局乙○○局長是發毒誓的人權劊子手 | 傳單滿天飛 | 警告乙○○局長啟事：明天（８８．１２．１０）是『國際
    人權日 | 以騙、拐、發毒誓 | 臺灣南區郵務工會第七屆會員代表大會選舉公報 | 抗議人權
    劊子手乙○○擔任臺南郵局局長（硫屍者，即員工被他害死了，還潑硫酸也），
    員工步步高升","一、甲○○曾因涉嫌貪污罪經檢察官提起公訴，因而對臺南郵政總局局長乙○○心生
    不滿，遂基於毀損乙○○名譽之概括犯意，先於民國（下同）八十八年十一月二
    十四日，散布標題為「猛男瘋狗秀」及「叩男應召站」之傳單至左鎮郵局及關廟
    郵局之郵務窗口，傳單上分別指摘「人權劊子手的『硫屍者』（意指乙○○）局
    長」及「臺南局乙○○局長是發毒誓的人權劊子手」等語；復於八十八年十二月
    九日，散布標題為「傳單滿天飛」之傳單至臺南郵政總局守衛室及玉井郵局郵務
    窗口，傳單上指摘「警告乙○○局長啟事：明天（８８．１２．１０）是『國際
    人權日』，限您十日內以書面發函臺南郵...",誹謗,,https://judgment.judicial.gov.tw/FJUD/data.aspx?ty=JD&id=TNHM%2c90%2c%e4%b8%8a%e6%98%93%2c314%2c20010328%2c1&ot=in
臺灣高等法院 90 年度 附民 字第 118 號刑事判決,90.03.27,妨害名譽,,,,,,未明確提取,"一、原告聲明求為判決，被告應賠償原告新台幣（下同）五百萬元及自訴狀繕本送達
    翌日起至清償日止，按年息百分之五計算之利息。其事實上陳述略稱，被告明知
    原告未積欠任何租金，而故意在原告服務之學區散布不實之事項，致原告人格受
    到嚴重傷害，且致原告之學生家長一再向學校單位查詢，原告無法立足於教育界
    ，不得不提前退休，身心受損非筆墨可以盡書等語。爰求為判決如訴之聲明：並
    援用刑事訴訟之證據。
二、被告未提出書狀，亦未作何陳述，惟依其在刑事訴訟之陳述，不承認有何侵權行
    為。",原告之訴駁回。,,https://judgment.judicial.gov.tw/FJUD/data.aspx?ty=JD&id=TPHM%2c90%2c%e9%99%84%e6%b0%91%2c118%2c20010327%2c1&ot=in
臺灣高等法院 90 年度 上易 字第 406 號刑事判決,90.03.27,妨害名譽,,,,,,未明確提取,及,誹謗,,https://judgment.judicial.gov.tw/FJUD/data.aspx?ty=JD&id=TPHM%2c90%2c%e4%b8%8a%e6%98%93%2c406%2c20010327%2c1&ot=in
臺灣高雄地方法院 89 年度 附民 字第 616 號刑事裁定,90.03.27,妨害名譽,,,,,,未明確提取,,,,https://judgment.judicial.gov.tw/FJUD/data.aspx?ty=JD&id=KSDM%2c89%2c%e9%99%84%e6%b0%91%2c616%2c20010327%2c1&ot=in
臺灣高雄地方法院 89 年度 易 字第 4021 號刑事判決,90.03.27,妨害名譽,,,,,,"我聽人說被告（即甲○○）之母（即乙○○）向人說謝
    靜雯法官有向他們拿新台幣（下同）二千萬元（起訴書誤載為二百萬元）","一、丁○○於民國八十八年間，以名譽受侵害為由，對甲○○提起損害賠償之民事訴
    訟，後經本院受理以八十八年度訴字第一九一八號民事案件審理，於八十八年十
    二月二十三日九時三十分許，上開案件在本院民事第五法庭公開審理時，丁○○
    竟意圖散布於眾，指稱「我聽人說被告（即甲○○）之母（即乙○○）向人說謝
    靜雯法官有向他們拿新台幣（下同）二千萬元（起訴書誤載為二百萬元）」等語
    ，指摘甲○○、乙○○涉有行賄法官之犯罪行為，足以毀損甲○○、乙○○之名
    譽。
二、案經甲○○、乙○○訴由台灣高雄地方法院檢察署檢察官偵查起訴。",誹謗,,https://judgment.judicial.gov.tw/FJUD/data.aspx?ty=JD&id=KSDM%2c89%2c%e6%98%93%2c4021%2c20010327%2c1&ot=in
臺灣屏東地方法院 90 年度 易 字第 106 號刑事判決,90.03.23,妨害名譽,,,,,,未明確提取,,無罪,,https://judgment.judicial.gov.tw/FJUD/data.aspx?ty=JD&id=PTDM%2c90%2c%e6%98%93%2c106%2c20010323%2c1&ot=in
臺灣高等法院 90 年度 重附民上 字第 23 號刑事判決,90.03.22,妨害名譽,,,,,,未明確提取,"一、上訴人即原告上訴之聲明，求為判決：㈠原判決廢棄。㈡被上訴人己○○股份有
    限公司應與被上訴人戊○○連帶給付上訴人新台幣壹仟參佰萬元及自原審起訴狀
    繕本送達該二被上訴人之翌日起至清償日止按年息百分之五計算之利息。㈢被上
    訴人乙○○股份有限公司應與被上訴人戊○○連帶給付上訴人新台幣伍佰伍拾萬
    元及自原審起訴狀繕本送達該二被上訴人之翌日起至清償日止按年息百分之五計
    算之利息。㈣被上訴人己○○股份有限公司應與被上訴人戊○○連帶於己○○，
    被上訴人乙○○股份有限公司應與被上訴人戊○○連帶於乙○○，均於第一版各
    以三分之二版之篇幅刊載向上訴人道歉啟...",上訴駁回。,,https://judgment.judicial.gov.tw/FJUD/data.aspx?ty=JD&id=TPHM%2c90%2c%e9%87%8d%e9%99%84%e6%b0%91%e4%b8%8a%2c23%2c20010322%2c1&ot=in
臺灣高等法院 89 年度 上易 字第 3628 號刑事判決,90.03.22,妨害名譽,,,,,,未明確提取,"應依證據認定之，無證據不得推定其犯罪事實，刑事訴訟法第一百五
    十四條定有明文。又所謂認定犯罪事實之證據，係指足以認定被告確有犯罪行為
之積極證據而言，如未發現相當證據，或證據不足以證明，自不能以推測或擬制
    之方法，以為裁判基礎，最高法院著有四十年台上字第八六號判例可稽。
三、公訴人認被告乙○○犯有刑法第三百十條第二項誹謗之罪嫌，無非係以被害人甲
    ○○之指述（偵卷第一頁背面至第二頁、第二十五頁背面至第二十七頁）、被告
    乙○○坦認寄發陳情書之供述（偵卷第五十八頁背面至第五十九頁、第七十四頁
    ），及該陳情書之內容（偵卷第四至九頁）為其主要論據。訊之被告乙○○則...",誹謗,,https://judgment.judicial.gov.tw/FJUD/data.aspx?ty=JD&id=TPHM%2c89%2c%e4%b8%8a%e6%98%93%2c3628%2c20010322%2c1&ot=in
臺灣臺中地方法院 89 年度 易 字第 3801 號刑事裁定,90.03.19,妨害名譽,,,,,,未明確提取,,,,https://judgment.judicial.gov.tw/FJUD/data.aspx?ty=JD&id=TCDM%2c89%2c%e6%98%93%2c3801%2c20010319%2c1&ot=in
臺灣高等法院 89 年度 附民上 字第 147 號刑事判決,90.03.16,妨害名譽,,,,,,未明確提取,"一、上訴人聲明及陳述均如附件聲請上訴狀所載。
二、被上訴人未提出書狀，亦未作何陳述。",上訴駁回。,,https://judgment.judicial.gov.tw/FJUD/data.aspx?ty=JD&id=TPHM%2c89%2c%e9%99%84%e6%b0%91%e4%b8%8a%2c147%2c20010316%2c1&ot=in
臺灣高等法院 89 年度 附民上 字第 120 號刑事判決,90.03.14,妨害名譽,,,,,,未明確提取,"一、上訴人聲明求為判決（一）原判決廢棄；（二）被上訴人應給付上訴人新台幣（
    下同）六十萬元及自民國八十九年八月十五日起至清償日止，按年息百分之五計
    算之；並陳明願供擔保請准宣告假執行。其事實上陳述引用原判決之記載。
二、被上訴人未提出書狀，亦未作何陳述，惟依其在刑事訴訟之陳述均否認有侵權行
    為。",上訴駁回。,,https://judgment.judicial.gov.tw/FJUD/data.aspx?ty=JD&id=TPHM%2c89%2c%e9%99%84%e6%b0%91%e4%b8%8a%2c120%2c20010314%2c1&ot=in
臺灣高等法院 90 年度 上易 字第 1720 號刑事判決,90.03.13,妨害名譽,,,,,,未明確提取,,加重誹謗,,https://judgment.judicial.gov.tw/FJUD/data.aspx?ty=JD&id=TPHM%2c90%2c%e4%b8%8a%e6%98%93%2c1720%2c20010313%2c1&ot=in
臺灣新竹地方法院 89 年度 易 字第 460 號刑事判決,90.03.13,妨害名譽,,,,,,未明確提取,,無罪,,https://judgment.judicial.gov.tw/FJUD/data.aspx?ty=JD&id=SCDM%2c89%2c%e6%98%93%2c460%2c20010313%2c1&ot=in
臺灣高等法院 臺南分院 90 年度 上易 字第 288 號刑事判決,90.03.12,妨害名譽,,,,,,"你二個尪仔某，暗時閒閒沒
    歹誌作，專門生子出來乎人撞 | 幹你娘雞巴","一、緣丙○○、甲○○夫婦之子陳健德於民國八十九年一月二十八日遭乙○○之子郭
    建冬因駕車不慎撞及而死亡，丙○○與甲○○遂於八十九年八月十一日，在雲林
    縣北港鎮調解委員會與乙○○進行調解時，因雙方對調解金額無法達成共識，而
    發生爭執，乙○○竟以台語辱罵丙○○、甲○○：「你二個尪仔某，暗時閒閒沒
    歹誌作，專門生子出來乎人撞」、「幹你娘雞巴」等語
二、案經丙○○、甲○○訴由臺灣雲林地方法院檢察署檢察官偵查起訴。",公然侮辱,,https://judgment.judicial.gov.tw/FJUD/data.aspx?ty=JD&id=TNHM%2c90%2c%e4%b8%8a%e6%98%93%2c288%2c20010312%2c1&ot=in
臺灣臺東地方法院 90 年度 自 字第 4 號刑事裁定,90.03.12,妨害名譽,,,,,,未明確提取,,自訴人應於本裁定送達後十日內補正被告甲○○之確實年齡或其他足資辨別之特徵。,,https://judgment.judicial.gov.tw/FJUD/data.aspx?ty=JD&id=TTDM%2c90%2c%e8%87%aa%2c4%2c20010312%2c2&ot=in
臺灣新北地方法院 89 年度 附民 字第 330 號刑事判決,90.03.12,妨害名譽,,,,,,未明確提取,"一、原告方面：
    聲明、陳述、證據均如刑事附帶民事訴訟起訴狀所載（如附件）。
二、被告未為任何聲明或陳述，亦未提出任何書狀。",原告之訴及假執行之聲請均駁回。,,https://judgment.judicial.gov.tw/FJUD/data.aspx?ty=JD&id=PCDM%2c89%2c%e9%99%84%e6%b0%91%2c330%2c20010312%2c2&ot=in
臺灣新北地方法院 89 年度 附民 字第 330 號刑事裁定,90.03.12,妨害名譽,,,,,,未明確提取,,,,https://judgment.judicial.gov.tw/FJUD/data.aspx?ty=JD&id=PCDM%2c89%2c%e9%99%84%e6%b0%91%2c330%2c20010312%2c1&ot=in
臺灣彰化地方法院 90 年度 易 字第 206 號刑事判決,90.03.12,妨害名譽,,,,,,"百億園俱樂部 | ．．．阿普（指
    乙○○）這個人大家將伊當作是台灣國寶，伊實在是路邊的垃圾","一、甲○○前因妨害乙○○名譽案件，經本院判處拘役三十日，經上訴後，為台灣高
    等法院台中分院駁回上訴，甫於民國八十九年五月五日判決確定。詎其仍不知悛
    悔，復於八十九年七月二十八日上午九時至十時間，基於公然侮辱之故意，ＣＡ
    ＬＬ  ＩＮ進入莊柱在靉友廣播電台（設彰化縣彰化市○○路○○○號十二樓）
    主持之「百億園俱樂部」現場播出節目中，公然以閩南語稱：「．．．阿普（指
    乙○○）這個人大家將伊當作是台灣國寶，伊實在是路邊的垃圾」等語，致侮辱
    乙○○之名譽。
二、案經乙○○訴請臺灣彰化地方法院檢察署檢察官偵查起訴。",公然侮辱,,https://judgment.judicial.gov.tw/FJUD/data.aspx?ty=JD&id=CHDM%2c90%2c%e6%98%93%2c206%2c20010312%2c1&ot=in
臺灣新北地方法院 89 年度 易 字第 864 號刑事判決,90.03.12,妨害名譽,,,,,,"提出告訴，並誣陷
    我們產品之公信度，：：且於四月一日及四月二十九日強用不正當之權力唆使警
    員至七易公司翻箱倒櫃，：：我們所得竟是無止境的壓迫與告訴：：","一、丙○○原係設台北縣○○鄉○○○路○○號龍達塑膠股份有限公司（下簡稱：龍
    達公司）之課長，八十七年十二月間，丙○○與同為龍達公司課長之何正庚及戊
    ○○，另行在外共組成立七易企業有限公司（設台北縣○○鄉○○路○號九樓，
    下簡稱：七易公司），嗣丙○○於八十八年初離職後，龍達公司對其等三人提出
    竊盜、背信等告訴（三人背信等罪嫌業經檢察官提起公訴，現由本院另案以八十
    八年度易字四三六六號審理中）。丙○○明知台北縣警察局蘆洲分局警員於八十
    八年四月一日至七易公司實施之查訪，係經其同意之所為，亦明知內政部警政署
    刑事警察局警員於同年月二十九日至七易...",無罪,,https://judgment.judicial.gov.tw/FJUD/data.aspx?ty=JD&id=PCDM%2c89%2c%e6%98%93%2c864%2c20010312%2c1&ot=in
臺灣高等法院 90 年度 上易 字第 899 號刑事裁定,90.03.09,妨害名譽,,,,,,未明確提取,,上訴人即自訴人應於本裁定送達後伍日內補正上訴書狀繕本及原審追加自訴狀繕本。,,https://judgment.judicial.gov.tw/FJUD/data.aspx?ty=JD&id=TPHM%2c90%2c%e4%b8%8a%e6%98%93%2c899%2c20010309%2c1&ot=in
臺灣基隆地方法院 89 年度 自 字第 87 號刑事判決,90.03.07,妨害名譽等,,,,,,"福鹿通運有限公司 | 春風通運股份有限公司 | 常年以福鹿通運公司
    及春風通運公司等多家無營業執照，非法在基隆市成立公司，與本業合法業者惡
    性競爭，嚴重侵犯本會業者之權益，請市政府加以制止，以免其魚目混珠，擾亂
    營運秩序。辦法：一、對保障常年設籍繳稅在基隆市之本會會員公平權益，促請
    市政府通告所屬各單位，舉辦各種活動，優先使用本會所屬會員之遊覽車，以利
    本市稅收。二、建請市政府對沒有申請營業執照，非法在基隆市設立公司者依法
    辦理，以保障合法業者，並鼓勵外縣市遊覽公司遷入本市設籍營業","一、甲○○係基隆市商業會會員代表，前曾因犯妨害名譽罪，經台灣高等法院判處有
    期徒刑四月，於民國八十五年七月十日易科罰金執行完畢，仍不知警惕。於八十
    九年七月十二日，基隆市商業會召開第十八屆第三次會員代表大會時，甲○○竟
    基於毀損「福鹿通運有限公司」（下稱福鹿公司）、「春風通運股份有限公司」
    （下稱春風公司）名譽之意圖，於大會中提臨時動議稱：「常年以福鹿通運公司
    及春風通運公司等多家無營業執照，非法在基隆市成立公司，與本業合法業者惡
    性競爭，嚴重侵犯本會業者之權益，請市政府加以制止，以免其魚目混珠，擾亂
    營運秩序。辦法：一、對保障常年設籍繳...",無罪,,https://judgment.judicial.gov.tw/FJUD/data.aspx?ty=JD&id=KLDM%2c89%2c%e8%87%aa%2c87%2c20010307%2c1&ot=in
臺灣高雄地方法院 90 年度 自 字第 8 號刑事判決,90.03.06,妨害名譽,,,,,,未明確提取,,本件自訴不受理。,,https://judgment.judicial.gov.tw/FJUD/data.aspx?ty=JD&id=KSDM%2c90%2c%e8%87%aa%2c8%2c20010306%2c1&ot=in
臺灣臺南地方法院 90 年度 易 字第 52 號刑事裁定,90.03.05,妨害名譽,,,,,,未明確提取,,,,https://judgment.judicial.gov.tw/FJUD/data.aspx?ty=JD&id=TNDM%2c90%2c%e6%98%93%2c52%2c20010305%2c1&ot=in
臺灣高雄地方法院 89 年度 自 字第 606 號刑事裁定,90.03.05,妨害名譽,,,,,,未明確提取,及證據。,"自訴人應於本裁定送達後十日內補正被告戊○○、己○○、丙○○、丁○○、乙○○
之確實之年齡（出生年月日）、身分證號碼，",,https://judgment.judicial.gov.tw/FJUD/data.aspx?ty=JD&id=KSDM%2c89%2c%e8%87%aa%2c606%2c20010305%2c1&ot=in
臺灣新北地方法院 90 年度 自 字第 82 號刑事判決,90.03.05,妨害名譽,,,,,,未明確提取,,無罪,,https://judgment.judicial.gov.tw/FJUD/data.aspx?ty=JD&id=PCDM%2c90%2c%e8%87%aa%2c82%2c20010305%2c2&ot=in
臺灣高等法院 89 年度 附民上 字第 117 號刑事裁定,90.03.01,妨害名譽,,,,,,未明確提取,,,,https://judgment.judicial.gov.tw/FJUD/data.aspx?ty=JD&id=TPHM%2c89%2c%e9%99%84%e6%b0%91%e4%b8%8a%2c117%2c20010301%2c1&ot=in
臺灣高等法院 高雄分院 90 年度 附民 字第 27 號刑事判決,90.03.01,妨害名譽,,,,,,"教
    職員工的任免大權握在校長、院長、人事主任第共犯手上，只要他們不辦自己，
    董事長唯握有違法証據，又能奈我何？囂張無恥至此地步，難道說普天下竟無王
    法。 | 就本年度考績來說，以一個罪足以免職的嫌犯，其考績竟可評為
    甲等。 | 高醫產業工會快訊 | 高雄醫學院近日掀起大風暴，身兼數
    職之附設醫院人事室主任丁○○，被檢舉將公款存入私人帳戶 | 據了解，這
    項免職令和丁○○被檢舉將一千萬元的公款存入私人帳戶有關，高雄醫學院已經
    主動將全案移請有關單位調查","一、原告聲明求為判決：（一）被告乙○○、甲○○應將本院八十九年度上易字第二
    一七八號刑事判決正本刊登於台灣時報、自由時報、聯合報及台灣新聞報高雄版
    三天並連帶給付原告新台幣（下同）一百萬元，及自起訴狀繕本送達之翌日起，
    至清償日止，按年息百分之五計算之利息。（二）被告中時晚報社股份有限公司
    、丙○○應將本院八十九年度上易字第二一七八號刑事判決正本刊登於台灣時報
    、自由時報、聯合報及台灣新聞報高雄版三天並連帶給付原告一百萬元，及自起
    訴狀繕本送達之翌日起，至清償日止，按年息百分之五計算之利息。（三）願供
    擔保請准宣告假執行。其事實上陳述略稱...",原告之訴及假執行之聲請均駁回。,,https://judgment.judicial.gov.tw/FJUD/data.aspx?ty=JD&id=KSHM%2c90%2c%e9%99%84%e6%b0%91%2c27%2c20010301%2c1&ot=in
臺灣高等法院 89 年度 上易 字第 3595 號刑事判決,90.03.01,妨害名譽,,,,,,"．．．二、本黨臺北市議員提名人甲○○，．．．與丙○○（甲○○夫婿）．．
    ．創辦婦女會時常破壞他人家庭。","一、乙○○於民國八十七年七月十八日，在臺北市○○○路○段○○○號二樓環亞飯
    店民主進步黨全國黨代表大會會場，基於散布於眾之意圖，以函文記載指摘：「
    ．．．二、本黨臺北市議員提名人甲○○，．．．與丙○○（甲○○夫婿）．．
    ．創辦婦女會時常破壞他人家庭。」之足以損毀丙○○名譽之事，使得以出入該
    處之多數人均得共見共聞。
二、案經被害人丙○○訴請臺灣臺北地方法院檢察署檢察官偵查起訴。",加重誹謗,,https://judgment.judicial.gov.tw/FJUD/data.aspx?ty=JD&id=TPHM%2c89%2c%e4%b8%8a%e6%98%93%2c3595%2c20010301%2c1&ot=in
臺灣高等法院 90 年度 附民 字第 72 號刑事判決,90.02.28,妨害名譽,,,,,,無恥,"上陳述略稱，被告甲○○於民國八十九年六月九日十一時許，因臺灣臺北
    地方法院檢察署八十九年度偵續字第一０四號案件，至該署第二十一偵查庭應訊
    ，訊畢後不滿該案告訴人周鼎之代理人即原告乙○○之言論，竟於特定多數人即
    承辦檢察官盧筱筠、書記官王之妃、法警林光正、告訴人白瑄及被告甲○○之選
    任辯護人陳志雄等人得共見共聞之情形下，公然辱罵原告「無恥」。致原告名節
    受損，人格價值降低，精神上處於非常痛苦之狀態，爰求為判決如訴之聲明；並
    援用刑事訴訟之證據。
二、被告未提出書狀，亦未作何陳述，惟依其在刑事訴訟之書狀，不承認有何侵權行
    為。",原告之訴及假執行之聲請均駁回。,,https://judgment.judicial.gov.tw/FJUD/data.aspx?ty=JD&id=TPHM%2c90%2c%e9%99%84%e6%b0%91%2c72%2c20010228%2c1&ot=in
臺灣高等法院 90 年度 附民 字第 70 號刑事裁定,90.02.27,妨害名譽,,,,,,未明確提取,,,,https://judgment.judicial.gov.tw/FJUD/data.aspx?ty=JD&id=TPHM%2c90%2c%e9%99%84%e6%b0%91%2c70%2c20010227%2c1&ot=in
臺灣高等法院 臺中分院 90 年度 附民 字第 76 號刑事判決,90.02.27,妨害名譽,,,,,,未明確提取,"一、原告求為判決，被告應給付原告新台幣（下同）一百萬元，並將本案刑事判決書
    全部刊登在中國時報、聯合報、自由時報三日，其費用由被告負擔。並願供擔保
    ，聲請宣告假執行。其事實上陳述略稱，被告涉嫌對鄭宗文妨害名譽，於臺灣臺
    中地方法院檢察署及法院審理調查時，先後指稱自訴人不是老師，左鄰右舍，惡
    名昭彰等言語，而自訴人確實曾經擔任老師多年，亦無被告所指之情節，可見被
    告有妨害名譽犯行，雖原審判決無罪，經自訴人上訴後，爰一併提起附帶民訴，
    為上開之請求，並引用刑事訴訟之證據。
二、被告未提出書狀，亦未作何陳述，惟依其在刑事訴訟之陳述，不承認有何侵權行
 ...",原告之訴及假執行之聲請均駁回。,,https://judgment.judicial.gov.tw/FJUD/data.aspx?ty=JD&id=TCHM%2c90%2c%e9%99%84%e6%b0%91%2c76%2c20010227%2c1&ot=in
臺灣高等法院 臺中分院 90 年度 上易 字第 50 號刑事判決,90.02.27,妨害名譽,,,,,,"甲○○向庭上謊稱職業為清高的老師，其
    在鄰里是欠債不還‧‧‧ | 甲
    ○○不是老師，左鄰右舍，惡名昭彰","不合。被告侮辱自訴人
    並非訴訟所必需手段，自非屬善意發表言論之範圍云云。惟查，被告與鄭宗文之
    官司時，被告於偵查中並未發言陳稱「甲○○向庭上謊稱職業為清高的老師，其
    在鄰里是欠債不還‧‧‧」等言語，而係以書狀向檢察官陳明甲○○之真正職業
    等情，有調閱之被告乙○○所涉八十九年他字第二一五八號案件之偵查卷可憑，
    佐以偵查係不公開之原則，應堪認被告偵查中上開書狀之陳稱，未具有妨害名譽
    犯行，至為顯明。又依被告於臺灣臺中地方法院八十九年七月三十一日庭訊先後
    所供之言語，均係就法官之訊問而回答，當日亦無其他證人至法院作證，此有調
    閱原審之八...",公然侮辱,,https://judgment.judicial.gov.tw/FJUD/data.aspx?ty=JD&id=TCHM%2c90%2c%e4%b8%8a%e6%98%93%2c50%2c20010227%2c1&ot=in
臺灣高等法院 高雄分院 90 年度 上易 字第 222 號刑事判決,90.02.27,妨害名譽,,,,,,未明確提取,"乙○○於八十八年十二月三日上午七時四十分許，在高雄縣○○區○○街○○○巷○
○號宅前，因住隔壁十號正騎機車離家之甲○○遭其以灑水容器潑濕衣物，而與甲○
○發生爭執，因甲○○認乙○○已涉嫌觸犯公然侮辱罪，乃於同日十九時三十分，至
高雄市政府警察局左營分局右昌派出所提起告訴，而乙○○經警通知到所應訊，在該
派出所外路旁，遇見不耐久候正欲離所之余女，竟基於公然侮辱他人之犯意，於不特
定人得以共見共聞之情況下，對余女口出「幹」之穢語，為員警吳耀楠聞言出所，查
獲上情。案經甲○○訴由高雄市政府警察局左營分局報請臺灣高雄地方法院檢察署檢
察官偵查起訴。",公然侮辱,,https://judgment.judicial.gov.tw/FJUD/data.aspx?ty=JD&id=KSHM%2c90%2c%e4%b8%8a%e6%98%93%2c222%2c20010227%2c1&ot=in
臺灣高等法院 臺南分院 90 年度 上易 字第 145 號刑事判決,90.02.27,妨害名譽,,,,,,"（年月日在臺南市
    ○○○路一段一五七號一樓，你有否看到甲○○和乙○○爭執？）乙○○有罵他
    （指告訴人）『幹你娘，勿見笑，你的一棟房子也將被拍賣 | （八十八年十二月二十八日有在臺南
    市○○○路○段○○○號一樓？）地址我不知道，但拆表那天我確時（實）有去
    郭先生的地方。差不多九點過去，是要與臺電人員會同拆表，當天我拆完表，看
    到他們吵架，乙○○在生氣，後來臺電人員騎走開了，下午我再去看時，發現表
    又裝上去了。 | （當天乙○○有無罵髒話？）我不太注意，但他有說甲○○勿
    見笑，你的房子要被拍賣，他為何這樣說我不知道，他那天很激動。 | ：：：，沒有聽到乙○
    ○罵髒話及勿見笑，只聽到他（指被告）跟甲○○二人講話口氣不太好，在講斷
    電的事。 | ：：：他（指被
    告）並說沒關係要斷電就斷電吧，沒聽到他說髒話及勿見笑的話，他應該不會隨
    便罵人。 | ：：：當天聽到
    斷電的事，他們吵得很兇，可是我沒有聽到罵髒話的話 | （八十八年十二月二十八日有至臺南市○○○路○段○○○號執行斷電？）有的
    ，是要去廢止用電，是用戶申請的，我去過兩次，之前還有去過一次，在用電中
    所以沒有處理，用戶打電話說為何沒處理，我告以用電中所以沒處理，第二次去
    處理就很順利，當天屋主甲○○及其朋友有在場，乙○○我沒有印象，我是九點
    多去拆表完後就馬上走了，當日只有我一人去執行。 | 幹你娘 | 幹你娘 | 勿見笑 | 勿見笑 | 勿見笑 | 幹你娘 | 幹你娘","，業據告訴
    人甲○○指述綦祥，核與在場證人莊坤風於偵查中證述情節相符，該證人與被告
    並不相識，亦無利害關係，衡情應無誣陷之理為主要論據。
三、按犯罪事實應依證據認定之，無證據不得推定其犯罪事實；又不能證明被告犯罪
    者，應諭知無罪之判決，刑事訴訟法第一百五十四條、第三百零一條第一項分別
    定有明文，故犯罪事實之認定，應憑證據，如未能發現相當證據，或證據不足以
    證明，自不能以推測或擬制之方法，以為裁判基礎。而所謂認定犯罪事實之證據
    ，係指足以認定被告確有犯罪行為之積極證據而言，該項證據自須適合於被告犯
    罪事實之認定，始得採為斷罪資料，此有最高法...",無罪,,https://judgment.judicial.gov.tw/FJUD/data.aspx?ty=JD&id=TNHM%2c90%2c%e4%b8%8a%e6%98%93%2c145%2c20010227%2c1&ot=in
臺灣臺東地方法院 90 年度 易 字第 62 號刑事判決,90.02.27,妨害名譽,,,,,,未明確提取,,本件公訴不受理。,,https://judgment.judicial.gov.tw/FJUD/data.aspx?ty=JD&id=TTDM%2c90%2c%e6%98%93%2c62%2c20010227%2c1&ot=in
臺灣嘉義地方法院 90 年度 易 字第 64 號刑事判決,90.02.27,妨害名譽等,,,,,,未明確提取,,無罪,,https://judgment.judicial.gov.tw/FJUD/data.aspx?ty=JD&id=CYDM%2c90%2c%e6%98%93%2c64%2c20010227%2c1&ot=in
臺灣南投地方法院 90 年度 自 字第 13 號刑事裁定,90.02.26,妨害名譽及信用罪,,,,,,未明確提取,,自訴人應於本裁定送達後柒日內補正自訴狀之繕本壹份。,,https://judgment.judicial.gov.tw/FJUD/data.aspx?ty=JD&id=NTDM%2c90%2c%e8%87%aa%2c13%2c20010226%2c1&ot=in
臺灣嘉義地方法院 90 年度 易 字第 41 號刑事判決,90.02.26,妨害名譽,,,,,,未明確提取,,本件公訴不受理。,,https://judgment.judicial.gov.tw/FJUD/data.aspx?ty=JD&id=CYDM%2c90%2c%e6%98%93%2c41%2c20010226%2c1&ot=in
臺灣高等法院 90 年度 抗 字第 3 號刑事裁定,90.02.23,妨害名譽等,,,,,,未明確提取,"，
    竟製作筆錄記載自訴人涉竊盜罪嫌，自訴人拒不簽名，是被告不無涉有登載不實
    罪嫌（誹謗部分業經撤回）云云。（三）按刑法第二百十三條登載不實公文書罪
    之成立，除客觀上公務員在其職務上所掌公文書，有為虛偽不實之登載行為，且
    足生損害於公眾或他人外，其在主觀上須明知為不實，所謂明知係指直接之故意
    而言，若為間接故意或過失，均難繩以該條之罪，最高法院四十六年台上字第三
    七七號、六十九年台上字第五九五號判例可資參照。據自訴人前揭所陳，姑不論
    自訴人主觀上究有無為自己不法所有之意圖，其於超級市場內將未結帳之物品置
    於口袋內，在客觀上已有合理之...",誹謗,,https://judgment.judicial.gov.tw/FJUD/data.aspx?ty=JD&id=TPHM%2c90%2c%e6%8a%97%2c3%2c20010223%2c1&ot=in
臺灣嘉義地方法院 90 年度 易 字第 42 號刑事判決,90.02.23,妨害名譽,,,,,,未明確提取,"一、丙○○與丁○係夫妻關係，其二人與乙○○前因民事損害賠償事件涉訟於法院，
    案經台灣高等法院台南分院民事庭於民國八十九年七月四日下午開庭審理時，丙
    ○○竟與丁○基於共同犯意之聯絡，意圖散布於眾，在臺灣高等法院臺南分院民
    事庭法庭內，當場以台語共同指摘：乙○○收（偷）人家的內衣褲二大袋等語，
    足以毀損乙○○之名譽。
二、案經乙○○訴由臺灣嘉義地方法院檢察署檢察官偵查起訴。",公然侮辱,,https://judgment.judicial.gov.tw/FJUD/data.aspx?ty=JD&id=CYDM%2c90%2c%e6%98%93%2c42%2c20010223%2c1&ot=in
臺灣臺南地方法院 89 年度 南簡上 字第 180 號刑事判決,90.02.23,妨害名譽,,,,,,幹你娘,"一、甲○○與乙○○為對門鄰居。因乙○○在其位於台南縣永康市○○路○○○巷○
    ○弄○號住處之門口架設監視錄影機，其鏡頭對準甲○○之大門門口，甲○○懷
    疑該錄影機係用以監視其出入，心生不滿，而於民國八十九年三月一日十時許，
    與其妻洪林婦仔（另經檢察官不起訴處分）至乙○○家門口前抗議，並於足使不
    特定人或多數人得以共見共聞之狀態下，向乙○○以台語辱罵「幹你娘」等語，
    毀損乙○○之名譽。
二、案經乙○○訴由台南縣警察局永康分局報請台灣台南地方法院檢察署檢察官偵查
    起訴。",公然侮辱,,https://judgment.judicial.gov.tw/FJUD/data.aspx?ty=JD&id=TNDM%2c89%2c%e5%8d%97%e7%b0%a1%e4%b8%8a%2c180%2c20010223%2c1&ot=in
臺灣士林地方法院 89 年度 自 字第 219 號刑事判決,90.02.23,妨害名譽,,,,,,未明確提取,,無罪,,https://judgment.judicial.gov.tw/FJUD/data.aspx?ty=JD&id=SLDM%2c89%2c%e8%87%aa%2c219%2c20010223%2c1&ot=in
臺灣高雄地方法院 89 年度 自 字第 617 號刑事判決,90.02.22,妨害名譽,,,,,,每位委員可否有一個免費停車位？ | 幹Ｘ娘 | 罵你剛好,"一、甲○○為高雄縣中侖第一標國民住宅社區管理委員會之委員，於民國八十九年十
    一月二十四日晚間八時許，在未管制他人進出之該社區管理委員會辦公室（高雄
    縣鳳山市○○○路○號）召開第二屆第六次管理委員會會議時，因乙○○會中討
    論第六項提案「每位委員可否有一個免費停車位？」時對於該提案發表不贊成之
    意見，甲○○因係提案人，乃對於乙○○大聲辱罵「幹Ｘ娘」（台語）加以侮辱
    ，經乙○○加以質問，甲○○復回稱「罵你剛好」（台語）等語。
二、案經乙○○向本院提起自訴。",公然侮辱,,https://judgment.judicial.gov.tw/FJUD/data.aspx?ty=JD&id=KSDM%2c89%2c%e8%87%aa%2c617%2c20010222%2c1&ot=in
臺灣高雄地方法院 89 年度 自 字第 620 號刑事判決,90.02.22,妨害名譽,,,,,,未明確提取,,無罪,,https://judgment.judicial.gov.tw/FJUD/data.aspx?ty=JD&id=KSDM%2c89%2c%e8%87%aa%2c620%2c20010222%2c1&ot=in
臺灣高等法院 91 年度 上易 字第 424 號刑事判決,90.02.21,妨害名譽,,,,,,未明確提取,,上訴駁回。,,https://judgment.judicial.gov.tw/FJUD/data.aspx?ty=JD&id=TPHM%2c91%2c%e4%b8%8a%e6%98%93%2c424%2c20010221%2c1&ot=in
臺灣新北地方法院 90 年度 易 字第 344 號刑事判決,90.02.21,妨害名譽,,,,,,未明確提取,,誹謗,,https://judgment.judicial.gov.tw/FJUD/data.aspx?ty=JD&id=PCDM%2c90%2c%e6%98%93%2c344%2c20010221%2c1&ot=in
臺灣高等法院 臺中分院 89 年度 上易 字第 2609 號刑事裁定,90.02.20,妨害名譽等,,,,,,未明確提取,,,,https://judgment.judicial.gov.tw/FJUD/data.aspx?ty=JD&id=TCHM%2c89%2c%e4%b8%8a%e6%98%93%2c2609%2c20010220%2c1&ot=in
臺灣高等法院 90 年度 上易 字第 1565 號刑事判決,90.02.20,妨害名譽,,,,,,未明確提取,"業據證人林國恩於原審時證述明確，並
    有被告等提出專利公報影本、經銷商之名片影本在卷可稽，原審認被告等係以善
    意發表言論，並無誹謗自訴人名譽之意圖而為被告等無罪之諭知，經核並無不合
    ，自訴人仍執陳詞，指摘原審判決不當而提起上訴，為無",加重誹謗,,https://judgment.judicial.gov.tw/FJUD/data.aspx?ty=JD&id=TPHM%2c90%2c%e4%b8%8a%e6%98%93%2c1565%2c20010220%2c1&ot=in
臺灣基隆地方法院 89 年度 基簡 字第 946 號刑事判決,90.02.20,妨害名譽,,,,,,未明確提取,及,公然侮辱,,https://judgment.judicial.gov.tw/FJUD/data.aspx?ty=JD&id=KLDM%2c89%2c%e5%9f%ba%e7%b0%a1%2c946%2c20010220%2c1&ot=in
臺灣基隆地方法院 89 年度 易 字第 338 號刑事判決,90.02.19,妨害名譽,,,,,,未明確提取,"一、乙○○、甲○○前因返還房屋事件，二人互有嫌隙，甲○○竟意圖散布於眾，基
    於概括之犯意，連續於民國（下同）八十九年一月二十日，本院八十八年度簡上
    字第六六號案件公開審理中、八十九年八月二十八日及八十九年十二月十四日本
    院本案公開審理中，指稱：乙○○是專門做壞事之人、連丈人的錢都敢搞、乙○
    ○勒索我、乙○○拐錢、騙錢及乙○○有劣根性等語。乙○○亦意圖散布於眾，
    於八十九年一月二十日，本院八十八年度簡上字第六六號案件公開審理中，公然
    指稱：他（指甲○○）用手段，他用高利貸，三分半以上，他用高利貸為手段，
    房子是他（指甲○○）拆壞的等語，均係...",誹謗,,https://judgment.judicial.gov.tw/FJUD/data.aspx?ty=JD&id=KLDM%2c89%2c%e6%98%93%2c338%2c20010219%2c1&ot=in
臺灣臺東地方法院 90 年度 易 字第 36 號刑事判決,90.02.19,妨害名譽,,,,,,"曾大醫師冒領貸款，還錢來 | 返錢不還票，
    侵占別人財產，丙○○、戊○○、曾國楨共謀 | 輸了股票
    ，侵占別人財產 | 番王 | 曾外科診所 | 草繩 | 阿盛","一、甲○○因與丙○○、戊○○有財務上之糾紛，竟基於意圖散布於眾之概況犯意，
    先後製作書有「曾大醫師冒領貸款，還錢來」（下稱編號一）、「返錢不還票，
    侵占別人財產，丙○○、戊○○、曾國楨共謀」（下稱編號二）、及「輸了股票
    ，侵占別人財產」（下稱編號三）等文字之標語，於：
（一）民國八十九年九月中旬某日，與不知情之綽號「番王」之不詳姓名男子，以共
      同持編號一標語之散布文字方法，在臺東縣臺東市○○路○○號曾國楨所經營
      之「曾外科診所」前，指摘足以毀損曾國楨名譽之事。
（二）八十九年十月二十三日或二十五日，與不知情之綽號「草繩」之不詳姓名男子
     ...",無罪,,https://judgment.judicial.gov.tw/FJUD/data.aspx?ty=JD&id=TTDM%2c90%2c%e6%98%93%2c36%2c20010219%2c1&ot=in
臺灣臺北地方法院 89 年度 自 字第 871 號刑事判決,90.02.15,妨害名譽,,,,,,未明確提取,,無罪,,https://judgment.judicial.gov.tw/FJUD/data.aspx?ty=JD&id=TPDM%2c89%2c%e8%87%aa%2c871%2c20010215%2c1&ot=in
臺灣基隆地方法院 88 年度 自 字第 83 號刑事裁定,90.02.15,妨害名譽,,,,,,未明確提取,"，不僅無任何輕蔑自訴人之意思在內，其用意無非使該案
          之承審法官瞭解本案自訴人過去對本案被告相類似濫行指訴之情節，以期
          該次偵審程序能終止本案自訴人對本案被告續行濫訴、侵害名譽之行為，
          自屬因自衛而以善意發表之言論，揆諸前揭刑法第三百十一條第一款之規
          定，自不得以刑法誹謗罪相繩。
        ２綜上所述，被告所為合於刑法第三百十一條規定之誹謗罪免責要件，其犯
          罪嫌疑不足，爰依前開法條及說明，本件自訴應予駁回。
二、反訴部分：
  （一）反訴意旨：詳如附件反訴狀所載。
  （二）反訴意旨認反訴被...",誹謗,,https://judgment.judicial.gov.tw/FJUD/data.aspx?ty=JD&id=KLDM%2c88%2c%e8%87%aa%2c83%2c20010215%2c1&ot=in
臺灣新北地方法院 89 年度 易 字第 4564 號刑事判決,90.02.08,妨害名譽,,,,,,未明確提取,,本件公訴不受理。,,https://judgment.judicial.gov.tw/FJUD/data.aspx?ty=JD&id=PCDM%2c89%2c%e6%98%93%2c4564%2c20010208%2c1&ot=in
臺灣新北地方法院 90 年度 易 字第 456 號刑事判決,90.02.08,妨害名譽,,,,,,未明確提取,,本件公訴不受理。,,https://judgment.judicial.gov.tw/FJUD/data.aspx?ty=JD&id=PCDM%2c90%2c%e6%98%93%2c456%2c20010208%2c1&ot=in
臺灣雲林地方法院 89 年度 易 字第 671 號刑事判決,90.02.05,妨害名譽,,,,,,乙○○睡人妻兒，天理不容，你會後悔,"一、甲○○與乙○○間有妨害家庭之糾紛，竟意圖散布於眾，於民國（下同）八十九
    年五月二十六日晚上十時許，在雲林縣○○鄉○○村○○街○○號乙○○住處鐵
    門上，以紅色噴漆書寫文字「乙○○睡人妻兒，天理不容，你會後悔」云云，指
    摘足以毀損乙○○名譽之事。嗣為乙○○之母丙○○發現而報警查獲。
二、案經乙○○訴由雲林縣警察局台西分局移送臺灣雲林地方法院檢察署檢察官偵查
    起訴。",無罪,,https://judgment.judicial.gov.tw/FJUD/data.aspx?ty=JD&id=ULDM%2c89%2c%e6%98%93%2c671%2c20010205%2c2&ot=in
臺灣臺南地方法院 89 年度 自 字第 496 號刑事判決,90.02.01,妨害名譽,,,,,,未明確提取,"，前經自訴人向
    臺灣臺南地方法院自訴在案，業經台南地方法院於八十九年八月十四日以八十八
    年度自字第四七二號裁定自訴駁回，復經台灣高等法院台南分院於八十九年十一
    月十四日以八十九年度抗字第四二一號駁回自訴人之抗告確定在案，有前開裁定
    二份在卷可稽。⑵自訴人主張前開甲○○○駁回確定後，發現新事實、新證據，
    並提出全國律師公會八十九年五月五日以（八九）律聯字第八九一０六號回函一
    件為據。然查前開函件內容，與自訴人自訴被告丙○○涉及侮辱一案無涉，此觀
    前開台灣高等法院台南分院八十九年度抗字第四二一號裁定中",本件自訴不受理。,,https://judgment.judicial.gov.tw/FJUD/data.aspx?ty=JD&id=TNDM%2c89%2c%e8%87%aa%2c496%2c20010201%2c1&ot=in
臺灣高雄地方法院 90 年度 附民 字第 27 號刑事判決,90.01.31,妨害名譽,,,,,,未明確提取,"一、原告聲明：求為判決：㈠被告應給付原告新台幣十萬元。㈡被告應於中國時報、
    聯合報及自由時報刊登道歉啟事。
    其陳述略稱：被告涉嫌公然侮辱，侵害原告之名譽權，依民法之規定應負侵權行
    為之損害賠償責任。
二、被告未為任何聲明或陳述，亦未提出任何書狀。",原告之訴駁回。,,https://judgment.judicial.gov.tw/FJUD/data.aspx?ty=JD&id=KSDM%2c90%2c%e9%99%84%e6%b0%91%2c27%2c20010131%2c1&ot=in
臺灣屏東地方法院 89 年度 易 字第 1267 號刑事判決,90.01.31,妨害名譽等,,,,,,吳家一頭牛乙○○幹小嬸,"一、甲○○係乙○○胞弟，於民國八十九年七月二日二十時許，意圖散布於眾，在屏
    東市○○路○○○巷○○弄路口地面，以油漆噴灑「吳家一頭牛乙○○幹小嬸」
    之字跡，足以毀損乙○○名譽；又於同月三日（起訴書誤載為七日）二十二時三
    十分許，至屏東市○○里○○路○○○巷○○弄○○號乙○○住處，以鐵條毀損
    住宅前之鐵捲門及花盆洩憤，足生損害於乙○○；並於同月四日（起訴書誤載為
    七日）中午十二時三十分許，駕駛自小貨車行經屏東市大湖里六二三號吳達朗所
    經營之檳榔攤時，見乙○○於該檳榔攤前，即下車毆打乙○○，致乙○○受有左
    眼眶（起訴書誤載為右眼眶）四Ｘ四公分...",加重誹謗,,https://judgment.judicial.gov.tw/FJUD/data.aspx?ty=JD&id=PTDM%2c89%2c%e6%98%93%2c1267%2c20010131%2c1&ot=in
臺灣高等法院 90 年度 上易 字第 844 號刑事判決,90.01.30,妨害名譽,,,,,,"親愛的芳鄰您好：78/1 月
    份至89/10月份清潔費、車位費、公用電費、電梯保險費及修理費共新台幣
    109129元正，已逾期未繳，請您至管理室補繳，謝謝您的合作！此致乙○○先生
    （崇德街四十九號五樓）崇德社區管理委員會 | 因社區不讓我停車，我就
      不繳管理費 | 管理費催繳通知書","不符，乃被告自作主張，才將催繳通知單擅自張貼
    在自訴人門前一樓大門上。因認被告涉有妨害名譽罪嫌。
二、訊據被告甲○堅決否認有何妨害自訴人名譽之犯行；辯稱：因自訴人積欠管理費
    未繳，伊係崇德社區管理委員會僱用之幹事，依法有催繳管理費義務，伊按自訴
    人之門鈴無人應門，才將催繳通知單張貼在自訴人門上；十一月三日張貼之催繳
    通知單，係自訴人於八十九年十月份以前所積欠之費用之清單，而催收規定亦早
    於八十八年二月份全體委員會決議通告執行，與十一月七日召開之會議紀錄無關
    。且十一月三日張貼之催收單係依據管理委員會之規定由該會署名公告，並非被
    告具名擅專...",誹謗,,https://judgment.judicial.gov.tw/FJUD/data.aspx?ty=JD&id=TPHM%2c90%2c%e4%b8%8a%e6%98%93%2c844%2c20010130%2c1&ot=in
臺灣臺北地方法院 89 年度 自 字第 1101 號刑事判決,90.01.30,妨害名譽,,,,,,真正惡意原則,"不符，乃被告自作主張，才將催繳通知單擅自張貼
    在自訴人門前一樓大門上。因認被告涉有妨害名譽罪嫌。
二、按犯罪事實應依證據認定之，無證據不得推定其犯罪事實。又不能證明被告犯罪
    者，應諭知無罪之判決，刑事訴訟法第一百五十四條、第三百零一條第一項分別
    定有明文。次按事實之認定應憑證據，如未能發現相當證據，或證據不足以證明
    ，自不能以推測或擬制之方法，為裁判基礎（最高法院四十年臺上字第八六號判
    例參照）。再告訴人（自訴人亦同）之告訴，本以使被告受刑事訴追為目的，故
    其陳述是否與事實相符，自應調查其他證據，以資審認，苟其所為攻擊之詞，尚
    有瑕疵，則...",無罪,,https://judgment.judicial.gov.tw/FJUD/data.aspx?ty=JD&id=TPDM%2c89%2c%e8%87%aa%2c1101%2c20010130%2c1&ot=in
臺灣屏東地方法院 89 年度 易 字第 934 號刑事判決,90.01.29,妨害名譽,,,,,,未明確提取,,誹謗,,https://judgment.judicial.gov.tw/FJUD/data.aspx?ty=JD&id=PTDM%2c89%2c%e6%98%93%2c934%2c20010129%2c1&ot=in
臺灣高等法院 91 年度 上易 字第 2392 號刑事裁定,90.01.23,妨害名譽,,,,,,未明確提取,,,,https://judgment.judicial.gov.tw/FJUD/data.aspx?ty=JD&id=TPHM%2c91%2c%e4%b8%8a%e6%98%93%2c2392%2c20010123%2c1&ot=in
臺灣高等法院 高雄分院 90 年度 附民 字第 8 號刑事裁定,90.01.19,妨害名譽,,,,,,未明確提取,,,,https://judgment.judicial.gov.tw/FJUD/data.aspx?ty=JD&id=KSHM%2c90%2c%e9%99%84%e6%b0%91%2c8%2c20010119%2c1&ot=in
臺灣高等法院 高雄分院 89 年度 上易 字第 2164 號刑事判決,90.01.19,妨害名譽,,,,,,幹你娘 | 垃圾人，幹你娘雞巴,"一、乙○○與甲○○係鄰居，緣二人因甲○○在其高雄市○○區○○○路○○○號五
    樓之一住處開設補習班，而於民國（下同）八十六年十二月間起交惡，並有多件
    案件纏訟無法排解。嗣乙○○（由其友劉進福陪同在場）於八十九年三月廿六日
    十八時五十分許，在上址之五樓與甲○○又生爭吵，乙○○竟於該五樓電梯門口
    之公眾得出入場所（該樓有五戶），公然以「幹你娘」「垃圾人，幹你娘雞巴」
    等粗鄙之語辱罵甲○○，使甲○○深感難堪及氣憤，足以減損甲○○之聲譽。
二、案經甲○○訴由台灣高雄地方法院檢察署檢察官偵查起訴。",公然侮辱,,https://judgment.judicial.gov.tw/FJUD/data.aspx?ty=JD&id=KSHM%2c89%2c%e4%b8%8a%e6%98%93%2c2164%2c20010119%2c1&ot=in
臺灣基隆地方法院 90 年度 基簡 字第 4 號刑事判決,90.01.19,妨害名譽,,,,,,未明確提取,及,誹謗,,https://judgment.judicial.gov.tw/FJUD/data.aspx?ty=JD&id=KLDM%2c90%2c%e5%9f%ba%e7%b0%a1%2c4%2c20010119%2c1&ot=in
臺灣桃園地方法院 89 年度 簡上 字第 95 號刑事判決,90.01.19,妨害名譽,,,,,,未明確提取,"，惟否認
    有何誹謗犯行，辯稱：伊講的都是事實，是為了讓會員瞭解會務的公益目的才提
    出來，在改選前發函是因為伊不希望己○○參選會長，沒有誹謗意思，伊認為二
    十萬元被盜領是因為己○○把錢轉到他名下，認為二萬元是賄款是因為捐款廠商
    給己○○這筆二萬元後，原先按月應繳給協會的六萬元就收不到，只收到一些芭
    樂票，出於懷疑等語。
三、按犯罪事實應依證據認定之，無證據不得推定其犯罪事實，刑事訴訟法第一百五
    十四條訂有明文。次按言論自由為人民之基本權利，憲法第十一條有明文保障，
    國家應給予最大限度之維護，俾其實現自我，溝通意見，追求真理及監督各種政
  ...",無罪,,https://judgment.judicial.gov.tw/FJUD/data.aspx?ty=JD&id=TYDM%2c89%2c%e7%b0%a1%e4%b8%8a%2c95%2c20010119&ot=in
臺灣花蓮地方法院 89 年度 易 字第 682 號刑事判決,90.01.18,妨害名譽,,,,,,未明確提取,"一、甲○○與乙○○原為摯友，因懷疑乙○○與其妻高金玉通姦，未經查明實情，竟
    基於意圖散布於眾、誹謗乙○○之概括犯意，連續於附表所示之時間，在花蓮縣
    ○○鄉○○路○段五十五之七號住處，書信郵寄或傳真予附表所示之人，指摘乙
    ○○與其妻高金玉通姦，並控制高金玉行動，復分別向司法機關告發甲○○販毒
    云云等足以毀損乙○○名譽之事。
二、案經乙○○訴請臺灣花蓮地方法院檢察署檢察官偵查起訴。","甲○○連續散布文字，指摘足以毀損他人名譽之事，處拘役伍拾伍日，如易科罰金以
叁佰元折算壹日。",,https://judgment.judicial.gov.tw/FJUD/data.aspx?ty=JD&id=HLDM%2c89%2c%e6%98%93%2c682%2c20010118&ot=in
臺灣高雄地方法院 89 年度 易 字第 4401 號刑事判決,90.01.18,妨害名譽,,,,,,"幹
    你娘 | 討客兄 | 不要臉 | 欠人幹","一、甲○○為乙○○之夫，甲○○前於民國八十八年四月間因細故毆傷其妻乙○○（
    業經判處拘役確定），乙○○因而攜女租屋於高雄縣鳳山市○○街二二二之四號
    五樓生活，詎甲○○因懷疑乙○○與友人李瑞政有曖昧姦情，除分別於八十八年
    九月、八十九年二月及八十九年四月間以抓姦名義三度向警方報案，並會同警員
    至乙○○上址租屋處臨檢外（甲○○告訴乙○○、李瑞政涉嫌妨害家庭罪部部分
    ，業獲不起訴處分確定），期間竟基於公然侮辱人之概括犯意，先後於八十八年
    九月二十四日十八時許（中秋節）及八十九年二月六日上午十時許（農曆過年初
    二），獨自至乙○○前揭租屋處樓下騎樓...",公然侮辱,,https://judgment.judicial.gov.tw/FJUD/data.aspx?ty=JD&id=KSDM%2c89%2c%e6%98%93%2c4401%2c20010118%2c1&ot=in
臺灣臺北地方法院 89 年度 附民 字第 241 號刑事判決,90.01.17,因妨害名譽案附帶民訴,,,,,,未明確提取,"一、原告訴之聲明：被告應給付原告新台幣一百四十萬元。
二、原告陳述略稱：被告乙○○涉犯罪事實業經台灣台北地方法院檢察署以八十八年
    度偵續字第四０四號提起公訴，已經嚴重危害原告公司在八十七年七月十七日至
    二十一日於台北世貿中心所舉行之八十九第十一屆國際紗撮影暨美容造型展之徵
    展活動，本展活動因被告犯行有六十個攤位未能售出，總計損失新台幣（下同）
    九十萬元，原告名譽損害賠償五十萬元，合計請求如訴之聲明。
三、被告未為任何聲明或陳述，亦未提出任何書狀。",原告之訴駁回。,,https://judgment.judicial.gov.tw/FJUD/data.aspx?ty=JD&id=TPDM%2c89%2c%e9%99%84%e6%b0%91%2c241%2c20010117%2c1&ot=in
臺灣臺北地方法院 89 年度 易 字第 50 號刑事判決,90.01.17,妨害名譽,,,,,,未明確提取,,無罪,,https://judgment.judicial.gov.tw/FJUD/data.aspx?ty=JD&id=TPDM%2c89%2c%e6%98%93%2c50%2c20010117%2c1&ot=in
臺灣屏東地方法院 89 年度 易 字第 1651 號刑事判決,90.01.16,妨害名譽,,,,,,未明確提取,,公然侮辱,,https://judgment.judicial.gov.tw/FJUD/data.aspx?ty=JD&id=PTDM%2c89%2c%e6%98%93%2c1651%2c20010116&ot=in
臺灣臺南地方法院 89 年度 易 字第 2693 號刑事判決,90.01.16,妨害名譽,,,,,,幹你娘老××（台語，指女性生殖器）,"一、甲○○於民國（下同）八十八年十二月二十八日中午十二時四十五分許，在台南
    市○○街一之四號公寓一樓停車場，由乙○○住處屋後窗戶空隙向內窺視，經乙
    ○○發覺而向其詢問，甲○○竟以：「幹你娘老××（台語，指女性生殖器）」
    等三字經，公然侮辱乙○○。
二、案經乙○○訴請台灣台南地方法院檢察署檢察官偵查起訴。",公然侮辱,,https://judgment.judicial.gov.tw/FJUD/data.aspx?ty=JD&id=TNDM%2c89%2c%e6%98%93%2c2693%2c20010116%2c1&ot=in
臺灣新竹地方法院 89 年度 易 字第 1383 號刑事判決,90.01.12,妨害名譽,,,,,,"你
    給我幹屁股 | 幹你娘 | 幹你祖宗","一、丁○○因不滿丙○○、乙○○、甲○○對於新竹縣新埔鎮巨埔野溪整治工程所提
    意見，於民國八十九年九月二十日上午十時許，在新竹縣新埔鎮巨埔里四鄰三號
    前，公眾得共見共聞之情況下，對丙○○、乙○○、甲○○三人以客語辱罵「你
    給我幹屁股」、「幹你娘」、「幹你祖宗」等語，公然侮辱丙○○、乙○○、甲
    ○○。
二、案經丙○○、乙○○、甲○○訴由臺灣新竹地方法院檢察署檢察官偵查起訴。",公然侮辱,,https://judgment.judicial.gov.tw/FJUD/data.aspx?ty=JD&id=SCDM%2c89%2c%e6%98%93%2c1383%2c20010112%2c1&ot=in
臺灣臺中地方法院 89 年度 易 字第 3922 號刑事判決,90.01.12,妨害名譽,,,,,,"他本人（指甲○○）根本是個門外漢 | 沛利公司根本沒有電梯
    維修人員 | 甲○○是個雞腸鳥肚、言而無信、表裡不一、不負責任之人 | 甲
    ○○雇用的新人大多經驗不足，延誤修護造成住戶不便 | 立晉機電工程有限公司  乙○○","一、乙○○曾因詐欺案件，經台灣高雄地方法院判處有期徒刑三月，於民國八十五年
    十一月三十日執行完畢。乙○○自八十九年三月間起，受僱於甲○○所經營之沛
    利有限公司（設台中縣大里市○○路宏巨二巷六弄五六號，下稱沛利公司），擔
    任技術員，負責維修大樓之停車場升降機，嗣八十九年六月間，乙○○因故離職
    ，因薪資給付之爭議及意圖奪取沛利公司之電梯及停車設備等維修業務，竟意圖
    散布於眾，在八十九年七月九日，於台中縣太平市○○街○巷○○號二樓居住處
    ，製作指摘︰「他本人（指甲○○）根本是個門外漢」「沛利公司根本沒有電梯
    維修人員」「甲○○是個雞腸鳥肚、言而...",加重誹謗,,https://judgment.judicial.gov.tw/FJUD/data.aspx?ty=JD&id=TCDM%2c89%2c%e6%98%93%2c3922%2c20010112&ot=in
臺灣臺中地方法院 89 年度 易 字第 3578 號刑事判決,90.01.10,妨害名譽等,,,,,,未明確提取,,誹謗,,https://judgment.judicial.gov.tw/FJUD/data.aspx?ty=JD&id=TCDM%2c89%2c%e6%98%93%2c3578%2c20010110&ot=in
臺灣臺中地方法院 89 年度 自 字第 810 號刑事判決,90.01.09,妨害名譽,,,,,,未明確提取,,無罪,,https://judgment.judicial.gov.tw/FJUD/data.aspx?ty=JD&id=TCDM%2c89%2c%e8%87%aa%2c810%2c20010109&ot=in
臺灣高等法院 89 年度 上易 字第 2869 號刑事判決,90.01.05,妨害名譽,,,,,,未明確提取,,上訴駁回。,,https://judgment.judicial.gov.tw/FJUD/data.aspx?ty=JD&id=TPHM%2c89%2c%e4%b8%8a%e6%98%93%2c2869%2c20010105%2c1&ot=in
最高法院 90 年度 台附 字第 1 號刑事判決,90.01.04,妨害名譽,,,,,,未明確提取,,上訴駁回。,,https://judgment.judicial.gov.tw/FJUD/data.aspx?ty=JD&id=TPSM%2c90%2c%e5%8f%b0%e9%99%84%2c1%2c20010104&ot=in
臺灣高雄地方法院 90 年度 自 字第 510 號刑事判決,90.01.04,妨害名譽,,,,,,未明確提取,,無罪,,https://judgment.judicial.gov.tw/FJUD/data.aspx?ty=JD&id=KSDM%2c90%2c%e8%87%aa%2c510%2c20010104%2c1&ot=in
臺灣臺北地方法院 88 年度 易 字第 2365 號刑事判決,90.01.04,妨害名譽,,,,,,"乙○○○女士：丙○○女士代轉，你四
      處譭謗我名譽，只是為了替您兒子掩蓋惡意遺棄及殺人未遂、背信罪嫌．．如
      果琨有三長兩短，您是罪魁禍首，因為您縱容他犯罪，還威脅告我，太無法無
      天．．我快被琨逼瘋了，您是幫兇，您還叫人家給十萬元才還車，這是恐嚇？
      勒索？您孟家家教有違倫常，您的兒子偷人，您鼓勵離婚，觸法還囂張．．您
      甘心當下女、廚娘，不能規定我也要像您一樣．．不會任您胡作非為．． | 警告逃夫─丁○○機長，來自江敏控訴─請支付生
      活費，回家盡監護權，棄兒不顧非大丈夫，ＭＡＲＣＨ車請交回，賠違規罰單
      款（請轉交丁○○）．．你荒唐成性，先後於華國開房間，又和林幼幼同宿印
      尼飯店，明知她是有夫之婦．．你卻寡廉鮮恥．．四處編不實可憐身世騙感情
      ．．你和你母親三番兩次趁我不在家，偷走音響、電腦、珠寶、古董、傳真機
      ．．你真是無恥至極，逼人太甚．． | 丙○○女士：想當年，你哭哭啼啼鬧婚變，誰和你
      一起面對．．而今，你弟弟在外和人同居一室，棄家棄兒不顧，你教唆他離婚
      ，還替他付錢買給情婦首飾，出入高級餐廳吃飯．．你母親還偷我古董，背信
      侵占ＭＡＲＣＨ車後，肆意違規要我賠，欺人太甚，可惡至極．． | ＴＯ：逃夫丁○○機長，ＣＣ：丙○○、乙○○
      ○．．你十分狠心，天理不容．．你卻有錢花錢買禮物數萬元給女人，放小孩
      在家，營養不良，亂搞男女關係．．我念及夫妻情誼，一再忍耐，你卻不知廉
      恥．．你媽縱容你拋妻棄子，放家不管，還有臉批評．．非得我告你們全家，
      你們才高興嗎？那就準備接招吧！你的律師不告訴我他的ＦＡＸ號碼，我只有
      再傳長榮給你 | 醜聞密佈，飛安怎不堪慮？長榮暴力機長網路
      荒唐，勤務飛行情婦共遊共宿，機艙幽會飛安被拋腦後，從此妻小不顧棄家不
      回，傳真家信亂飛陷人挨告，集團包庇要眷屬勿張揚，愛家太太已提訴張榮發
      ，決戰綠帽工廠臺灣之翼，世紀官司即將臺北引爆，欲知詳情請洽00000
      000（即甲○○辦公室電話）","一、甲○○與其夫丁○○感情不睦，婚姻關係瀕臨破裂，明知丁○○在桃園縣之長榮
    航空公司擔任機師，其夫之姊丙○○在臺灣銀行臺中分行上班，而一般公司內部
    之傳真機係供辦公室員工共同使用，竟基於意圖散布於眾，指摘足以毀損孟憲焜
    、夫姊丙○○及其婆婆乙○○○名譽之事之概括犯意，在臺北市○○○路季聯公
    司辦公室內，先後以下列方式，將內容僅與其家庭糾紛及個人私德有關之文字，
    製成傳真文件，分別傳送至臺中市臺灣銀行臺中分行、桃園長榮航空公司空服員
    報到處等辦公處所，致辦公室其他員工得以知悉，以此方式指摘足以毀損丁○○
    、丙○○及乙○○○名譽之事：
（一）...",加重誹謗,,https://judgment.judicial.gov.tw/FJUD/data.aspx?ty=JD&id=TPDM%2c88%2c%e6%98%93%2c2365%2c20010104%2c1&ot=in
臺灣桃園地方法院 89 年度 易 字第 352 號刑事判決,90.01.02,妨害名譽,,,,,,"楊六使祭
    祀公業 | 楊六使祭祀公業 | 楊六使祭祀公業 | 抗議！抗議！揭穿主任委員己○○挪用職權，處分收回公產，圖利自己
    貳億萬以上內幕陰謀．．．。","應依證據認定之，無證據不得推定其犯罪事實。又不能證明被告犯罪者
  ，應諭知無罪之判決，刑事訴訟法第一百五十四條、第三百零一條第一項分別定
    有明文。又事實之認定，應憑證據，如未能發現相當證據，或證據不足以證明，
    自不能以推測或擬制之方法，為裁判基礎（最高法院四十年台上字第八六號判例
    參照）；而告訴人之告訴，係以使被告受刑事訴追為目的，是其陳述是否與事實
    相符，仍應調查其他證據以資審認（最高法院五十二年台上字第一三００號判例
    參照）。且認定犯罪事實所憑之證據，雖不以直接證據為限，間接證據亦包括在
    內，然而無論直接證據或間接證據，其為訴訟上之證明，須...",無罪,,https://judgment.judicial.gov.tw/FJUD/data.aspx?ty=JD&id=TYDM%2c89%2c%e6%98%93%2c352%2c20010102&ot=in
臺灣臺北地方法院 89 年度 附民 字第 483 號刑事判決,89.12.29,因妨害名譽案附帶民訴等,,,,,,未明確提取,"一、原告訴之聲明：被告應連帶給付原告陳順治新台幣三十萬元，連帶給付原告陳南
    君新台幣十五萬元，並均自起訴狀繕本送達翌日起至清償日止，按年息百分之五
    計算之利息。被告應將本院八十八年度易字第一五三一號判決內有關妨害被告名
    譽部分判決主文刊登於台北市醫師公會會刊。被告並願供擔保請求為假執行之宣
    告。
二、被告未為任何聲明或陳述，亦未提出任何書狀。",原告之訴及假執行之聲請均駁回。,,https://judgment.judicial.gov.tw/FJUD/data.aspx?ty=JD&id=TPDM%2c89%2c%e9%99%84%e6%b0%91%2c483%2c20001229%2c1&ot=in
臺灣雲林地方法院 89 年度 易 字第 986 號刑事判決,89.12.29,妨害名譽,,,,,,"你二個尪仔某，暗時閒閒沒
    歹誌作，專門生子出來乎人撞 | 幹你娘雞巴","一、緣庚○○、乙○○夫婦之子陳健德於民國八十九年一月二十八日遭戊○○之子郭
    建冬因駕車不慎撞及而死亡，庚○○與乙○○遂於八十九年八月十一日，在雲林
    縣北港鎮調解委員會與戊○○進行調解時，因雙方對調解金額無法達成共識，而
    發生爭執，戊○○竟以台語辱罵庚○○、乙○○：「你二個尪仔某，暗時閒閒沒
    歹誌作，專門生子出來乎人撞」、「幹你娘雞巴」等語
二、案經庚○○、乙○○訴由臺灣雲林地方法院檢察署檢察官偵查起訴。",公然侮辱,,https://judgment.judicial.gov.tw/FJUD/data.aspx?ty=JD&id=ULDM%2c89%2c%e6%98%93%2c986%2c20001229&ot=in
臺灣新竹地方法院 89 年度 易 字第 1141 號刑事判決,89.12.29,妨害名譽,,,,,,"吊你祖公 | 禽獸 | 你假
    肖仔 | 我吊你媽 | 夭壽子","一、緣新竹縣寶山鄉農會於民國八十九年一月十八日（起訴書誤載為二十八日）上午
    十時許，在新竹縣○○鄉○○村○○鄰○○路○○○號二樓會議室內，召開新竹
    縣寶山鄉農會第十三屆第十八次理事會議，乙○○係新竹縣寶山鄉農會理事，甲
    ○○則係該農會之理事長，於同日上午十一時許，因乙○○認主席甲○○對農會
    總幹事之考核有偏頗之情，竟在該農會理事、監事、農會幹部約一、二十人在場
    而得以共見共聞之狀態下，公然對甲○○辱罵「吊你祖公」、「禽獸」、「你假
    肖仔」、「我吊你媽」、「夭壽子」等足以貶損甲○○及其祖先社會評價之輕蔑
    之語，公然侮辱甲○○及其祖先。
二、...",公然侮辱,,https://judgment.judicial.gov.tw/FJUD/data.aspx?ty=JD&id=SCDM%2c89%2c%e6%98%93%2c1141%2c20001229%2c1&ot=in
臺灣臺北地方法院 88 年度 易 字第 1531 號刑事判決,89.12.29,妨害名譽等,,,,,,未明確提取,,無罪,,https://judgment.judicial.gov.tw/FJUD/data.aspx?ty=JD&id=TPDM%2c88%2c%e6%98%93%2c1531%2c20001229%2c1&ot=in
臺灣臺南地方法院 89 年度 易 字第 1640 號刑事判決,89.12.29,妨害名譽,,,,,,未明確提取,"應依證據認定之，無證據不得推定其犯罪事實；又不能證明被告犯罪
    者，即應諭知無罪之判決，刑事訴訟法第一百五十四條、第三百零一條第一項分
    別定有明文。又刑法第三百十條規定意圖散布於眾，而指摘或傳述足以毀損他人
    名譽之事者，為誹謗罪，並定有處罰之明文，然於同法第三百十一條另規定：以
    善意發表言論，而有左列情形之一者，不罰：一、因自衛、自辯或保護合法之利
    益者。二、公務員因職務而報告者。三、對於可受公評之事，而為適當之評論者
    。四、對於中央或地方之會議或法院或公眾集會之記事，而為適當之載述者。其
    中該條第三款之規定係為保障人民對於與公眾攸關之事物...",無罪,,https://judgment.judicial.gov.tw/FJUD/data.aspx?ty=JD&id=TNDM%2c89%2c%e6%98%93%2c1640%2c20001229&ot=in
臺灣臺北地方法院 89 年度 附民 字第 473 號刑事判決,89.12.28,因妨害名譽案附帶民訴,,,,,,未明確提取,,原告之訴駁回。,,https://judgment.judicial.gov.tw/FJUD/data.aspx?ty=JD&id=TPDM%2c89%2c%e9%99%84%e6%b0%91%2c473%2c20001228%2c1&ot=in
臺灣臺北地方法院 89 年度 自 字第 900 號刑事判決,89.12.28,妨害名譽,,,,,,未明確提取,,無罪,,https://judgment.judicial.gov.tw/FJUD/data.aspx?ty=JD&id=TPDM%2c89%2c%e8%87%aa%2c900%2c20001228%2c1&ot=in
臺灣高等法院 89 年度 上易 字第 3980 號刑事判決,89.12.27,妨害名譽,,,,,,未明確提取,及,誹謗,,https://judgment.judicial.gov.tw/FJUD/data.aspx?ty=JD&id=TPHM%2c89%2c%e4%b8%8a%e6%98%93%2c3980%2c20001227%2c1&ot=in
臺灣高等法院 90 年度 上易 字第 493 號刑事判決,89.12.27,妨害名譽,,,,,,未明確提取,、,公然侮辱,,https://judgment.judicial.gov.tw/FJUD/data.aspx?ty=JD&id=TPHM%2c90%2c%e4%b8%8a%e6%98%93%2c493%2c20001227%2c1&ot=in
臺灣屏東地方法院 89 年度 易 字第 1668 號刑事判決,89.12.27,妨害名譽,,,,,,幹你娘雞巴,"一、丙○○與乙○○為鄰居，雙方因水管維修問題迭起糾紛，鍾達崗因而向本院提起
    民事訴訟，民國八十九年十月二十七日本院承審法官集合雙方至屏東縣○○鄉○
    ○村○○路○○○巷○○號履勘現場，迨於同日上午十時三十分許履勘完畢承審
    法官即行離去，惟鍾達崗與乙○○再起爭執，丙○○乃於上址前不特定人得共見
    共聞之場所，公然以「幹你娘雞巴」之粗鄙言詞，侮辱乙○○。
二、案經乙○○訴由臺灣屏東地方法院檢察署檢察官偵查起訴。",公然侮辱,,https://judgment.judicial.gov.tw/FJUD/data.aspx?ty=JD&id=PTDM%2c89%2c%e6%98%93%2c1668%2c20001227&ot=in
臺灣新北地方法院 89 年度 易 字第 4019 號刑事判決,89.12.27,妨害名譽,,,,,,"四季公園大廈 | 住戶停放車輛
    之座談會 | 乙○○在第一屆主任委員任內購買二十九吋電視機一台
    竟要花新台幣（下同）四萬元，是『Ａ錢","一、甲○○係設址臺北縣中和市○○街○○○號「四季公園大廈」住戶，乙○○則是
    該大廈管理委員會主任委員（下稱主任委員），二人常因大廈各項管理事宜發生
    爭執，而素有嫌隙。嗣於民國八十九年七月十六日晚上八時許，乙○○為解決住
    戶腳踏車停放問題，而在上址大廈大廳之公眾得出入之場所召開「住戶停放車輛
    之座談會」，惟甲○○因不滿乙○○不處理頂樓霸佔問題，卻召開上開座談會，
    再與乙○○發生言語爭執，其明知當場有多位住戶參與會議，竟意圖散布於眾，
    接續數次以言語喊稱：「乙○○在第一屆主任委員任內購買二十九吋電視機一台
    竟要花新台幣（下同）四萬元，是『Ａ錢...",無罪,,https://judgment.judicial.gov.tw/FJUD/data.aspx?ty=JD&id=PCDM%2c89%2c%e6%98%93%2c4019%2c20001227&ot=in
臺灣苗栗地方法院 89 年度 易 字第 571 號刑事判決,89.12.27,妨害名譽,,,,,,"神
    經病、瘋子","一、丙○○與乙○○係母女關係，因懷疑丙○○之夫林德填與甲○○有曖昧關係，於
    民國八十八年十月十六日上午八時許，共同至甲○○位於苗栗縣苗栗市○○路○
    段○○○號住家門前之公共場所欲找甲○○理論時，竟基於犯意之聯絡，以「神
    經病、瘋子」之言詞公然侮辱甲○○，並以手、腳踢、搥甲○○停於住家前之機
    車及住家鋁門，以強暴犯之。
二、案經甲○○訴由臺灣苗栗地方法院檢察署檢察官偵查起訴。",公然侮辱,,https://judgment.judicial.gov.tw/FJUD/data.aspx?ty=JD&id=MLDM%2c89%2c%e6%98%93%2c571%2c20001227%2c1&ot=in
臺灣高等法院 臺中分院 89 年度 上易 字第 2861 號刑事判決,89.12.26,妨害名譽,,,,,,未明確提取,"記
    載而受損害之他人權益為目的，換言之，國家及私人法益之被害同在保護之列（
    參最高法院七十三年度台上字第八七五號判例、八十二年台上字第四六五五號判
    決）；且犯罪同時侵害國家社會及個人法益者，其被侵害之個人即得提起自訴。
    ．．．變造公文書之罪，於侵害國家社會法益外，既同時侵害自訴人之個人法益
    ，自訴人當然得提起自訴，復經最高法院著有二十六年上字第二三三七號判例足
    參，準此依自訴人自訴之犯罪事實之形式上觀察，其既主張係上開二罪之受害者
    ，不論其所指訴之犯罪事實實體上是否有罪，仍非不得以其為犯罪之被害人之身
    分提起自訴。
二、經查原審判...",加重誹謗,,https://judgment.judicial.gov.tw/FJUD/data.aspx?ty=JD&id=TCHM%2c89%2c%e4%b8%8a%e6%98%93%2c2861%2c20001226&ot=in
臺灣高等法院 臺中分院 90 年度 上易 字第 259 號刑事判決,89.12.21,妨害名譽,,,,,,未明確提取,,誹謗,,https://judgment.judicial.gov.tw/FJUD/data.aspx?ty=JD&id=TCHM%2c90%2c%e4%b8%8a%e6%98%93%2c259%2c20001221%2c1&ot=in
臺灣高等法院 臺南分院 89 年度 上易 字第 1984 號刑事判決,89.12.21,妨害名譽,,,,,,未明確提取,及,誹謗,,https://judgment.judicial.gov.tw/FJUD/data.aspx?ty=JD&id=TNHM%2c89%2c%e4%b8%8a%e6%98%93%2c1984%2c20001221&ot=in
臺灣高等法院 臺中分院 89 年度 附民上 字第 469 號刑事判決,89.12.21,妨害名譽,,,,,,資訊快報 | 黑名單,"一、上訴人即原告方面：
    訴之聲明：請求判決（一）原判決廢棄。（二）被上訴人應連帶給付上訴人新台
    幣貳佰萬元及自八十九年八月十七日起至清償日止，按週年利率百分之五計算之
    利息，並應聯名刊登聯合報或中國時報就其妨害名譽之行為向上訴人道歉。（三
    ）准預供擔保為假執行之宣告。
　　陳述略稱：被告丙○○係被告數位通電訊科技股份有限公司董事長，被告乙○○
    係該係該公司總經理，被告等共同於八十八年十月間，在其公司分支機構製作之
    「資訊快報」上，將上訴人之姓名及身分證號碼登載於該快報所列之「黑名單」
    中，致妨害上訴人之名譽，上訴人於自訴被告丙○○、乙○○...",上訴駁回。,,https://judgment.judicial.gov.tw/FJUD/data.aspx?ty=JD&id=TCHM%2c89%2c%e9%99%84%e6%b0%91%e4%b8%8a%2c469%2c20001221&ot=in
臺灣高等法院 90 年度 上易 字第 266 號刑事判決,89.12.21,妨害名譽,,,,,,放你媽的狗臭屁,"一、甲○○與乙○○同為經濟部所屬財團法人金屬工業研究發展中心（下稱金屬工業
    發展中心）之同事，甲○○為該中心企劃推廣處專案組之工程師兼組長，乙○○
    則為該專案組之組員。甲○○於民國（下同）八十九年九月五日假借擔任金屬工
    業發展中心專案組九月份組務會議主席身分之機會，對於乙○○表達假日輪派執
    行私人事務之個人意見不表認同後，竟惱羞成怒，基於侮辱乙○○之犯意，在上
    開公開之會議場合內，竟以「放你媽的狗臭屁」一語公然侮辱乙○○。
二、案經乙○○提起自訴。",公然侮辱,,https://judgment.judicial.gov.tw/FJUD/data.aspx?ty=JD&id=TPHM%2c90%2c%e4%b8%8a%e6%98%93%2c266%2c20001221%2c1&ot=in
臺灣臺中地方法院 89 年度 易 字第 3763 號刑事判決,89.12.20,妨害名譽,,,,,,"奇美公司因行政作業或突發因素而延誤，致使賣方無法
    如期交付買方時，則需依賣方順利自奇美公司取得奇美股票後交付 | 丙○○收取本
    人股款，無法給股票卻還每次都帶弟兄來談判。特告知同行及各行各業、鄰居老
    少勿聽信其天花亂墜之之言 | 丙○○向本人蓄意詐騙巨額金錢不還，又避不
    見面，無賴 | 丙○○以一夥人在做，其集團成員都無固定公司場所，卻到處
    空口白話以有奇美電子之股票而要求收訂金，每個成員都如出一轍，（甲○○也
    都曾違約過月眉、大王之股票），據說這一班人還繼續再行騙中 | 此人不誠實也不負責任
    ，可惡至極之丙○○。特告知各行各業。鄰居老少誤聽信其天花亂墜之言而被丙
    ○○所騙！","一、乙○○於民國八十九年五月九日，與丙○○簽訂奇美電子股份有限公司（下稱奇
    美公司）之股票買賣合約書，雙方約定於八十九年五月十五日至同年月十七日交
    付股票。因奇美公司作業延誤致丙○○無法依期取得股票，乙○○明知依買賣合
    約書第五條但書約定：「奇美公司因行政作業或突發因素而延誤，致使賣方無法
    如期交付買方時，則需依賣方順利自奇美公司取得奇美股票後交付」，即丙○○
    未能如期交付股票，不能認有詐欺情事之下，且明知甲○○與此股票買賣並無關
    係，乃基於毀損丙○○、甲○○名譽之犯意，並意圖散布於眾，於八十九年六
    月初某日，將其上開所認丙○○未如期交付...",加重誹謗,,https://judgment.judicial.gov.tw/FJUD/data.aspx?ty=JD&id=TCDM%2c89%2c%e6%98%93%2c3763%2c20001220&ot=in
臺灣高等法院 89 年度 重附民 字第 155 號刑事判決,89.12.19,妨害名譽,,,,,,憑空指摘,"一、原告聲明求為判決，被告應賠償原告新臺幣（下同）貳仟萬元。其事實上陳述略
    稱，被告為軍醫局局長，為維其既有之不當得利，於八十八年七月廿八日，以不
    實指控，謂自訴人前此諸多陳情，檢舉事項係「憑空指摘」，並以公告方式廣發
    律師函予行政院、立法院、監察院等政府機關，被告此舉對自訴人之身心及名譽
    均造成莫大傷害，精神痛苦莫名。爰求為判決如訴之聲明；並援用刑事訴訟之證
    據。
二、被告未提出書狀，亦未作何陳述，惟依其在刑事訴訟之陳述，不承認有何侵權行
    為。",原告之訴駁回。,,https://judgment.judicial.gov.tw/FJUD/data.aspx?ty=JD&id=TPHM%2c89%2c%e9%87%8d%e9%99%84%e6%b0%91%2c155%2c20001219%2c1&ot=in
臺灣高等法院 高雄分院 89 年度 上易 字第 1515 號刑事判決,89.12.19,妨害名譽,,,,,,未明確提取,及,公然侮辱,,https://judgment.judicial.gov.tw/FJUD/data.aspx?ty=JD&id=KSHM%2c89%2c%e4%b8%8a%e6%98%93%2c1515%2c20001219&ot=in
臺灣高雄地方法院 89 年度 易 字第 3640 號刑事判決,89.12.19,妨害名譽,,,,,,賤女人 | 妓女 | 幹你娘,"一、乙○○於八十八年十二月三日上午七時四十分許，在高雄縣○○區○○街○○○
    巷○○號宅前，因住隔壁十號正騎機車離家之甲○○遭其以灑水容器潑濕衣物，
    而與余女發生爭執，竟基於公然侮辱他人之概括犯意，於其他不特定路人得以共
    見共聞之情況下，以足以貶低人格尊嚴之「賤女人」、「妓女」、「幹你娘」之
    穢語，公然侮辱甲○○。甲○○因急於上班未能及時報案，嗣於同晚七時卅分，
    方至高雄市政府警察局左營分局右昌派出所提起告訴，而乙○○經警通知到所應
    訊，在該派出所外路旁，遇見正欲離所之余女，再承前開概括犯意，公然對余女
    口出「幹」之穢語，為員警吳耀楠聞言出...",公然侮辱,,https://judgment.judicial.gov.tw/FJUD/data.aspx?ty=JD&id=KSDM%2c89%2c%e6%98%93%2c3640%2c20001219&ot=in
臺灣高等法院 90 年度 上易 字第 597 號刑事判決,89.12.15,妨害名譽,,,,,,"無
    罪之推定 | 合理的懷疑","應依證據認定之，無證據不得推定其犯罪事實，刑事訴訟法第一百五
  十四條定有明文。又所謂認定犯罪事實之證據，係指足以認定被告確有犯罪行為
    之積極證據而言，如未發現相當證據，或證據不足以證明，自不能以推測或擬制
    之方法，以為裁判基礎，最高法院四十年台上字第八六號著有判例可稽。又「無
    罪之推定」乃刑事司法程序上之基本原則，此種原則表現在刑事案件中，只是另
    一種形式表示負擔之法則。易言之，刑事案件之追訴，必須提出證據，並需說服
    至無合理懷疑之地步，始能謂被告有罪。又此處所謂「合理的懷疑」是指在一切
    證據經過全部的比較或考慮後，審理事實的法官本於道義良知...",誹謗,,https://judgment.judicial.gov.tw/FJUD/data.aspx?ty=JD&id=TPHM%2c90%2c%e4%b8%8a%e6%98%93%2c597%2c20001215%2c1&ot=in
臺灣高雄地方法院 89 年度 易 字第 4956 號刑事判決,89.12.14,妨害名譽,,,,,,幹你娘 | 幹你娘XXX,"一、甲○○於民國八十九年十月六日上午十時四十分許，前往位於高雄縣鳳山市○○
    路○○○號交通部公路局高雄區監理所辦考重型機車駕駛執照，於發照窗口辦理
    領照手續時，因電腦查詢記錄載明甲○○領有輕型駕照，該所承辦員乙○○乃要
    求甲○○應先繳回該輕型駕照，倘該輕型駕照遺失者，則應補照繳回後，始得領
    取重型機車駕照等語，甲○○因認乙○○有意刁難，乃心生不滿，在大庭廣眾之
    下，公然以「幹你娘」、「幹你娘XXX 」等穢語謾罵乙○○而予以侮辱。
二、案經乙○○訴由台灣高雄地方法院檢察署檢察官偵查起訴。",公然侮辱,,https://judgment.judicial.gov.tw/FJUD/data.aspx?ty=JD&id=KSDM%2c89%2c%e6%98%93%2c4956%2c20001214&ot=in
臺灣高等法院 臺中分院 89 年度 附民 字第 473 號刑事判決,89.12.13,妨害名譽,,,,,,"前科累累 | 前科
    了了 | 浪費國家資源亂告 | 神經病、瘋子、常在樓頂外面不穿衣褲 | 你沒呼我幹 | 精神有問題 | 是利用法院敲詐人家的流氓 | 神經病、瘋子、常在樓頂外面不穿衣褲","一、原告聲明：求為判決被告等應賠償原告新台幣三百萬元及自起訴狀繕本送達翌日
    起至清償日止年息百分之六計算之利息。並陳明願供擔保，聲請宣告假執行。其
    事實上陳述略稱：⑴被告甲○○於民國（下同）分別於八十八年六月二十二日及
    同年十月七日，在台灣台中地方法院八十八年度自字第六二八號重傷害案件審理
    時，故意在公開法庭中，連續二次當眾公然侮辱自訴人係「前科累累」、「前科
    了了」、「浪費國家資源亂告」；且於八十八年七月八日，在本院八十八年度訴
    字第九五號損害賠償事件審理後，在法庭外，故意當眾公然侮辱及誹謗自訴人是
    「神經病、瘋子、常在樓頂外面不穿衣褲...",原告之訴及假執行之聲請均駁回。,,https://judgment.judicial.gov.tw/FJUD/data.aspx?ty=JD&id=TCHM%2c89%2c%e9%99%84%e6%b0%91%2c473%2c20001213&ot=in
臺灣高等法院 90 年度 上易 字第 332 號刑事判決,89.12.13,妨害名譽,,,,,,"你有什麼資格站在這裡，你是當
    小偷的，你有什麼資格穿警察制服 | 小
    偷 | 你偷了我的手機","一、乙○與甲○○於民國八十九年三月間，均係在台北市○○路○段○○○號台灣警
    察專科學校受訓之學生，乙○於同年月十八日左右，在學校發現其手機不見，乃
    懷疑遭甲○○竊走，在未經查證屬實情況下，於同年三月下旬某日晚上九時十五
    分許，見甲○○走入學校第六寢室向同學借書時，乙○竟萌生妨害名譽之故意，
    在十多位同學共見共聞下，公然對甲○○指稱「你有什麼資格站在這裡，你是當
    小偷的，你有什麼資格穿警察制服」等語，足生損害甲○○名譽；嗣於同日晚上
    ，學校晚點名後，在學校洗（曬）衣場，該校師生均得進出之場所，乙○復賡續
    前開妨害名譽之犯意，當著甲○○及多位...",公然侮辱,,https://judgment.judicial.gov.tw/FJUD/data.aspx?ty=JD&id=TPHM%2c90%2c%e4%b8%8a%e6%98%93%2c332%2c20001213%2c1&ot=in
臺灣高等法院 臺中分院 89 年度 上易 字第 2269 號刑事判決,89.12.13,妨害名譽,,,,,,"精神有問題 | 是利用法院敲詐人家的流氓 | 神經病、瘋子、常在樓頂外面不穿衣褲 | 精神有問題 | 是利用法院敲詐人家的流氓 | 你再罵罵看，再罵罵
    看 | 神經病、瘋子、常在樓頂外面不穿衣褲 | 你沒呼我
    幹 | 前科累累 | 前科了了（台語） | 浪費國家資源 | 精
    神有問題 | 是利用法院敲詐人家的流氓","應依證據認定之，無證據不得推定其犯罪事實；又不能證明被告犯罪
    者，應諭知無罪之判決，刑事訴訟法第一百五十四條、第三百零一條第一項分別
    定有明文。又自訴人之自訴，係以使被告受刑事訴追為目的，是其陳述是否與事
    實相符，仍應調查其他證據以資審認；事實之認定，應憑證據，如未能發現相當
    證據，或證據不足以證明，自不能以推測或擬制之方法，為裁判基礎；認定不利
    於被告之事實，須依積極證據，苟積極證據不足為不利於被告事實之認定時，即
    應為有利於被告之認定，更不必有何有利之證據，最高法院三十二年上字第六五
    七號、五十二年台上字第一三○○號、四十年台上字第八...",公然侮辱,,https://judgment.judicial.gov.tw/FJUD/data.aspx?ty=JD&id=TCHM%2c89%2c%e4%b8%8a%e6%98%93%2c2269%2c20001213&ot=in
臺灣高雄地方法院 89 年度 易 字第 5001 號刑事判決,89.12.13,妨害名譽,,,,,,未明確提取,"一、緣甲○與乙○○分別係居住在高雄市○鎮區○○○路○○巷○弄○○號一樓及同
    號三樓之鄰居，惟因甲○是否有權於其門前上方搭建鐵皮屋頂及屋後防護牆而屢
    有爭執，並經本院以八十九年度雄簡字第二六六三號排除侵害案件審理中，而於
    民國八十九年七月二十七日上午十時十五分許，由本院該案件之承辦人員至現場
    勘驗時，且現場有多位鄰居圍觀，甲○與乙○○又互起爭執，甲○竟公然以「幹
    」之穢語，辱罵乙○○。
二、案經乙○○訴由高雄市政府警察局前鎮分局報請台灣高雄地方法院檢察署檢察官
    偵查起訴。",公然侮辱,,https://judgment.judicial.gov.tw/FJUD/data.aspx?ty=JD&id=KSDM%2c89%2c%e6%98%93%2c5001%2c20001213&ot=in
臺灣臺南地方法院 89 年度 易 字第 2869 號刑事判決,89.12.12,妨害名譽,,,,,,神經病 | 叫妳的野男人出來,"一、乙○○基於概括之犯意，先於民國八十九年八月十日下午一時許，在台南市○○
    路大林新城活動中心辦公室前之公眾得出入之場所，以「神經病」等語，復於翌
    日即同年月十一日下午一時，亦在上開地點，以「叫妳的野男人出來」等語，連
    續二次公然侮辱甲○○。
二、案經甲○○訴請臺灣台南地方法院檢察署檢察官偵查起訴。",公然侮辱,,https://judgment.judicial.gov.tw/FJUD/data.aspx?ty=JD&id=TNDM%2c89%2c%e6%98%93%2c2869%2c20001212&ot=in
臺灣臺南地方法院 89 年度 易 字第 1309 號刑事判決,89.12.12,妨害名譽,,,,,,"幹你娘，勿見笑（
    台語），你的一棟房子也將被拍賣","一、乙○○因不滿甲○○會同台電公司人員將其所承租之房屋執行斷電，竟基於公然
    侮辱之犯意，於民國八十八年十二月二十八日，在台南市○○○路○段○○○號
    一樓，趁不特定人得以共見共聞之際，以言語辱罵甲○○：「幹你娘，勿見笑（
    台語），你的一棟房子也將被拍賣」等語，顯足以減損甲○○之名譽。
二、案經告訴人甲○○訴請台灣台南地方法院檢察署檢察官偵查起訴。",公然侮辱,,https://judgment.judicial.gov.tw/FJUD/data.aspx?ty=JD&id=TNDM%2c89%2c%e6%98%93%2c1309%2c20001212&ot=in
臺灣高等法院 90 年度 上易 字第 199 號刑事判決,89.12.08,妨害名譽,,,,,,搗蛋 | 搗蛋,"應依證據認定之，無證據不得推定其犯罪事實；又不能證明被告犯罪
    者，應諭知無罪之判決，刑事訴訟法第一百五十四條、第三百零一條第一項分別
    定有明文；且認定不利於被告之事實須依積極證據，苟積極證據不足為不利於被
    告事實之認定時，即應為有利於被告之認定（最高法院三十年台上字第八一六號
    判例參照）。又被害人所述被害情形如無瑕疵可指，而就其他方面調查又與事實
    相符，其供述始足據為判決之基礎；自訴人之指訴，係以使被告受刑事訴追為目
    的，是其陳述是否與事實相符，仍應調查其他證據以資審認（最高法院三十二年
    上字第六五七號、五十二年台上字第一三００號判例參照...",公然侮辱,,https://judgment.judicial.gov.tw/FJUD/data.aspx?ty=JD&id=TPHM%2c90%2c%e4%b8%8a%e6%98%93%2c199%2c20001208%2c1&ot=in
臺灣嘉義地方法院 89 年度 易 字第 1036 號刑事判決,89.12.08,妨害名譽,,,,,,幹你娘、幹你祖母、雜種、死無人哭：：：,"一、甲○○與乙○係鄰居，二人長期即相處不睦，詎甲○○基於概括之犯意，自民國
    七十八、九年起至八十九年九月二十三日下午七時許止，連續在不特定多數人得
    出入之嘉義縣大林鎮三和里八鄰水碓十九號其住處門前道路上，基於公然侮辱之
    犯意，多次出言對乙○辱罵：「幹你娘、幹你祖母、雜種、死無人哭：：：」（
    台語）等語，而公然以客觀上足以貶抑人格社會地位評價之言詞侮辱乙○。
二、案經乙○訴由嘉義縣警察局民雄分局報請臺灣嘉義地方法院檢察署檢察官偵查起
    訴。",公然侮辱,,https://judgment.judicial.gov.tw/FJUD/data.aspx?ty=JD&id=CYDM%2c89%2c%e6%98%93%2c1036%2c20001208&ot=in
臺灣高等法院 90 年度 附民上 字第 10 號刑事判決,89.12.07,妨害名譽,,,,,,未明確提取,,上訴駁回。,,https://judgment.judicial.gov.tw/FJUD/data.aspx?ty=JD&id=TPHM%2c90%2c%e9%99%84%e6%b0%91%e4%b8%8a%2c10%2c20001207%2c1&ot=in
臺灣高等法院 90 年度 上易 字第 450 號刑事判決,89.12.07,妨害名譽,,,,,,未明確提取,"出言攻訐告訴人，核
    屬符合善意發表言論而為自辯之情形，告訴人主觀上認被告之行為或有損及告訴
    人之名譽，惟仍具阻卻違法事由，不應處罰，是本件上訴非有",上訴駁回。,,https://judgment.judicial.gov.tw/FJUD/data.aspx?ty=JD&id=TPHM%2c90%2c%e4%b8%8a%e6%98%93%2c450%2c20001207%2c1&ot=in
臺灣高等法院 89 年度 上易 字第 3647 號刑事判決,89.12.07,妨害名譽,,,,,,未明確提取,及,誹謗,,https://judgment.judicial.gov.tw/FJUD/data.aspx?ty=JD&id=TPHM%2c89%2c%e4%b8%8a%e6%98%93%2c3647%2c20001207&ot=in
臺灣新北地方法院 89 年度 附民 字第 466 號刑事判決,89.12.07,妨害名譽,,,,,,未明確提取,"一、原告方面：
   （一）聲明：
１、求為判決被告應給付原告新臺幣（下同）二十萬元，並自起訴狀繕本送達翌日起
    至清償日止按週年利率百分之五計算之利息。
２、被告應在中國時報、聯合報及自由時報第一版（報頭下五公分乘以十四公分版面
    ）刊登如附件一所示之道歉啟示。
３、原告願供擔保，請准宣告假執行。
   （二）陳述：如附件二附帶民事起訴狀事實",原告之訴及假執行之聲請均駁回。,,https://judgment.judicial.gov.tw/FJUD/data.aspx?ty=JD&id=PCDM%2c89%2c%e9%99%84%e6%b0%91%2c466%2c20001207&ot=in
臺灣新北地方法院 89 年度 易 字第 3567 號刑事判決,89.12.07,妨害名譽,,,,,,未明確提取,,無罪,,https://judgment.judicial.gov.tw/FJUD/data.aspx?ty=JD&id=PCDM%2c89%2c%e6%98%93%2c3567%2c20001207&ot=in
臺灣臺北地方法院 89 年度 自 字第 627 號刑事判決,89.12.07,妨害名譽等,,,,,,未明確提取,,無罪,,https://judgment.judicial.gov.tw/FJUD/data.aspx?ty=JD&id=TPDM%2c89%2c%e8%87%aa%2c627%2c20001207%2c1&ot=in
臺灣臺北地方法院 89 年度 自 字第 627 號刑事判決,89.12.07,妨害名譽等,,,,,,未明確提取,,無罪,,https://judgment.judicial.gov.tw/FJUD/data.aspx?ty=JD&id=TPDM%2c89%2c%e8%87%aa%2c627%2c20001207&ot=in
臺灣高等法院 臺南分院 89 年度 上易 字第 1796 號刑事判決,89.12.06,妨害名譽,,,,,,"我是被害者，我跟乙○○婚外情十一年，在
    這十一年來乙○○都控制我，不讓我離開 | 判決不公平，我是被害者，我跟乙
    ○○婚外情十一年，在這十一年來乙○○都控制我，不讓我離開，因我告他恐嚇
    ，才引生本案 | 這十
    一年來乙○○都控制我，不讓我離開","，應依證據認定之，無證據不得推定其犯罪事實。又不能證明被告犯
    罪者，應諭知無罪之判決，刑事訴訟法第一百五十四條、第三百零一條第一項分
    別定有明文。經查自訴人認被告涉有刑法第三百十條第一項之妨害名譽罪，無非
    以被告在法院審理中不斷高聲叫罵「我是被害者，我跟乙○○婚外情十一年，在
    這十一年來乙○○都控制我，不讓我離開」等語，為主要依據，訊據被告固不否
    認有於右開時地為自訴人控制伊等言語，惟辯稱：伊係就法院之訊問為回答，並
    無妨害自訴人名譽之犯意等語。
三、經查，被告甲○○與自訴人乙○○確有長達十餘年之婚外情，被告且因此經原審
    以被告連續與有配...",上訴駁回。,,https://judgment.judicial.gov.tw/FJUD/data.aspx?ty=JD&id=TNHM%2c89%2c%e4%b8%8a%e6%98%93%2c1796%2c20001206&ot=in
臺灣雲林地方法院 89 年度 易 字第 905 號刑事判決,89.12.06,妨害名譽,,,,,,未明確提取,,本件公訴不受理。,,https://judgment.judicial.gov.tw/FJUD/data.aspx?ty=JD&id=ULDM%2c89%2c%e6%98%93%2c905%2c20001206&ot=in
臺灣高等法院 90 年度 上易 字第 710 號刑事判決,89.12.05,妨害名譽,,,,,,未明確提取,,公然侮辱,,https://judgment.judicial.gov.tw/FJUD/data.aspx?ty=JD&id=TPHM%2c90%2c%e4%b8%8a%e6%98%93%2c710%2c20001205%2c1&ot=in
臺灣高等法院 臺南分院 89 年度 附民上 字第 271 號刑事判決,89.11.30,妨害名譽,,,,,,"因故意或過失不法侵害他人之權利者，負損害賠償責任 | 不法侵
          害他人之身體、健康、名譽：：，被害人雖非財產上之損害，亦得請求賠
          償相當之金額。其名譽被侵害者，並得請求為回復名譽之適當處分 | 二二八紀念館為一人館，管理單位開支浮濫，收
        費毫無標準，有圖利他人，偽造文書、貪污、背信","一、聲明：求為判決如左：
    （一）原判決廢棄。
    （二）被上訴人即被告應於⑴中國時報（第十七版二次，全國版一次），及聯合
          報於第十七版、自由時報於第十二版、台灣日報第二十九版、民眾日報於
          第二十一版、台灣新聞報嘉義版連續以全十規格刊登三天。⑵世新電視臺
          新聞頻道中插播三天，及該電視台轉播嘉義市議會定期會質詢現場時，於
          中場休息時間播出如附件所示之道歉啟事，回復上訴人即原告之名譽。
    （三）被告應給付原告財團法人甲○○○基金會及丙○○各新台幣（下同）貳拾
          伍萬元，及自起訴狀繕本送...",上訴駁回。,,https://judgment.judicial.gov.tw/FJUD/data.aspx?ty=JD&id=TNHM%2c89%2c%e9%99%84%e6%b0%91%e4%b8%8a%2c271%2c20001130&ot=in
臺灣高等法院 89 年度 上易 字第 3875 號刑事判決,89.11.30,妨害名譽,,,,,,不會好死，會從下一代死上來，死一堆，會成為老孤單,"一、丙○○○因懷疑其鄰居乙○○、甲○○二人檢舉其搭蓋違建，心生不滿，竟於八
    十八年九月十八日上午，公然在街坊鄰居不特定人得以共聞共見之住處附近，以
    台語「不會好死，會從下一代死上來，死一堆，會成為老孤單」等足使人受辱之
    言詞辱罵乙○○、甲○○等二人，致使其二人名譽受損。
二、案經乙○○、甲○○告訴臺灣宜蘭地方法院檢察署檢察官偵查起訴。",公然侮辱,,https://judgment.judicial.gov.tw/FJUD/data.aspx?ty=JD&id=TPHM%2c89%2c%e4%b8%8a%e6%98%93%2c3875%2c20001130&ot=in
臺灣高等法院 臺南分院 89 年度 上易 字第 1417 號刑事判決,89.11.30,妨害名譽,,,,,,"二二八紀念館為一人館，管理單位開支浮濫，收費毫無標準，有圖利他人
    ，偽造文書、貪污、背信 | （問：對被告八十
      九年九月五日所提出之答辯狀有何意見？）答：有列入移交，音響共【有三部
      】，一部我的，兩部買的。二九九０的在會議室的音響，五片的是在音響室。 | （問：對偵卷第一三一、一三二頁所示編號一一０、二二一有何意見？）
      答：二二一有問題，一一０是在二樓的音響室裡面，在樓上每天晚上播放的，
      我所借的是在我二樓的辦公室，一千一百八十元所買的ＣＤ是放在一樓每天開
      館的時候播放。 | 答：會議室沒有音響。 | （問：手提ＣＤ音響？）答：【有二部】。一部即一
      樓現在播放的。另一部即會議室中一部。 | （問：外借的部份是那一部？）
      答：二樓這部是外借的，一樓的是基金會買的 | 五盤ＣＤ一台、音響一組 | 二樓會議室手提ＣＤ乙台，支付金額２９９０元 | 答：我們接管二二八紀念館後，因它沒有車子，我們
      接管後【私人買的】車子借它用，汽車保險、保養也都沒有向基金會請款。 | 經查公款與金龍文教基金會的經費混合使
      用，市府補助經營確實不夠，基金會還要提出配合款，所以很多設備無法查知
      那些設備由何支出，我們才建議儘量分開，但他們並沒有違反市政府的規定。 | 二二八紀念公
      園金龍文教基金會，經過我們全面了解過，我們有發現基金會裡面有二個問題
      ，認為有需要改進，第一個是對財產的管理沒有確實登記，第二點我們認為較
      嚴重的是金龍文教基金會每一年有接受市政府補助一百五十萬元經費，而基金
      會本身同樣有經費，我們為了了解其活動經費之支出時，發現這一百五十萬元
      經費和基金會所有之經費混合使用，所以在帳目上無法釐清帳款是由那一條經
      費項下勻支的‧‧‧ | 帳目不清","，在嘉義市議會質詢時，當眾
    發表「二二八紀念館為一人館，管理單位開支浮濫，收費毫無標準，有圖利他人
    ，偽造文書、貪污、背信」等內容指摘金龍文教基金會及代表人不法具體事實之
    言論，並要求嘉義市政府調查，及作成決議，函送臺灣嘉義地方法院檢察署偵辦
    ，且經各報紙大肆報導，足以毀損金龍文教基金會及丁○○等之名譽，因認被告
    丙○○涉有刑法第三百十條第一項之誹謗罪嫌等語。
二、按犯罪事實應依證據認定之，無證據不得推定其犯罪事實。又不能證明被告犯罪
    者，應諭知無罪之判決，刑事訴訟法第一百五十四條、第三百零一條第一項分別
    定有明文。次按事實之認定，應憑證...",加重誹謗,,https://judgment.judicial.gov.tw/FJUD/data.aspx?ty=JD&id=TNHM%2c89%2c%e4%b8%8a%e6%98%93%2c1417%2c20001130&ot=in
臺灣嘉義地方法院 89 年度 簡 字第 683 號刑事判決,89.11.30,妨害名譽,,,,,,未明確提取,及,誹謗,,https://judgment.judicial.gov.tw/FJUD/data.aspx?ty=JD&id=CYDM%2c89%2c%e7%b0%a1%2c683%2c20001130&ot=in
臺灣臺南地方法院 88 年度 易 字第 1097 號刑事判決,89.11.30,妨害名譽,,,,,,未明確提取,,本件公訴不受理。,,https://judgment.judicial.gov.tw/FJUD/data.aspx?ty=JD&id=TNDM%2c88%2c%e6%98%93%2c1097%2c20001130&ot=in
臺灣臺北地方法院 89 年度 自 字第 789 號刑事裁定,89.11.30,妨害名譽等,,,,,,未明確提取,,誹謗,,https://judgment.judicial.gov.tw/FJUD/data.aspx?ty=JD&id=TPDM%2c89%2c%e8%87%aa%2c789%2c20001130%2c1&ot=in
臺灣花蓮地方法院 89 年度 易 字第 682 號刑事裁定,89.11.29,妨害名譽,,,,,,未明確提取,,,,https://judgment.judicial.gov.tw/FJUD/data.aspx?ty=JD&id=HLDM%2c89%2c%e6%98%93%2c682%2c20001129&ot=in
臺灣高雄地方法院 89 年度 易 字第 4416 號刑事判決,89.11.29,妨害名譽,,,,,,你這個人是垃圾，幹你娘雞歪,"一、乙○○駕駛計程車為業，於民國八十九年四月七日零時十分許，因王  億以電話
    叫車，乙○○依約前往高雄市○○路國軍左營醫院急診室前時，王  億向乙○○
    表示並非坐車而是要請王明華代為購買麵及香煙等物，並願付新臺幣二百元給乙
    ○○。乙○○心生不悅而與甲○○發生口角，並在該不特定多人得見聞之醫院場
    所公然對甲○○以臺語公然辱駡「你這個人是垃圾，幹你娘雞歪」等語。
二、案經甲○○訴由高雄市政府警察局左營分局報請臺灣高雄地方法院檢察署檢察官
    偵查起訴。",公然侮辱,,https://judgment.judicial.gov.tw/FJUD/data.aspx?ty=JD&id=KSDM%2c89%2c%e6%98%93%2c4416%2c20001129&ot=in
臺灣新北地方法院 89 年度 易 字第 2320 號刑事判決,89.11.29,妨害名譽,,,,,,"王家倒會致富，抗議還錢 | 倒會數千萬、絕子絕孫，不得好死 | 惡意詐欺欠債還錢 | 王八腳倒
    會 | 爸爸是田僑、王弟是議員、王八卻倒會、左鄰請提防 | 欠債 | 王鐘駿為兄弟籌錢蓋房子競選縣議員；騙我們
    工人血汗錢，房子蓋好了，議員選上了，就唆使王鐘駿倒會、避不見面，還幫他
    潛逃出境","一、緣丁○○、戊○○二人為金車飲料實業股份有限公司（下稱金車公司）工會常務
    理事，王鐘駿為該公司人事課長，因王鐘駿於民國八十五年間在金車公司向員工
    貸借現款、籌組或參與互助會十餘會，驟於八十八年五月間無故倒會達新臺幣（
    下同）一千八百餘萬元，受害員工達百餘人，受害員工乃推派渠二人與王鐘駿之
    父王來發及其擔任臺北縣議員之弟甲○○協調清償債務事宜，惟經數次接觸均未
    獲結論；丁○○、戊○○共同基於意圖散布於眾之妨害名譽犯意，乃於八十八年
    八月十五日上午十時許，率領金車公司員工八十餘人，赴臺北縣板橋市○○○街
    ○○號王鐘駿之妻擺設牛肉麵之攤位、及...",誹謗,,https://judgment.judicial.gov.tw/FJUD/data.aspx?ty=JD&id=PCDM%2c89%2c%e6%98%93%2c2320%2c20001129&ot=in
臺灣嘉義地方法院 89 年度 簡 字第 620 號刑事判決,89.11.28,妨害名譽,,,,,,未明確提取,及,公然侮辱,,https://judgment.judicial.gov.tw/FJUD/data.aspx?ty=JD&id=CYDM%2c89%2c%e7%b0%a1%2c620%2c20001128&ot=in
臺灣高等法院 90 年度 上易 字第 1 號刑事判決,89.11.27,妨害名譽,,,,,,"無中生有，是
    非不分、造謠生事 | 和諧原則 | 真正惡意","、混淆視聽」，…但是甲○不可以「無中生有，是
    非不分、造謠生事」等語，對身為歷史家之自訴人甲○，所有寫作均有證據，被
    告乙○○之錯誤造成自訴人甲○名譽受損，因認被告涉犯有刑法第三百十條第二
    項之加重誹謗罪嫌等語。
二、按犯罪事實應依證據認定之，無證據不得推定其犯罪事實。又不能證明被告犯罪
    者，應諭知無罪之判決，刑事訴訟法第一百五十四條、第三百零一條第一項分別
    定有明文。按人民有言論之自由，為憲法第十一條所明定之基本權利，而人民維
    護自我名譽之名譽權，雖未於憲法中以列舉方式明定之，但應可認係憲法第二十
    二條以概括方式所欲保護之基本權利，此二...",加重誹謗,,https://judgment.judicial.gov.tw/FJUD/data.aspx?ty=JD&id=TPHM%2c90%2c%e4%b8%8a%e6%98%93%2c1%2c20001127%2c1&ot=in
臺灣臺北地方法院 89 年度 自 字第 670 號刑事判決,89.11.27,妨害名譽等,,,,,,未明確提取,,公然侮辱,,https://judgment.judicial.gov.tw/FJUD/data.aspx?ty=JD&id=TPDM%2c89%2c%e8%87%aa%2c670%2c20001127&ot=in
臺灣臺北地方法院 89 年度 自 字第 670 號刑事判決,89.11.27,妨害名譽等,,,,,,未明確提取,,公然侮辱,,https://judgment.judicial.gov.tw/FJUD/data.aspx?ty=JD&id=TPDM%2c89%2c%e8%87%aa%2c670%2c20001127%2c1&ot=in
臺灣高等法院 高雄分院 89 年度 上易 字第 2199 號刑事判決,89.11.24,妨害名譽,,,,,,"新港都傳奇 | 文城傳奇故事 | 新港都傳奇 | 文城傳奇
    故事 | 新港都傳奇 | 文城傳奇故事 | 新港都傳奇 | 文城傳奇故事 | 新港都傳奇 | 文城傳奇故事 | 新港都傳奇 | 文城傳奇故事 | 新港都傳奇 | 文城
        傳奇故事","應依證據認定之，無證據不得推定其犯罪事實；又不能證明被告犯罪
    ，應諭知無罪之判決，刑事訴訟法第一百五十四條及第三百零一條分別定有明文
    。又刑法第三百十條第一項之誹謗罪，係以意圖散布於眾，而指摘或傳述足以毀
    損他人名譽之事為成立要件，是行為人必須基於散布於眾之意圖且有誹謗之故意
    ，始足當之；復所誹謗之人，須為特定之人或可得特定之人；且行為人所指摘或
    傳述之事實，必須具有足以損害他人名譽之具體事件內容，始有誹謗行為可言，
    如係針對抽象之事實，表示其個人之價值判斷，而提供其主觀之意見與評論，縱
    其批評內容足令被批評者感到不快或影響其名譽，則仍非...",加重誹謗,,https://judgment.judicial.gov.tw/FJUD/data.aspx?ty=JD&id=KSHM%2c89%2c%e4%b8%8a%e6%98%93%2c2199%2c20001124%2c1&ot=in
臺灣臺南地方法院 89 年度 易 字第 1640 號刑事裁定,89.11.24,妨害名譽,,,,,,未明確提取,,,,https://judgment.judicial.gov.tw/FJUD/data.aspx?ty=JD&id=TNDM%2c89%2c%e6%98%93%2c1640%2c20001124&ot=in
臺灣彰化地方法院 89 年度 易 字第 1191 號刑事判決,89.11.24,妨害名譽,,,,,,未明確提取,,本件公訴不受理。,,https://judgment.judicial.gov.tw/FJUD/data.aspx?ty=JD&id=CHDM%2c89%2c%e6%98%93%2c1191%2c20001124&ot=in
臺灣屏東地方法院 89 年度 易 字第 1443 號刑事判決,89.11.24,妨害名譽,,,,,,未明確提取,,無罪,,https://judgment.judicial.gov.tw/FJUD/data.aspx?ty=JD&id=PTDM%2c89%2c%e6%98%93%2c1443%2c20001124&ot=in
臺灣高雄地方法院 89 年度 自 字第 247 號刑事判決,89.11.24,妨害名譽,,,,,,未明確提取,,無罪,,https://judgment.judicial.gov.tw/FJUD/data.aspx?ty=JD&id=KSDM%2c89%2c%e8%87%aa%2c247%2c20001124&ot=in
臺灣高等法院 高雄分院 89 年度 附民上 字第 68 號刑事裁定,89.11.22,妨害名譽,,,,,,未明確提取,,,,https://judgment.judicial.gov.tw/FJUD/data.aspx?ty=JD&id=KSHM%2c89%2c%e9%99%84%e6%b0%91%e4%b8%8a%2c68%2c20001122&ot=in
臺灣高等法院 高雄分院 89 年度 附民 字第 214 號刑事裁定,89.11.22,妨害名譽等,,,,,,未明確提取,,,,https://judgment.judicial.gov.tw/FJUD/data.aspx?ty=JD&id=KSHM%2c89%2c%e9%99%84%e6%b0%91%2c214%2c20001122&ot=in
臺灣高等法院 高雄分院 89 年度 上易 字第 1714 號刑事判決,89.11.22,妨害名譽,,,,,,協正興鐵工廠 | 幹你娘，你娘雞巴,"一、乙○○（教育程度為小學畢業）係甲○○所經營「協正興鐵工廠」（設於高雄市
    ○鎮區○○○路一一之一號）之員工，負責車床之工作已有十九年之久。於民國
    八十九年四月二十八日上午九時三十分許，因甲○○指正乙○○車床工作上之問
    題，乙○○竟心生不滿，基於公然侮辱犯意，自前址工廠門口至工廠辦公室之沿
    路上，於李瑞郎、吳鎂鍠等其他多數員工得共見共聞之情況下，以足以貶低人格
    尊嚴之「幹你娘，你娘雞巴」（台語發音）等詞語大聲辱罵甲○○多次，致甲○
    ○深覺尊嚴受辱。
二、案經被害人甲○○向臺灣高雄地方法院提起自訴。",公然侮辱,,https://judgment.judicial.gov.tw/FJUD/data.aspx?ty=JD&id=KSHM%2c89%2c%e4%b8%8a%e6%98%93%2c1714%2c20001122&ot=in
臺灣雲林地方法院 89 年度 易 字第 671 號刑事裁定,89.11.22,妨害名譽,,,,,,未明確提取,,,,https://judgment.judicial.gov.tw/FJUD/data.aspx?ty=JD&id=ULDM%2c89%2c%e6%98%93%2c671%2c20001122&ot=in
臺灣臺南地方法院 89 年度 易 字第 2321 號刑事判決,89.11.22,妨害名譽,,,,,,未明確提取,"一、甲○○（於民國八十五年間因犯重傷害罪，經本院判處有期徒刑三年二月確定，
    甫於八十九年四月三日執行完畢）與其妻丙○○感情不睦，經丙○○向本院民事
    庭提起離婚之訴。甲○○於民國八十九年五月十九日在本院第一法庭公開審理時
    ，意圖散布於眾，在法庭公然指摘不實之事項稱：丙○○於伊在監服刑期間與其
    他男子姘居，丙○○所居住之台南市○○街○○○巷○○號房屋發生瓦斯爆炸意
    外，係林女與情夫發生感情糾紛而引火自殺等語，足以毀損丙○○之名譽。
二、案經丙○○訴由台灣台南地方法院檢察署檢察官偵查起訴。",誹謗,,https://judgment.judicial.gov.tw/FJUD/data.aspx?ty=JD&id=TNDM%2c89%2c%e6%98%93%2c2321%2c20001122&ot=in
臺灣宜蘭地方法院 90 年度 簡上 字第 3 號刑事判決,89.11.22,妨害名譽,,,,,,未明確提取,"一、甲○○於民國八十六年一月間，擔任宜蘭縣礁溪鄉協天廟建五朝福醮委員會副主
    任委員，乙○○擔任監察組長。該福醮圓滿結束後，甲○○明知其以斯時擔任副
    主任委員之身分，針對該次五朝福醮拜桌事宜所為之言論，必當就該廟各部門承
    辦人員之名譽、信徒之向心力產生舉足輕重之影響，進而導致該廟整體運作、推
    行之順暢性，故本應負有對其發表言論之正確性先詳經調查，不得僅憑己意率然
    論斷之義務。惟其仍於八十八年七月十三日十五時許，當協天廟在位於宜蘭縣○
    ○鄉○○路○段○○○號招待所會議室召開協天廟管理委員、監察委員及常務信
    徒代表聯席會議時，基於散佈於眾之意圖...",誹謗,,https://judgment.judicial.gov.tw/FJUD/data.aspx?ty=JD&id=ILDM%2c90%2c%e7%b0%a1%e4%b8%8a%2c3%2c20001122%2c1&ot=in
臺灣高等法院 89 年度 上易 字第 4754 號刑事判決,89.11.21,妨害名譽等,,,,,,"甲○○、甯鏈章、丁○○、鄭秀蘭你們四
    人，不斷以造謠、誣蔑、欺騙、壓迫的低級手段，強行收款，進行所謂重大修繕
    工程，很惡劣，你們麻煩可大了！ | 甲○○及部分不肖委員：你們一再假公濟私，私下命令守衛
    人員開啟住戶私人信箱，放置誣蔑、漫罵本人的不肖文件，你們以為這一棟大樓
    是你們的私產，可為所欲為？你們真的很齷齪，也很可惡！．．．丁○○你不要
    忘記十二月十七日檢查官告訴你的話：做偽證要判一年以上七年以下徒刑，你的
    退休金也泡湯了，你敢做嗎？本人一定追訴到底。還有，那一句寗××親口告訴
    本人的惡毒傳言，到底出自誰口，你們心裡有數，不要再到處含血噴人了，有必
    要本人會推你們到法院解釋！（再澄清一次）你們這些小人，真的是小人！","一、丙○○與自訴人均係位於台北縣新店市○○路○○○號崇光大廈之住戶，自訴人
    自八十七年九月二十日起擔任崇光大廈管理委員會第一屆管理委員，崇光大廈於
    八十七年、八十八年間進行金額龐大之中庭及地下室結構補強防漏重大修繕工程
    ，雙方因工程決策及分擔款收取之事宜而早有閒隙，詎丙○○竟意圖散布於眾，
    並基於概括之犯意，而先於八十八年一月一日，在崇光大廈全社區住戶信箱間前
    牆壁及Ａ棟之佈告欄張貼大字報記載「甲○○、甯鏈章、丁○○、鄭秀蘭你們四
    人，不斷以造謠、誣蔑、欺騙、壓迫的低級手段，強行收款，進行所謂重大修繕
    工程，很惡劣，你們麻煩可大了！」等內...",加重誹謗,,https://judgment.judicial.gov.tw/FJUD/data.aspx?ty=JD&id=TPHM%2c89%2c%e4%b8%8a%e6%98%93%2c4754%2c20001121%2c1&ot=in
臺灣臺中地方法院 89 年度 自 字第 719 號刑事判決,89.11.21,妨害名譽,,,,,,未明確提取,,無罪,,https://judgment.judicial.gov.tw/FJUD/data.aspx?ty=JD&id=TCDM%2c89%2c%e8%87%aa%2c719%2c20001121&ot=in
臺灣高雄地方法院 89 年度 自 字第 447 號刑事裁定,89.11.20,妨害名譽,,,,,,未明確提取,,"原判決之原本及其正本據上論斷欄內關於「應依刑事訴訟法第三百零一條第一項，判
決如主文」均更正為「應依刑事訴訟法第三百四十三條、第三百零一條第一項，判決
如主文」。",,https://judgment.judicial.gov.tw/FJUD/data.aspx?ty=JD&id=KSDM%2c89%2c%e8%87%aa%2c447%2c20001120&ot=in
臺灣新竹地方法院 89 年度 簡上 字第 6 號刑事判決,89.11.20,妨害名譽,,,,,,未明確提取,"一、乙○○（原名洪素幸）與丙○○本為男女朋友，嗣經分手後，乙○○仍心有不甘
    且認丙○○在外散播對其不利之言論，乃基於意圖散播於眾之概括犯意，於民國
    八十七年十月間，先以信函傳述其與丙○○間感情糾葛事件，並指摘丙○○對其
    感情不忠，始亂終棄之內容，轉寄丙○○之同事吳美芳；同時又以信函再傳述不
    實之丙○○及其女友（未據告訴）之性行為內容，復又指摘丙○○對其始亂終棄
    等語，轉寄予丙○○之同事丁○○。再於同年十月間起至八十八年一月止，連續
    二次在中國時報及一次在聯合報上，指摘、傳述丙○○對於男女感情始亂終棄，
    並在外有不名譽及毀謗乙○○名譽行為等...","原判決撤銷。
乙○○連續散播文字，傳述、指摘足以毀損他人名譽之事，處拘役肆拾日，如易科罰
金以參佰元折算壹日，緩刑貳年。",,https://judgment.judicial.gov.tw/FJUD/data.aspx?ty=JD&id=SCDM%2c89%2c%e7%b0%a1%e4%b8%8a%2c6%2c20001120&ot=in
臺灣高雄地方法院 89 年度 自 字第 478 號刑事判決,89.11.17,妨害名譽,,,,,,未明確提取,,本件自訴不受理。,,https://judgment.judicial.gov.tw/FJUD/data.aspx?ty=JD&id=KSDM%2c89%2c%e8%87%aa%2c478%2c20001117&ot=in
臺灣高等法院 臺南分院 89 年度 附民 字第 347 號刑事裁定,89.11.16,妨害名譽,,,,,,未明確提取,,,,https://judgment.judicial.gov.tw/FJUD/data.aspx?ty=JD&id=TNHM%2c89%2c%e9%99%84%e6%b0%91%2c347%2c20001116&ot=in
臺灣高等法院 臺南分院 89 年度 附民 字第 344 號刑事裁定,89.11.16,妨害名譽,,,,,,未明確提取,,,,https://judgment.judicial.gov.tw/FJUD/data.aspx?ty=JD&id=TNHM%2c89%2c%e9%99%84%e6%b0%91%2c344%2c20001116&ot=in
臺灣高等法院 89 年度 上易 字第 3579 號刑事判決,89.11.16,妨害名譽,,,,,,未明確提取,及,誹謗,,https://judgment.judicial.gov.tw/FJUD/data.aspx?ty=JD&id=TPHM%2c89%2c%e4%b8%8a%e6%98%93%2c3579%2c20001116&ot=in
臺灣屏東地方法院 89 年度 易 字第 1188 號刑事判決,89.11.16,妨害名譽,,,,,,未明確提取,,公然侮辱,,https://judgment.judicial.gov.tw/FJUD/data.aspx?ty=JD&id=PTDM%2c89%2c%e6%98%93%2c1188%2c20001116&ot=in
臺灣高等法院 89 年度 上易 字第 4670 號刑事判決,89.11.15,妨害名譽,,,,,,未明確提取,,誹謗,,https://judgment.judicial.gov.tw/FJUD/data.aspx?ty=JD&id=TPHM%2c89%2c%e4%b8%8a%e6%98%93%2c4670%2c20001115%2c1&ot=in
臺灣高等法院 89 年度 上易 字第 4670 號刑事判決,89.11.15,妨害名譽,,,,,,未明確提取,、證據及,公然侮辱,,https://judgment.judicial.gov.tw/FJUD/data.aspx?ty=JD&id=TPHM%2c89%2c%e4%b8%8a%e6%98%93%2c4670%2c20001115%2c2&ot=in
臺灣高等法院 高雄分院 89 年度 上易 字第 2178 號刑事判決,89.11.15,妨害名譽,,,,,,未明確提取,"相符者之保障，並藉以限定刑罰權之範圍，非謂指摘或傳述誹謗
    事項之行為人，必須自行証明其言論內容確屬真實，始能免於刑責。惟行為人雖
    不能証明言論內容為真實，但依其所提証據資料，認為行為人有相當",誹謗,,https://judgment.judicial.gov.tw/FJUD/data.aspx?ty=JD&id=KSHM%2c89%2c%e4%b8%8a%e6%98%93%2c2178%2c20001115%2c1&ot=in
臺灣高雄地方法院 88 年度 自 字第 462 號刑事判決,89.11.15,妨害名譽,,,,,,未明確提取,"相符者之保障，並籍以限定刑罰權
    之範圍，非謂指摘或傳述誹謗事項之行為人，必須自行証明其言論內容確屬真實
    ，始能免於刑責。惟行為人雖不能証明言論內容為真實，但依其所提証據資料，
    認為行為人有相當",無罪,,https://judgment.judicial.gov.tw/FJUD/data.aspx?ty=JD&id=KSDM%2c88%2c%e8%87%aa%2c462%2c20001115&ot=in
臺灣高等法院 高雄分院 89 年度 上易 字第 1593 號刑事判決,89.11.14,妨害名譽,,,,,,未明確提取,及,"上訴駁回。
乙○○緩刑貳年。",,https://judgment.judicial.gov.tw/FJUD/data.aspx?ty=JD&id=KSHM%2c89%2c%e4%b8%8a%e6%98%93%2c1593%2c20001114&ot=in
臺灣桃園地方法院 89 年度 自 字第 163 號刑事判決,89.11.14,妨害名譽,,,,,,未明確提取,,無罪,,https://judgment.judicial.gov.tw/FJUD/data.aspx?ty=JD&id=TYDM%2c89%2c%e8%87%aa%2c163%2c20001114&ot=in
臺灣高等法院 89 年度 上易 字第 4767 號刑事判決,89.11.13,妨害名譽,,,,,,三八婆,"一、丁○○與甲○○○二人均係桃園縣中壢市之市民代表，丁○○於民國八十九年一
    月二十六日下午，在中壢市公所五樓之市長秘書室內，因委請秘書室內之打字小
    姐戊○○以電腦為其繕打資料，適為甲○○○發覺，並欲上前觀看電腦資料，遭
    丁○○所拒，甲○○○仍執意查看電腦資料，雙方因而發生爭吵，丁○○竟基於
    侮辱之故意，於當日下午四時二十分許，在上開公眾得出入之市長秘書室內，出
    言以「三八婆」一語謾罵甲○○○，公然侮辱甲○○○。
二、案經甲○○○向原審法院提起自訴。",公然侮辱,,https://judgment.judicial.gov.tw/FJUD/data.aspx?ty=JD&id=TPHM%2c89%2c%e4%b8%8a%e6%98%93%2c4767%2c20001113%2c1&ot=in
臺灣高雄地方法院 89 年度 易 字第 2511 號刑事判決,89.11.13,妨害名譽,,,,,,幹你娘 | 垃圾人，幹你娘雞巴,"乙○○與甲○○係鄰居，緣二人因甲○○在其高雄市○○區○○○路○○○號五樓之
一住處開設補習班而於民國（下同）八十六年十二月間起交惡，並有多件案件纏訟無
法排解。嗣乙○○（由其友劉進福陪同在場）於八十九年三月廿六日十八時五十分許
，在上址之五樓電梯門口之公眾得出入場所（該樓有五戶），又公然以「幹你娘」「
垃圾人，幹你娘雞巴」等粗鄙之語辱罵甲○○，使甲○○深感難堪及氣憤。案經甲○
○訴由台灣高雄地方法院檢察署檢察官偵查起訴。",公然侮辱,,https://judgment.judicial.gov.tw/FJUD/data.aspx?ty=JD&id=KSDM%2c89%2c%e6%98%93%2c2511%2c20001113&ot=in
臺灣高等法院 花蓮分院 90 年度 上易 字第 12 號刑事判決,89.11.09,妨害名譽,,,,,,"偵查庭之進行，雖不
  公開為之；但刑法第三百零九條第一項所稱『公然 | 特定
  多數人 | 公然侮辱 | 大流氓 | 小流氓 | 豎仔 | 大流氓 | 小流氓 | 豎仔 | 他們坐的樣子像流氓 | 大流氓 | 小流氓 | 豎
  仔","應依證據認定之，無證據不得推定其犯罪事實，刑事訴訟法第一百零五
  十四條定有明文。本件公訴人認被告涉犯右揭罪名，無非以「偵查庭之進行，雖不
  公開為之；但刑法第三百零九條第一項所稱『公然』，依司法院院字第二○三三號
  解釋意旨，係指不特定人或多數人得以共見共聞之狀態，此多數人，係包括『特定
  多數人』在內。故被告丙○○於檢察官、書記官、法警及告訴人魏沛貽、魏小惠、
  魏惠珍等人面前，以前揭話語侮辱告訴人乙○○及甲○○，顯已符合『公然侮辱』
  之要件」之法律見解，為其論據，訊據被告則堅決否認有於偵查庭內以「大流氓」
  「小流氓」「豎仔」辱駡告訴人等人。
經本院調閱臺灣花蓮地方法院...",公然侮辱,,https://judgment.judicial.gov.tw/FJUD/data.aspx?ty=JD&id=HLHM%2c90%2c%e4%b8%8a%e6%98%93%2c12%2c20001109%2c1&ot=in
臺灣花蓮地方法院 89 年度 易 字第 723 號刑事判決,89.11.09,妨害名譽,,,,,,未明確提取,"，被告之行為核與刑法上公然侮辱罪之要件不合，其行為屬刑事法律不罰之列，
    依法即應為被告無罪判決之諭知。
據上論斷，應依刑事訴訟法第四百五十二條、第三百零一條第一項，判決如主文。
中      華      民      國      八十九     年     十一     月     九    日
                                臺灣花蓮地方法院刑二庭
                                    法  官  陳  欽  賢
右正本證明與原本無異。
如對本判決不服，應於送達後十日內，向本院提出上訴狀。（應抄附繕本）告訴人或
被...",無罪,,https://judgment.judicial.gov.tw/FJUD/data.aspx?ty=JD&id=HLDM%2c89%2c%e6%98%93%2c723%2c20001109&ot=in
臺灣高等法院 89 年度 上易 字第 3459 號刑事判決,89.11.08,妨害名譽,,,,,,偷竊 | 偷竊 | 罪疑利益歸於被告,"應依證據認定之，無證據不得推定其犯罪事實。又不能證明被告犯罪
    者，應諭知無罪之判決，刑事訴訟法第一百五十四條、第三百零一條第一項分別
    定有明文。而告訴人之告訴，本以使被告受刑事訴追為目的，故其陳述是否與事
    實相符，自應調查其他證據，以資審認，最高法院六十九年臺上字第一五三一號
    著有判例，足供參照。又按刑法第三百十條誹謗罪，以意圖散佈於眾，而指摘或
    傳述足以毀損他人名譽之事為構成要件，惟係因自衛、自辯或保護合法之利益而
    以善意發表言論者不罰，刑法第三百十一條第一款亦定有明文；另刑法第三百十
    二條第二項誹謗死者罪之成立，以行為人意圖散布於眾，...",無罪,,https://judgment.judicial.gov.tw/FJUD/data.aspx?ty=JD&id=TPHM%2c89%2c%e4%b8%8a%e6%98%93%2c3459%2c20001108&ot=in
臺灣高等法院 高雄分院 89 年度 上易 字第 1498 號刑事判決,89.11.07,妨害名譽等,,,,,,"圍你娘給人家幹，幹你娘 | 男的都死光光，幹你娘，：：：幹你娘，
    狗生的，幹你祖媽 | 全家都發瘋了，老少皆失去人性了","一、己○○、乙○○○與丙○○、丁○○具有親屬關係且係鄰居，雙方因相鄰土地占
    用及通行問題迭生爭執，於民國八十九年三月九日下午六許，在屏東縣○○鄉○
    ○村○○路○○○巷○○號自宅門前空地，己○○公然對丙○○、丁○○以台語
    辱稱：「圍你娘給人家幹，幹你娘」「男的都死光光，幹你娘，：：：幹你娘，
    狗生的，幹你祖媽」，乙○○○亦另基於公然侮辱之犯意公然對丙○○、丁○○
    以台語辱稱：「全家都發瘋了，老少皆失去人性了」等語。
二、案經自訴人丙○○、丁○○追加自訴。",公然侮辱,,https://judgment.judicial.gov.tw/FJUD/data.aspx?ty=JD&id=KSHM%2c89%2c%e4%b8%8a%e6%98%93%2c1498%2c20001107&ot=in
臺灣高雄地方法院 89 年度 附民 字第 659 號刑事裁定,89.11.07,妨害名譽,,,,,,未明確提取,,,,https://judgment.judicial.gov.tw/FJUD/data.aspx?ty=JD&id=KSDM%2c89%2c%e9%99%84%e6%b0%91%2c659%2c20001107&ot=in
臺灣高雄地方法院 89 年度 易 字第 1807 號刑事判決,89.11.07,妨害名譽,,,,,,"愛民獅子會八十八年六月十一日星期五在公
    司包場消費，獅子會會長於七天前已向潘明泰董事接洽包場，言明買單以現金或
    刷卡支付，但是甲○○董事趁買單時私自擅作主張，收取買單消費金額計一萬三
    千多元（應係指新台幣，以下同），並改為簽帳單處理，經公司查帳發覺，要求
    甲○○董事歸還，但遲遲未處理 | 甲○○來本店消費期間，私自購買酒寄
    存吧枱，做為私人招待之用，此舉藉其董事身份舞弊，影響公司營收，經屢勸而
    置之不理 | 書面聲明","一、己○○與甲○○均係高雄市羅馬假期ＫＴＶ之董事，因己○○與甲○○於羅馬假
    期ＫＴＶ之經營上有所紛爭，己○○竟基於毀損甲○○名譽之犯意，於八十八年
    六月十九日私自以羅馬假期ＫＴＶ董事會名義，製作書面八點聲明，加以散發，
    其中聲明四及聲明五分別載明：㈠「愛民獅子會八十八年六月十一日星期五在公
    司包場消費，獅子會會長於七天前已向潘明泰董事接洽包場，言明買單以現金或
    刷卡支付，但是甲○○董事趁買單時私自擅作主張，收取買單消費金額計一萬三
    千多元（應係指新台幣，以下同），並改為簽帳單處理，經公司查帳發覺，要求
    甲○○董事歸還，但遲遲未處理」。㈡「...",加重誹謗,,https://judgment.judicial.gov.tw/FJUD/data.aspx?ty=JD&id=KSDM%2c89%2c%e6%98%93%2c1807%2c20001107&ot=in
臺灣高雄地方法院 89 年度 自 字第 166 號刑事其他文書,89.11.03,妨害名譽等,,,,,,未明確提取,,,,https://judgment.judicial.gov.tw/FJUD/data.aspx?ty=JD&id=KSDM%2c89%2c%e8%87%aa%2c166%2c20001103&ot=in
臺灣桃園地方法院 89 年度 自 字第 155 號刑事判決,89.11.02,妨害名譽等,,,,,,"對於丙○○先生
    於任職期間，尚欠本公司工時二十四小時，及異常用餐應付費用二千三百八十元
    正，及所做一些偽造貪凟事件，本公司已充分掌握證據，同時將保留對丙○○先
    生之法律追訴權，如果丙○○先生尚不知悔改，繼續無理取鬧，本公司將主動採
    取法律告訴","應依證據認定之，無證據不得推定其犯罪事實；不能證明被告犯罪者
    ，應諭知無罪之判決，刑事訴訟法第一百五十四條、第三百零一條第一項分別定
    有明文。又事實之認定，應憑證據，如不能發現相當證據，或證據不足以證明，
    自不能以推測或擬制之方法，以為裁判基礎；認定不利於被告之事實，該依積極
    證據，苟積極證據不足為不利於被告事實之認定時，即應為有利於被告之認定，
  更不必有何有利之證據，最高法院亦著有四十年台上字第八六號、三十年上字第
    八一六號判例足資參照。
三、本件自訴人以：伊原係受僱於尊爵大飯店並擔任管理部工務中心副理一職，嗣於
    民國八十九年四月十四日經該...",無罪,,https://judgment.judicial.gov.tw/FJUD/data.aspx?ty=JD&id=TYDM%2c89%2c%e8%87%aa%2c155%2c20001102&ot=in
臺灣高等法院 89 年度 上易 字第 3299 號刑事判決,89.11.01,妨害名譽等,,,,,,未明確提取,"應依證據認定之，無證據不得推定其犯罪事實，刑事訴訟法第一百五
    十四條定有明文。又所謂認定犯罪事實之證據，係指足以認定被告確有犯罪行為
    之積極證據而言，如未發現相當證據，或證據不足以證明，自不能以推測或擬制
    之方法，以為裁判基礎；再自訴人之指訴，係以使被告受刑事訴追為目的，是其
    陳述是否與事實相符，仍應調查其他事實以資審認，始得為不利被告之認定。次
    按，言論自由為人民之基本權利，憲法第十一條有明文保障，國家應給予最大限
    度之維護，俾其實現自我、溝通意見、追求真理及監督各種政治或社會活動之功
    能得以發揮。惟為兼顧對個人名譽、隱私及公共利益之保...",誹謗,,https://judgment.judicial.gov.tw/FJUD/data.aspx?ty=JD&id=TPHM%2c89%2c%e4%b8%8a%e6%98%93%2c3299%2c20001101&ot=in
臺灣高等法院 89 年度 附民 字第 456 號刑事判決,89.10.31,妨害名譽,,,,,,未明確提取,"一、原告聲明求為判決被告應賠償原告新台幣伍佰萬元。其事實上之陳述略稱：被告
    書面及幹校法律系校友聚會時，公然誹謗原告，嚴重傷害原告身心，爰求為判決
    如訴之聲明，並援用刑事訴訟之證據。
二、被告未提出書狀，亦未作何陳述，惟依其在刑事訴訟之陳述，不承認有何侵權行
    為。",原告之訴駁回。,,https://judgment.judicial.gov.tw/FJUD/data.aspx?ty=JD&id=TPHM%2c89%2c%e9%99%84%e6%b0%91%2c456%2c20001031&ot=in
臺灣高等法院 89 年度 上易 字第 3187 號刑事判決,89.10.31,妨害名譽,,,,,,未明確提取,"應依證據認定之，無證據不得推定其犯罪事實，刑事訴訟法第一百五
    十四條定有明文。又所謂認定犯罪事實之證據，係指足以認定被告確有犯罪行為
    之積極證據而言，如未發現相當證據，或證據不足以證明，自不能以推測或擬制
    之方法，以為裁判基礎；再自訴人之指訴，係以使被告受刑事訴追為目的，是其
    陳述是否與事實相符，仍應調查其他事實以資審認，始得為不利被告之認定。次
    按，言論自由為人民之基本權利，憲法第十一條有明文保障，國家應給予最大限
    度之維護，俾其實現自我、溝通意見、追求真理及監督各種政治或社會活動之功
    能得以發揮。惟為兼顧對個人名譽、隱私及公共利益之保...",加重誹謗,,https://judgment.judicial.gov.tw/FJUD/data.aspx?ty=JD&id=TPHM%2c89%2c%e4%b8%8a%e6%98%93%2c3187%2c20001031&ot=in
臺灣臺南地方法院 89 年度 易 字第 2677 號刑事判決,89.10.31,妨害名譽,,,,,,未明確提取,,本件公訴不受理。,,https://judgment.judicial.gov.tw/FJUD/data.aspx?ty=JD&id=TNDM%2c89%2c%e6%98%93%2c2677%2c20001031&ot=in
臺灣高雄地方法院 89 年度 易 字第 4444 號刑事判決,89.10.31,妨害名譽,,,,,,未明確提取,"一、甲○○於民國八十九年八月十二日下午一時二十六分許，在高雄市○○區○○○
    路○○○號大立百貨股份有限公司大門前此公開之場合，擔任計程車排班司機時
    ，見其妻之妹乙○○路經上址，憶起乙○○先前曾介入其與其妻間之糾紛，頓生
    不滿，竟基於公然侮辱之犯意，以徒手拍打乙○○臉部一次（未成傷）之方式，
    公然侮辱乙○○，致乙○○備受侮辱。
二、案經乙○○訴由高雄市政府警察局新興分局報請臺灣高雄地方法院檢察署檢察官
    偵查起訴。",公然侮辱,,https://judgment.judicial.gov.tw/FJUD/data.aspx?ty=JD&id=KSDM%2c89%2c%e6%98%93%2c4444%2c20001031&ot=in
臺灣臺中地方法院 89 年度 自 字第 363 號刑事判決,89.10.31,妨害名譽,,,,,,未明確提取,,加重誹謗,,https://judgment.judicial.gov.tw/FJUD/data.aspx?ty=JD&id=TCDM%2c89%2c%e8%87%aa%2c363%2c20001031&ot=in
臺灣高等法院 89 年度 上易 字第 4700 號刑事判決,89.10.30,妨害名譽,,,,,,未明確提取,及,公然侮辱,,https://judgment.judicial.gov.tw/FJUD/data.aspx?ty=JD&id=TPHM%2c89%2c%e4%b8%8a%e6%98%93%2c4700%2c20001030%2c1&ot=in
臺灣雲林地方法院 89 年度 易 字第 774 號刑事判決,89.10.30,妨害名譽,,,,,,未明確提取,,本件公訴不受理。,,https://judgment.judicial.gov.tw/FJUD/data.aspx?ty=JD&id=ULDM%2c89%2c%e6%98%93%2c774%2c20001030&ot=in
臺灣新北地方法院 89 年度 易 字第 3407 號刑事判決,89.10.30,妨害名譽,,,,,,未明確提取,"一、乙○○與甲○○為國泰人壽股份有限公司（以下簡稱國泰公司）同事，於民國（
    下同）八十八年七月三十一日上午九時許，在台北縣樹林市○○街○○○號，國
    泰公司辦公室，公眾得出入之場所，因甲○○質問乙○○，為何未經其同意，擅
    自打開其辦公桌抽屜翻閱文件，二人遂發生口角，乙○○竟基於侮辱甲○○之犯
    意，在該辦公室內，以手持茶杯中之熱開水直接潑灑於甲○○身上之強暴方式，
    致甲○○全身遭水淋濕，狼狽不堪，顏面盡失，公然侮辱甲○○。
二、案經甲○○訴請臺灣板橋地方法院檢察署檢察官偵查起訴。",公然侮辱,,https://judgment.judicial.gov.tw/FJUD/data.aspx?ty=JD&id=PCDM%2c89%2c%e6%98%93%2c3407%2c20001030&ot=in
臺灣高等法院 89 年度 上易 字第 4579 號刑事判決,89.10.27,妨害名譽,,,,,,未明確提取,"之全部，均為告訴乃論之罪
    ，一被害人之告訴，並不足以拘束他被害人。另外，檢察官就實質上或裁判上一
    罪之犯罪事實起訴，起訴部分如為無罪，縱未起訴部分為有罪，其起訴效力，並
    不及於未起訴之部分。本件公訴人起訴被告二人涉犯誹謗罪時，係依告訴人丁○
    ○之告訴偵辦，此有起訴書足憑乙○○並非告訴人。而公訴人起訴部分，既經原
    審判決無罪，則乙○○就本案請求檢察官上訴，自有未合。
    綜上，本件上訴核無",誹謗,,https://judgment.judicial.gov.tw/FJUD/data.aspx?ty=JD&id=TPHM%2c89%2c%e4%b8%8a%e6%98%93%2c4579%2c20001027%2c1&ot=in
臺灣高等法院 89 年度 上易 字第 4469 號刑事判決,89.10.27,妨害名譽等,,,,,,未明確提取,,上訴駁回。,,https://judgment.judicial.gov.tw/FJUD/data.aspx?ty=JD&id=TPHM%2c89%2c%e4%b8%8a%e6%98%93%2c4469%2c20001027%2c1&ot=in
臺灣高等法院 高雄分院 90 年度 上易 字第 55 號刑事判決,89.10.27,妨害名譽,,,,,,"擊壤之歌 | 擊
    壤之歌 | 擊壤之歌 | 擊壤之歌 | 文成 | 擊壤之歌 | 擊壤之歌 | 上景─『上好遠景 | 文成 | 文成 | 上景升大學 | 上景 | 搞不成補習班問題面面觀 | 人民有言論、講學、著作及出版之自由 | 擊壤之歌 | 搞不成補習班問題面面觀 | 擊壤之歌","應依證據認定之，無證據不得推定其犯罪事實；又不能證明被告犯罪
    ，應諭知無罪之判決。刑事訴訟法第一百五十四條及第三百零一條分別定有明文
    。所謂認定犯罪事實之證據，係指足以認定被告確有犯罪行為之積極證據而言，
    如未發現相當證據，或證據不足以證明，自不能以推測或擬制之方法，以為裁判
    基礎；再自訴人之指訴，係以使被告受刑事訴追為目的，是其陳述是否與事實相
    符，仍應調查其他事實以資審認，始得為不利被告之認定。次按，刑法第三百十
    條誹謗罪之成立，需行為人意圖散布於眾，而指摘或傳述足以毀損他人名譽之事
    ，且所誹謗之人，需為特定之人或可得特定之人，至於行...",加重誹謗,,https://judgment.judicial.gov.tw/FJUD/data.aspx?ty=JD&id=KSHM%2c90%2c%e4%b8%8a%e6%98%93%2c55%2c20001027%2c1&ot=in
臺灣臺北地方法院 89 年度 附民 字第 460 號刑事裁定,89.10.27,因妨害名譽案附帶民訴,,,,,,未明確提取,,,,https://judgment.judicial.gov.tw/FJUD/data.aspx?ty=JD&id=TPDM%2c89%2c%e9%99%84%e6%b0%91%2c460%2c20001027&ot=in
臺灣臺北地方法院 89 年度 附民 字第 460 號刑事裁定,89.10.27,因妨害名譽案附帶民訴,,,,,,未明確提取,,,,https://judgment.judicial.gov.tw/FJUD/data.aspx?ty=JD&id=TPDM%2c89%2c%e9%99%84%e6%b0%91%2c460%2c20001027%2c1&ot=in
臺灣臺北地方法院 89 年度 附民 字第 418 號刑事判決,89.10.27,因妨害名譽案附帶民訴等,,,,,,未明確提取,"一、原告訴之聲明及陳述均詳如附件。
二、被告聲明及陳述：請求駁回原告之訴及假執行之聲請。被告並未公然侮辱原告，
    且係因原告抱住被告之女，其係為排除侵害始為。",原告之訴及假執行之聲請均駁回。,,https://judgment.judicial.gov.tw/FJUD/data.aspx?ty=JD&id=TPDM%2c89%2c%e9%99%84%e6%b0%91%2c418%2c20001027%2c1&ot=in
臺灣臺北地方法院 89 年度 附民 字第 418 號刑事判決,89.10.27,因妨害名譽案附帶民訴等,,,,,,未明確提取,"一、原告訴之聲明及陳述均詳如附件。
二、被告聲明及陳述：請求駁回原告之訴及假執行之聲請。被告並未公然侮辱原告，
    且係因原告抱住被告之女，其係為排除侵害始為。",原告之訴及假執行之聲請均駁回。,,https://judgment.judicial.gov.tw/FJUD/data.aspx?ty=JD&id=TPDM%2c89%2c%e9%99%84%e6%b0%91%2c418%2c20001027&ot=in
臺灣臺北地方法院 89 年度 自 字第 440 號刑事判決,89.10.27,妨害名譽等,,,,,,未明確提取,,公然侮辱,,https://judgment.judicial.gov.tw/FJUD/data.aspx?ty=JD&id=TPDM%2c89%2c%e8%87%aa%2c440%2c20001027&ot=in
臺灣高雄地方法院 89 年度 自 字第 447 號刑事判決,89.10.27,妨害名譽,,,,,,未明確提取,,無罪,,https://judgment.judicial.gov.tw/FJUD/data.aspx?ty=JD&id=KSDM%2c89%2c%e8%87%aa%2c447%2c20001027&ot=in
臺灣高等法院 89 年度 上易 字第 4499 號刑事判決,89.10.26,妨害名譽,,,,,,：：今管委會中罪大惡極之人已移送法院：：,"一、戊○○、丁○○父子與丙○○、己○○、甲○○同係臺北縣中和市○○路凱悅廣
    場社區之住戶，丙○○、己○○、甲○○均係該社區管理委員會之委員，與戊○
    ○、丁○○就社區之事務處理意見不同，戊○○、丁○○竟基於共同犯意之聯絡
    ，於民國（下同）八十七年十月二十五日，由丁○○製作由戊○○、丁○○共同
    具名，上載「：：今管委會中罪大惡極之人已移送法院：：」等文字之會議發言
    條一件，並於當日晚間，在該社區迎賓廳召開住戶大會由戊○○發言後，將前開
    發言條放置於會議記錄者（即總幹事顏茂雄）旁，由紀錄者登載於會議記錄上，
    並任由給在場之不特定住戶取去接續瀏覽...",誹謗,,https://judgment.judicial.gov.tw/FJUD/data.aspx?ty=JD&id=TPHM%2c89%2c%e4%b8%8a%e6%98%93%2c4499%2c20001026%2c1&ot=in
臺灣新北地方法院 89 年度 易 字第 2626 號刑事判決,89.10.26,妨害名譽,,,,,,"：：今管委會中
    罪大惡極之人已移送法院：：","一、戊○○、丁○○父子與丙○○、己○○、甲○○同係臺北縣中和市○○路凱悅廣
    場社區之住戶，丙○○、己○○、甲○○均係該社區管理委員會之委員，與戊○
    ○、丁○○就社區之事務處理意見不同，戊○○、丁○○竟基於共同犯意之聯絡
    ，於民國（下同）八十七年十月二十五日，在該社區Ｂ棟即臺北縣中和市○○路
    七五七、七五九號，以傳單散佈由戊○○、丁○○具名，上載「：：今管委會中
    罪大惡極之人已移送法院：：」等文字之會議發言條，並於當日晚間，在該社區
    迎賓廳召開住戶大會由戊○○發言後，將前開發言條交予會議記錄者，登載於會
    議記錄上，指摘足以毀損丙○○、己○○...",誹謗,,https://judgment.judicial.gov.tw/FJUD/data.aspx?ty=JD&id=PCDM%2c89%2c%e6%98%93%2c2626%2c20001026&ot=in
臺灣高等法院 89 年度 重附民 字第 127 號刑事判決,89.10.24,妨害名譽,,,,,,未明確提取,"甲、原告方面：
一、聲明：求為判決：（一）被告應給付原告新臺幣五億元，及自起訴狀繕本送達之
    翌日起至清償日止，按年息百分之五計算之利息；（二）訴訟費用由被告負擔；
    （三）被告應於四大報刊載；（四）原告願供擔保，請准宣告假執行。
二、陳述：被告非法拘提原告，致原告之精神痛苦異常。原告願將全部賠償金捐助慈
    善機構。
乙、被告方面：被告未提出書狀，亦未作何陳述。",原告之訴及假執行之聲請均駁回。,,https://judgment.judicial.gov.tw/FJUD/data.aspx?ty=JD&id=TPHM%2c89%2c%e9%87%8d%e9%99%84%e6%b0%91%2c127%2c20001024&ot=in
臺灣臺北地方法院 89 年度 自 字第 627 號刑事裁定,89.10.24,妨害名譽等,,,,,,未明確提取,,,,https://judgment.judicial.gov.tw/FJUD/data.aspx?ty=JD&id=TPDM%2c89%2c%e8%87%aa%2c627%2c20001024&ot=in
臺灣臺北地方法院 89 年度 自 字第 627 號刑事裁定,89.10.24,妨害名譽等,,,,,,未明確提取,,,,https://judgment.judicial.gov.tw/FJUD/data.aspx?ty=JD&id=TPDM%2c89%2c%e8%87%aa%2c627%2c20001024%2c4&ot=in
臺灣臺中地方法院 89 年度 自 字第 296 號刑事判決,89.10.23,妨害名譽,,,,,,未明確提取,,無罪,,https://judgment.judicial.gov.tw/FJUD/data.aspx?ty=JD&id=TCDM%2c89%2c%e8%87%aa%2c296%2c20001023&ot=in
臺灣高等法院 90 年度 上易 字第 63 號刑事判決,89.10.20,妨害名譽,,,,,,未明確提取,"應依證據認定之，無證據不得推定其犯罪事實。又不能證明被告犯罪
    者，應諭知無罪之判決。刑事訴訟法第一百五十四條、第三百零一條第一項分別
    定有明文。次按，刑事訴訟法所謂認定事實之證據，係指足以認定被告確有犯罪
    行為之積極證據而言，該項證據自須適合於被告犯罪事實之認定，始得採為斷罪
    資料，如未能發現相當證據，或證據不足以證明，自不能以推測或擬制之方法，
    為裁判基礎。又告訴人之告訴，係以使被告受刑事訴追為目的，是其陳述是否與
    事實相符，仍應調查其他證據以資審認，最高法院亦著有四十年臺上字第八六號
    、五十二年臺上字第一三００號判例可資參照。再刑法上...",公然侮辱,,https://judgment.judicial.gov.tw/FJUD/data.aspx?ty=JD&id=TPHM%2c90%2c%e4%b8%8a%e6%98%93%2c63%2c20001020%2c1&ot=in
臺灣高等法院 高雄分院 89 年度 上易 字第 1551 號刑事判決,89.10.20,妨害名譽,,,,,,"妳這瘋子 | 不要臉 | 你這個死人 | 你若沒有頭殼壞掉，就沒有可能沒（無）尫（台語意即丈夫） | 每次搬來這
    裏住，就是垃圾，要不然就骯髒鬼 | 頭殼壞掉 | 妳就是頭殼壞掉才沒有尫 | 瘋查某（女人） | 瘋不好（即發瘋不癒） | 破雞歪（指女人生殖器）
    ，要人罵 | 妳為什麼不去死，在路邊為什麼不讓車撞死","一、丙○○居住於高雄縣鳳山市○○路○○○巷一０之四號五樓、乙○○居住於高雄
    縣鳳山市○○路○○○巷一二之四號五樓，即在同一公寓相同樓梯間之對面鄰居
    ，平日對門而居卻無睦鄰之誼，經常惡言相向。八十八年間，雙方屢因丙○○在
    其住家門外安裝監視器，監控樓梯間人員進出之問題發生口角，並因而在樓梯間
    互毆，旋互控傷害罪而芥蒂愈深。丙○○竟基於概括之犯意，先於民國八十八年
    十一月十三日上午十時四十分許，在上開五樓樓梯間之不特定多數人得以出入並
    共見共聞之場所，公然以台語「妳這瘋子」、「不要臉」、「你這個死人」、「
    你若沒有頭殼壞掉，就沒有可能沒（無）...",公然侮辱,,https://judgment.judicial.gov.tw/FJUD/data.aspx?ty=JD&id=KSHM%2c89%2c%e4%b8%8a%e6%98%93%2c1551%2c20001020&ot=in
臺灣臺南地方法院 89 年度 易 字第 1693 號刑事判決,89.10.20,妨害名譽,,,,,,"乙○○已向楊進陽揩油十八萬
    元了，還抗爭什麼？","一、係台南市西區文賢里前里長，乙○○係現任文賢里里長，於民國八十九年
    五月四日上午十時許，乙○○率同里民在台南市政府廣場前，就該里綠園預定地
    其中部分為楊進陽佔用事宜向市政府陳情抗議時，戊○○明知楊進陽前因傷害乙
    ○○案件而賠償新台幣（下同）十八萬元予乙○○而達成和解，該賠償事宜與本
    次抗議事項無關，竟意圖散布於眾，當眾指摘稱「乙○○已向楊進陽揩油十八萬
    元了，還抗爭什麼？」等語，而足以毀損乙○○之名譽。
二、案經乙○○訴請台灣台南地方法院檢察署檢察官偵查起訴。",誹謗,,https://judgment.judicial.gov.tw/FJUD/data.aspx?ty=JD&id=TNDM%2c89%2c%e6%98%93%2c1693%2c20001020&ot=in
臺灣桃園地方法院 88 年度 易 字第 1822 號刑事判決,89.10.19,妨害名譽,,,,,,未明確提取,,本件公訴不受理。,,https://judgment.judicial.gov.tw/FJUD/data.aspx?ty=JD&id=TYDM%2c88%2c%e6%98%93%2c1822%2c20001019&ot=in
臺灣高等法院 高雄分院 89 年度 附民 字第 189 號刑事裁定,89.10.18,妨害名譽,,,,,,未明確提取,,,,https://judgment.judicial.gov.tw/FJUD/data.aspx?ty=JD&id=KSHM%2c89%2c%e9%99%84%e6%b0%91%2c189%2c20001018&ot=in
臺灣高等法院 89 年度 抗 字第 409 號刑事裁定,89.10.18,妨害名譽等,,,,,,未明確提取,,誹謗,,https://judgment.judicial.gov.tw/FJUD/data.aspx?ty=JD&id=TPHM%2c89%2c%e6%8a%97%2c409%2c20001018&ot=in
臺灣高等法院 臺南分院 89 年度 聲再 字第 226 號刑事裁定,89.10.17,妨害名譽,,,,,,未明確提取,,再審之聲請駁回。,,https://judgment.judicial.gov.tw/FJUD/data.aspx?ty=JD&id=TNHM%2c89%2c%e8%81%b2%e5%86%8d%2c226%2c20001017&ot=in
臺灣高等法院 90 年度 上易 字第 470 號刑事判決,89.10.17,妨害名譽,,,,,,三八雞,"一、乙○○與陳麗櫻原為夫妻關係，育有三名子女，現已離異。緣陳麗櫻偕同其堂妹
    甲○○於民國八十八年十月三十日下午七時三十分許，前往乙○○位於臺北市○
    ○區○○○路○○○巷○弄○○號七樓住處欲探望並帶走該三名子女，而與乙○
    ○之母楊林麗霞、胞妹楊淑芬發生口角爭執並互相推擠，嗣甲○○於同年十一月
    一日下午七時許向臺北市政府警察局大同分局民族派出所（以下簡稱民族派出所
    ）提出楊林麗霞、楊淑芬之傷害告訴，經警通知上開關係人前往製作筆錄，乙○
    ○竟於同日下午七時三十分許，基於公然侮辱之犯意，於民族派出所偵訊室內以
    臺語「三八雞」辱罵甲○○。
二、案經...",公然侮辱,,https://judgment.judicial.gov.tw/FJUD/data.aspx?ty=JD&id=TPHM%2c90%2c%e4%b8%8a%e6%98%93%2c470%2c20001017%2c1&ot=in
臺灣高等法院 89 年度 上易 字第 4475 號刑事判決,89.10.17,妨害名譽,,,,,,未明確提取,"，應依證據認定之，無證據不得推定其犯罪事實，刑事訴訟法第一百
    五十四條定有明文。又事實之認定，應憑證據，如未能發現相當證據，或證據不
    足以證明，自不能以推測或擬制之方法，以為裁判基礎，最高法院四十年台上字
    第八六號著有判例。再認定犯罪事實所憑之證據，雖不以直接證據為限，間接證
    據亦包括在內，然而無論直接或間接證據，其為訴訟上之證明須於通常一般人均
    不致有所懷疑，而得確信其為真實之程度，始得據為有罪之認定，倘其證明尚未
    達此一程度，而有合理之懷疑存在時，事實審法院復已就其心證上",公然侮辱,,https://judgment.judicial.gov.tw/FJUD/data.aspx?ty=JD&id=TPHM%2c89%2c%e4%b8%8a%e6%98%93%2c4475%2c20001017%2c1&ot=in
臺灣高雄地方法院 89 年度 易 字第 4145 號刑事判決,89.10.17,妨害名譽,,,,,,未明確提取,,誹謗,,https://judgment.judicial.gov.tw/FJUD/data.aspx?ty=JD&id=KSDM%2c89%2c%e6%98%93%2c4145%2c20001017&ot=in
臺灣臺南地方法院 88 年度 自 字第 454 號刑事判決,89.10.14,妨害名譽,,,,,,"強盜、瘋人 | 甲○○於法庭上作虛偽陳述，且為與案情有重大關係者，意圖矇蔽或欺誘法官
    ，以影響法官心證之用心，恐涉刑法偽造文書罪 | 甲○○不惜以說謊及
    欺瞞法官之方式為之，可謂惡性重大，犯行不輕，凡我司法界人士均應手持六法
    全書聚眾鳴鼓而攻之，其知法犯法，乃律師界害群之馬","一、緣甲○○為台灣高等法院台南分院八十七年度重上字第九一號分割共有物事件上
    訴人之共同訴訟代理人，乙○○為該事件之被上訴人之一，詎乙○○竟基於公然
    侮辱人之犯意，在前開案件在法庭內開庭審理中，於民國（下同）八十八年五月
    十三日行辯論時，公然以台語：「強盜、瘋人」等語侮辱甲○○，使在法庭內執
    行職務之法官、書記官、錄事、庭務員與坐在旁聽席之觀眾得以共見共聞，足以
    減損甲○○之聲譽。又乙○○意圖散佈於眾，於八十八年五月二十七日，偽稱：
    「甲○○於法庭上作虛偽陳述，且為與案情有重大關係者，意圖矇蔽或欺誘法官
    ，以影響法官心證之用心，恐涉刑法偽造...",公然侮辱,,https://judgment.judicial.gov.tw/FJUD/data.aspx?ty=JD&id=TNDM%2c88%2c%e8%87%aa%2c454%2c20001014&ot=in
臺灣高等法院 89 年度 上易 字第 4359 號刑事判決,89.10.13,妨害名譽,,,,,,"香格里拉 | 出賣住戶權益 | 欺騙住戶 | 她出賣住戶權益 | 當住
    戶與宏國因違建水塔（疑與盜水有關？）的事進行訴訟之際，大家莫不唾罵宏國
    的卑劣行徑，並保衛住戶權益，只有乙○○叫住戶代表不要得罪宏國 | 她欺
    騙住戶 | ①八十八年十月住戶大會通知書中，她蓄意以不實言論挑撥住
    戶，企圖誤導大眾，阻撓住戶合法權益，並期望達到打擊異己之目的，當此事送
    調解委員會後，她又連續拒不出席解釋澄清（心虛？），致嚴重污損本社區形象
    ，她根本是胡鬧（調解委員會的委員們都可證明）。②她唯恐其他委員將質疑自
    己的不法行徑，逕以惡劣言行制人，事後又篡改會議紀錄的內容（十一月份會議
    紀錄臨時動議第七項），此舉實欲蓋彌彰，自暴其短，如此更足以證明其虛偽及
    犯罪的本性。","一、甲○○○與乙○○均係臺北縣土城市○○路「香格里拉」公寓大廈之住戶，於民
    國（下同）八十八年十月間，乙○○經該大廈住戶管理委員會委員推舉為主任委
    員後，甲○○○因認其中推舉過程有瑕疵，竟於八十九年一月十日下午一時五十
    六分及五十九分許（起訴書誤載為八十九年一月十一日下午），接續於該大廈公
    眾得出入之第七電梯及第五電梯之公告欄內，意圖散布於眾而張貼內含指摘乙○
    ○「出賣住戶權益」、「欺騙住戶」，其中「她出賣住戶權益」第二點載「當住
    戶與宏國因違建水塔（疑與盜水有關？）的事進行訴訟之際，大家莫不唾罵宏國
    的卑劣行徑，並保衛住戶權益，只有乙○...",誹謗,,https://judgment.judicial.gov.tw/FJUD/data.aspx?ty=JD&id=TPHM%2c89%2c%e4%b8%8a%e6%98%93%2c4359%2c20001013%2c1&ot=in
臺灣新北地方法院 89 年度 易 字第 1919 號刑事判決,89.10.13,妨害名譽,,,,,,"香格里拉 | 任主委之工作，就率先違法亂紀 | 出賣住戶權益 | 委員會幾成了
    合法掩飾非法的工具 | 欺騙住戶","一、緣甲○○○與丁○○均係臺北縣土城市○○路「香格里拉」公寓大廈之住戶，於
    民國（下同）八十八年十月間，丁○○經該大廈住戶代表推舉為管理委員會主任
    委員後，甲○○○因認其中推舉過程有瑕疵，竟於八十九年一月十日下午一時五
    十六分及五十九分許（起訴書誤載為八十九年一月十一日下午），接續於該大廈
    公眾得出入之第七電梯及第五電梯之公告欄內，意圖散布於眾而張貼內含指摘丁
    ○○「任主委之工作，就率先違法亂紀」、「出賣住戶權益」、「委員會幾成了
    合法掩飾非法的工具」、「欺騙住戶」等文字內容之告示，而以散布文字方式，
    指摘足以毀損丁○○名譽之事。嗣經丁○...",誹謗,,https://judgment.judicial.gov.tw/FJUD/data.aspx?ty=JD&id=PCDM%2c89%2c%e6%98%93%2c1919%2c20001013&ot=in
臺灣臺北地方法院 89 年度 自 字第 327 號刑事判決,89.10.13,妨害名譽,,,,,,未明確提取,"一、緣丙○○於民國八十九年一月一日向乙○○承租坐落台北市○○區○○○路○段
    ○○號二樓房屋之一部分作為其個人美容工作室使用，該房屋之其他部分則由乙
    ○○經營美髮業，平日該美髮店之業務則由乙○○交由其弟甲○○及甲○○之妻
    戊○○經營管理，自八十九年一月中旬起，丙○○與甲○○、戊○○等人即常因
    美髮業務與美容工作室之營業時間相異，導致該房屋究應由何人負責管理而生怨
    隙。八十九年一月三十日下午七時三十分許，戊○○對於丙○○使用該房屋之營
    業時間過久而有微詞，竟於甲○○、丙○○、丙○○之客戶丁○○、丙○○之友
    人王國隆及其所僱用之員工陳音儒等多數...",無罪,,https://judgment.judicial.gov.tw/FJUD/data.aspx?ty=JD&id=TPDM%2c89%2c%e8%87%aa%2c327%2c20001013&ot=in
臺灣臺北地方法院 89 年度 自 字第 327 號刑事判決,89.10.13,妨害名譽,,,,,,未明確提取,"一、緣馮德芬於民國八十九年一月一日向張慈蘭承租坐落台北市○○區○○○路○段
    ○○號二樓房屋之一部分作為其個人美容工作室使用，該房屋之其他部分則由張
    慈蘭經營美髮業，平日該美髮店之業務則由張慈蘭交由其弟張展福及張展福之妻
    蔡紋坪經營管理，自八十九年一月中旬起，馮德芬與張展福、蔡紋坪等人即常因
    美髮業務與美容工作室之營業時間相異，導致該房屋究應由何人負責管理而生怨
    隙。八十九年一月三十日下午七時三十分許，蔡紋坪對於馮德芬使用該房屋之營
    業時間過久而有微詞，竟於張展福、馮德芬、馮德芬之客戶董立貞、馮德芬之友
    人王國隆及其所僱用之員工陳音儒等多數...",無罪,,https://judgment.judicial.gov.tw/FJUD/data.aspx?ty=JD&id=TPDM%2c89%2c%e8%87%aa%2c327%2c20001013%2c1&ot=in
臺灣高等法院 89 年度 上易 字第 4182 號刑事判決,89.10.12,妨害名譽等,,,,,,未明確提取,"應依證據認定之，無證據不得推定其犯罪事實。又不能證明被告犯罪
    者，應諭知無罪之判決，刑事訴訟法第一百五十四條、第三百零一條第一項分別
    定有明文。而事實之認定應憑證據，如未能發現相當證據，或證據不足以證明，
    自不能以推測或擬制之方法，為裁判基礎（最高法院四十年臺上字第八六號判例
    參照）。再告訴人之告訴，本以使被告受刑事訴追為目的，故其陳述是否與事實
    相符，自應調查其他證據，以資審認，苟其所為攻擊之詞，尚有瑕疵，則在此瑕
    疵未予究明以前，即不能遽採為斷罪之基礎，此於自訴人亦同（最高法院六十九
    年臺上字第一五三一號判例參照）。另認定犯罪事實，所...",加重誹謗,,https://judgment.judicial.gov.tw/FJUD/data.aspx?ty=JD&id=TPHM%2c89%2c%e4%b8%8a%e6%98%93%2c4182%2c20001012%2c1&ot=in
臺灣高等法院 88 年度 上易 字第 4651 號刑事判決,89.10.12,妨害名譽,,,,,,善意,發表適當之評論，惟在判斷是否為「善意」之評論，應以表意人是否針對公共利益有關之事項發表言論，其動機並非以毀損被評論人之名譽為唯一目的。以本件而言，被告並無以指摘自訴人是否為告密者為例，以證明其不易被激怒之必要，而自訴人是否為告密者，顯涉於自訴人之私德，且又非與公益有關。而被告所指摘者，並非為大眾所知曉之事實而對之發表言論，且其對於所指摘之事實，並未一併陳述其所指摘之依據，使社會大眾無從判斷被告所指摘之事實，使社會大眾無從為公評公斷，顯非適當之評論。審酌被告指摘之內容，並非依善意發表言論，核無刑法第三百十一條所列各款得以免責之情形。微論其未能證明所指摘之事為真實，本院調查結果亦無此事實，即以被告...,無罪,,https://judgment.judicial.gov.tw/FJUD/data.aspx?ty=JD&id=TPHM%2c88%2c%e4%b8%8a%e6%98%93%2c4651%2c20001012%2c1&ot=in
臺灣臺中地方法院 89 年度 自 字第 665 號刑事判決,89.10.12,妨害名譽,,,,,,未明確提取,,無罪,,https://judgment.judicial.gov.tw/FJUD/data.aspx?ty=JD&id=TCDM%2c89%2c%e8%87%aa%2c665%2c20001012&ot=in
臺灣桃園地方法院 89 年度 易 字第 1789 號刑事判決,89.10.12,妨害名譽,,,,,,"精神異常 | 嫁不出去 | 老處女 | 媽媽沒
    有教養 | 要拿狗和伊交配","一、緣乙○○於民國八十五年間，因拆除其新購坐落於桃園縣中壢市○○段五五二地
    號土地上，門牌號碼為桃園縣中壢市○○街○○○號之舊有房屋時，擅自拆除其
    與洪榮明所有坐落於桃園縣中壢市○○段○○○○號土地上，門牌號碼為桃園縣
    中壢市○○街○○○號房屋共有之圍牆，致與洪榮明前開房屋之現使用人甲○○
    ，為圍牆毀損乙節，經常發生爭執，詎乙○○竟基於概括犯意，自八十八年年初
    某日起至八十八年十一月六日止，連續於桃園縣中壢市○○街附近之不特定人得
    以共見共聞之情況下，以「精神異常」、「嫁不出去」、「老處女」、「媽媽沒
    有教養」、「要拿狗和伊交配」等足以貶...",公然侮辱,,https://judgment.judicial.gov.tw/FJUD/data.aspx?ty=JD&id=TYDM%2c89%2c%e6%98%93%2c1789%2c20001012&ot=in
臺灣桃園地方法院 87 年度 易 字第 1886 號刑事判決,89.10.11,妨害名譽,,,,,,未明確提取,,無罪,,https://judgment.judicial.gov.tw/FJUD/data.aspx?ty=JD&id=TYDM%2c87%2c%e6%98%93%2c1886%2c20001011%2c1&ot=in
臺灣高等法院 88 年度 上易 字第 4736 號刑事裁定,89.10.06,妨害名譽等,,,,,,未明確提取,,,,https://judgment.judicial.gov.tw/FJUD/data.aspx?ty=JD&id=TPHM%2c88%2c%e4%b8%8a%e6%98%93%2c4736%2c20001006&ot=in
臺灣臺北地方法院 89 年度 附民 字第 464 號刑事判決,89.10.06,因妨害名譽案附帶民訴,,,,,,未明確提取,"甲、原告方面：
壹、聲明：
一、被告應連帶給付原告新台幣（下同）五十萬元整及自起訴狀繕本送達之翌日（民
    國八十九年十月四日）起至清償日止週年百分之五計算之利息。
二、願供擔保，請准宣告假執行。
貳、陳述：
    如附件所示。
乙、被告方面：
    被告未為任何聲明或陳述。",加重誹謗,,https://judgment.judicial.gov.tw/FJUD/data.aspx?ty=JD&id=TPDM%2c89%2c%e9%99%84%e6%b0%91%2c464%2c20001006%2c1&ot=in
臺灣臺北地方法院 89 年度 附民 字第 464 號刑事判決,89.10.06,因妨害名譽案附帶民訴,,,,,,未明確提取,"甲、原告方面：
壹、聲明：
一、被告應連帶給付原告新台幣（下同）五十萬元整及自起訴狀繕本送達之翌日（民
    國八十九年十月四日）起至清償日止週年百分之五計算之利息。
二、願供擔保，請准宣告假執行。
貳、陳述：
    如附件所示。
乙、被告方面：
    被告未為任何聲明或陳述。",加重誹謗,,https://judgment.judicial.gov.tw/FJUD/data.aspx?ty=JD&id=TPDM%2c89%2c%e9%99%84%e6%b0%91%2c464%2c20001006&ot=in
臺灣嘉義地方法院 89 年度 易 字第 867 號刑事判決,89.10.06,妨害名譽,,,,,,未明確提取,,誹謗,,https://judgment.judicial.gov.tw/FJUD/data.aspx?ty=JD&id=CYDM%2c89%2c%e6%98%93%2c867%2c20001006&ot=in
臺灣臺北地方法院 89 年度 自 字第 558 號刑事判決,89.10.06,妨害名譽,,,,,,"無
    辜之推定 | 合理的懷疑","應依證據認定之，無證據不得推定其犯罪事實，刑事訴訟法第一百五
    十四條定有明文。又所謂認定犯罪事實之證據，係指足以認定被告確有犯罪行為
    之積極證據而言，如未發現相當證據，或證據不足以證明，自不能以推測或擬制
    之方法，以為裁判基礎，最高法院四十年台上字第八六號著有判例可稽。又「無
    辜之推定」乃刑事司法程序上之基本原則，此種原則表現在刑事案件中，只是另
    一種形式表示負擔之法則。易言之，刑事案件之追訴，必須提出證據（舉證負擔
    ），並需說服至無合理懷疑之地步（證明負擔），始能謂被告有罪。又此處所謂
    「合理的懷疑」是指在一切證據經過全部的比較或考慮後...",無罪,,https://judgment.judicial.gov.tw/FJUD/data.aspx?ty=JD&id=TPDM%2c89%2c%e8%87%aa%2c558%2c20001006&ot=in
臺灣臺中地方法院 89 年度 易 字第 2485 號刑事判決,89.10.05,妨害名譽,,,,,,未明確提取,,本件公訴不受理。,,https://judgment.judicial.gov.tw/FJUD/data.aspx?ty=JD&id=TCDM%2c89%2c%e6%98%93%2c2485%2c20001005&ot=in
臺灣高等法院 臺中分院 89 年度 附民 字第 364 號刑事判決,89.10.04,妨害名譽,,,,,,未明確提取,,原告之訴及假執行之聲請均駁回。,,https://judgment.judicial.gov.tw/FJUD/data.aspx?ty=JD&id=TCHM%2c89%2c%e9%99%84%e6%b0%91%2c364%2c20001004&ot=in
臺灣高等法院 89 年度 上易 字第 2910 號刑事判決,89.10.04,妨害名譽,,,,,,養父母像養二條狗一樣,"一、丁○○為乙○○、徐五妹之子，其與乙○○、徐五妹及其他兄弟姊妹早因家產析
    離之事而生有爭執。又因其母徐五妹所有之土地為新竹縣政府徵收，其上之地上
    物補償由丁○○提出異議而發生爭議，遂由徐五妹授權其夫乙○○及證人徐復源
    ，於民國八十八年七月二十一日上午九時三十分許，在新竹縣政府地政科中庭之
    公共場所進行協調。因丁○○執意親自與徐五妹協調，不願與乙○○及徐復源協
    調，乙○○與丁○○乃發生口角，時丁○○即以「養父母像養二條狗一樣」之足
    以貶損乙○○之言語，公然侮辱乙○○。
二、案經乙○○提起自訴。",公然侮辱,,https://judgment.judicial.gov.tw/FJUD/data.aspx?ty=JD&id=TPHM%2c89%2c%e4%b8%8a%e6%98%93%2c2910%2c20001004&ot=in
臺灣基隆地方法院 89 年度 基簡 字第 821 號刑事判決,89.10.04,妨害名譽,,,,,,未明確提取,及,公然侮辱,,https://judgment.judicial.gov.tw/FJUD/data.aspx?ty=JD&id=KLDM%2c89%2c%e5%9f%ba%e7%b0%a1%2c821%2c20001004&ot=in
臺灣雲林地方法院 89 年度 簡上 字第 41 號刑事判決,89.10.04,妨害名譽,,,,,,未明確提取,及,公然侮辱,,https://judgment.judicial.gov.tw/FJUD/data.aspx?ty=JD&id=ULDM%2c89%2c%e7%b0%a1%e4%b8%8a%2c41%2c20001004&ot=in
臺灣基隆地方法院 89 年度 易 字第 445 號刑事判決,89.10.04,妨害名譽等,,,,,,"要不然妳公司就不要上班，否則我絕對去公司鬧，絕對把妳刊登報
    紙，我抓狂什麼事都做得出來，不信妳就試試看好了","一、甲○○與乙○○係夫妻關係，二人於民國八十八年一月一日結婚，婚後雙方感情
    不睦，時因細故爭吵，於同年六月十五日某次吵架乙○○憤而返回娘家居住，甲
    ○○竟基於概括犯意，連續於同年月二十六日二十時四十分許，打電話至乙○○
    娘家恫稱準備用文的武的請乙○○全家，嗣又於同年十一月四日打電話至乙○○
    娘家恫稱：「要不然妳公司就不要上班，否則我絕對去公司鬧，絕對把妳刊登報
    紙，我抓狂什麼事都做得出來，不信妳就試試看好了」，均使乙○○心生畏懼，
致生危害於其安全。
二、案經被害人乙○○訴請台灣基隆地方法院檢察署檢察官偵查起訴。",誹謗,,https://judgment.judicial.gov.tw/FJUD/data.aspx?ty=JD&id=KLDM%2c89%2c%e6%98%93%2c445%2c20001004&ot=in
臺灣高等法院 89 年度 上易 字第 4017 號刑事判決,89.10.03,妨害名譽,,,,,,公然指述,"，惟據告訴人甲○○告訴狀所載：召開大廈管理委員會時，．
      ．．林坤河先生告知告訴人，乙○○到處說告訴人與管理委員會的總幹事任玉
      蘭有不正當之親密關係，親眼看到任玉蘭坐在告訴人大腿上．．．，告訴人隨
      即到被告乙○○面前質問．．．，被告乙○○竟答稱是，告訴人一時衝動乃以
      手拍打其臉部云云（見他字第九六三號卷，第二頁），復於本院明更清楚指稱
      ：．．．八十九年一月十二日林坤河告訴我說，不要任用任玉蘭，因為被告有
    說我與任玉蘭有不正當關係。．．．一月十二日開會時，被告並沒有公然指述
      云云（見本院八十九年十一月十七日訊問筆錄），...",誹謗,,https://judgment.judicial.gov.tw/FJUD/data.aspx?ty=JD&id=TPHM%2c89%2c%e4%b8%8a%e6%98%93%2c4017%2c20001003&ot=in
臺灣高雄地方法院 89 年度 易 字第 3680 號刑事判決,89.10.03,妨害名譽,,,,,,臭女人 | 警察是你客兄、幹你娘、雞巴，‧‧‧，警察是他客兄，他才會叫警察來,"一、甲○○與乙○○係隔壁鄰居，甲○○於民國八十九年六月二十九日十六時許，因
    自以為乙○○將機車放置於其高雄市○鎮區○○路○○巷○弄○○號住處門口，
    而與乙○○發生口角爭執，甲○○竟基於侮辱之犯意，在高雄市○鎮區○○路○
    ○巷○弄○○號住處門前，於多數人得以共見共聞之情形下，開口辱罵乙○○為
    「臭女人」，乙○○乃電請警員前來處理，待警員離去後，甲○○又繼續揚言辱
    罵「警察是你客兄、幹你娘、雞巴，‧‧‧，警察是他客兄，他才會叫警察來」
    等語，致損害乙○○之聲譽。
二、案經乙○○訴由高雄市政府警察局前鎮分局報告台灣高雄地方法院檢察署檢察官
    偵查...",公然侮辱,,https://judgment.judicial.gov.tw/FJUD/data.aspx?ty=JD&id=KSDM%2c89%2c%e6%98%93%2c3680%2c20001003&ot=in
臺灣臺南地方法院 89 年度 易 字第 2295 號刑事判決,89.10.02,妨害名譽,,,,,,未明確提取,"一、乙○○與甲○○係夫妻關係，乙○○因不滿甲○○無故離家未予告知，心生不悅
    ，竟於民國八十九年四月二十七日上午十時許，在不特定人所得聽聞之台南縣○
    ○鎮○○路華宗橋上，意圖散佈於眾，而指稱甲○○在外面與其他男人有不正常
    男女關係（台語：討客兄）等足以毀損甲○○名譽之言語。
二、案經甲○○訴由台南縣警察局學甲分局報請台灣台南地方法院檢察署檢察官偵查
    起訴。",誹謗,,https://judgment.judicial.gov.tw/FJUD/data.aspx?ty=JD&id=TNDM%2c89%2c%e6%98%93%2c2295%2c20001002&ot=in
臺灣臺南地方法院 89 年度 易 字第 2364 號刑事判決,89.09.30,妨害名譽,,,,,,未明確提取,,本件公訴不受理。,,https://judgment.judicial.gov.tw/FJUD/data.aspx?ty=JD&id=TNDM%2c89%2c%e6%98%93%2c2364%2c20000930&ot=in
臺灣臺南地方法院 89 年度 易 字第 1536 號刑事判決,89.09.30,妨害名譽,,,,,,"幹你娘雞巴 | 你沒小可吃 | 你過來
    我這邊找我相幹我都不要","一、乙○○基於概括犯意，自民國（下同）八十八年十月十八日起至同年月十九日止
    ，先後連續在其所有坐落於台南縣○○鄉○○○段五八四之三地號與楊淑銀、呂
    束珍所共有之鄰地五八四之二地號土地交界處，因乙○○緊鄰土地界址挖掘水溝
    ，有致楊淑銀所種植之檳榔樹根部有土壤流失之虞，而與受託看管前開檳榔樹之
    甲○○發生爭執，乙○○竟以台語「幹你娘雞巴」、「你沒小可吃」、「你過來
    我這邊找我相幹我都不要」之言詞當眾公然侮辱居之甲○○。
二、案經被害人甲○○訴由臺灣台南地方法院檢察署檢察官偵查起訴及移送併辦審理
    。",公然侮辱,,https://judgment.judicial.gov.tw/FJUD/data.aspx?ty=JD&id=TNDM%2c89%2c%e6%98%93%2c1536%2c20000930&ot=in
臺灣臺中地方法院 89 年度 自更 字第 36 號刑事裁定,89.09.30,妨害名譽,,,,,,未明確提取,,自訴駁回。,,https://judgment.judicial.gov.tw/FJUD/data.aspx?ty=JD&id=TCDM%2c89%2c%e8%87%aa%e6%9b%b4%2c36%2c20000930&ot=in
臺灣高等法院 臺中分院 89 年度 上易 字第 2609 號刑事裁定,89.09.29,妨害名譽等,,,,,,未明確提取,,,,https://judgment.judicial.gov.tw/FJUD/data.aspx?ty=JD&id=TCHM%2c89%2c%e4%b8%8a%e6%98%93%2c2609%2c20000929%2c1&ot=in
臺灣高等法院 臺中分院 89 年度 上易 字第 2609 號刑事判決,89.09.29,妨害名譽等,,,,,,未明確提取,,上訴駁回。,,https://judgment.judicial.gov.tw/FJUD/data.aspx?ty=JD&id=TCHM%2c89%2c%e4%b8%8a%e6%98%93%2c2609%2c20000929%2c2&ot=in
臺灣高等法院 89 年度 上易 字第 4016 號刑事判決,89.09.29,妨害名譽,,,,,,未明確提取,,公然侮辱,,https://judgment.judicial.gov.tw/FJUD/data.aspx?ty=JD&id=TPHM%2c89%2c%e4%b8%8a%e6%98%93%2c4016%2c20000929&ot=in
臺灣高等法院 高雄分院 89 年度 上易 字第 1893 號刑事判決,89.09.29,妨害名譽,,,,,,未明確提取,,公然侮辱,,https://judgment.judicial.gov.tw/FJUD/data.aspx?ty=JD&id=KSHM%2c89%2c%e4%b8%8a%e6%98%93%2c1893%2c20000929&ot=in
臺灣高等法院 臺中分院 89 年度 上易 字第 237 號刑事判決,89.09.29,妨害名譽,,,,,,"市長特權 | 豬哥搭
    狗令 | 牛頭不對馬嘴 | 市長於議事殿堂公然說髒話 | 公共工程品質 | 代表會要資料要不到，市公所到雇在怕什麼 | 真正的關鍵在政
    府採購法將在五月廿七日實施，因此市長當然急 | 只會讓人家連想到此地無
    銀三百兩這句話 | 特權 | 歪哥 | 平衡報
    導","為正確之認知。又如有關源林路免徵收公共工程受益費之質詢，因該項工程之
    免徵收益費本有其緣由，亦無任何人因此而享有特權，被告等却未予查證屬實，
    在該部分之報導上附加「市長特權」之標題，自足令人誤認身為市長之上訴人享
    有異於大眾之特權，又上訴人於代表會質詢中，未曾有任何髒話，所謂「豬哥搭
    狗令」一語，乃容家俚語，意旨「牛頭不對馬嘴」，因吉元公司以往之報案經驗
    ，常有斷章取義，偏頗牛頭不對馬嘴情事，認由該公司錄影報導並不適當，上訴
    人始以：吉元公司之報導如同豬哥搭狗令云云，予以形容，並表示反對其錄影。
    該句用語雖稍嫌拙陋，但絕非髒話，被告等却故...",加重誹謗,,https://judgment.judicial.gov.tw/FJUD/data.aspx?ty=JD&id=TCHM%2c89%2c%e4%b8%8a%e6%98%93%2c237%2c20000929&ot=in
臺灣新北地方法院 89 年度 附民 字第 389 號刑事裁定,89.09.29,妨害名譽,,,,,,未明確提取,,,,https://judgment.judicial.gov.tw/FJUD/data.aspx?ty=JD&id=PCDM%2c89%2c%e9%99%84%e6%b0%91%2c389%2c20000929&ot=in
臺灣高雄地方法院 89 年度 易 字第 3673 號刑事判決,89.09.29,妨害名譽,,,,,,糟蹋你卵鳥 | 幹你娘雞巴,"一、乙○○與甲○○係鄰居，於民國八十九年六月十三日十二時三十分許，乙○○因
    其弟淩源德停車糾紛，而與甲○○發生爭執，心生不滿，基於公然侮辱之概括犯
    意，在高雄縣○○鄉○○村○○路文明巷五十二號前之公共場所，於公眾得共見
    共聞之情況，連續以台語「糟蹋你卵鳥」、「幹你娘雞巴」等穢語，公然辱罵甲
    ○○三次，致甲○○深覺尊嚴受辱。
二、案經甲○○訴請臺灣高雄地方法院檢察署檢察官偵查起訴。",公然侮辱,,https://judgment.judicial.gov.tw/FJUD/data.aspx?ty=JD&id=KSDM%2c89%2c%e6%98%93%2c3673%2c20000929&ot=in
臺灣新北地方法院 89 年度 易 字第 3307 號刑事判決,89.09.29,妨害名譽,,,,,,幹你娘卡好 | 出去給人家幹,"一、甲○○與丙○○、乙○○均係林姓家族成員，於民國八十九年四月二日，在臺北
    縣中和市○○路○○○巷○○號，其等三人均參加在上址為多數人或不特定多數
    人得出入之場所所進行之林姓家族春季掃墓會議時，甲○○竟基於公然侮辱之犯
    意，在前揭之公眾得出入場所，公然以「幹你娘卡好」、「出去給人家幹」等穢
    語侮辱丙○○、乙○○二人。
二、案經丙○○、乙○○訴由臺灣板橋地方法院檢察署檢察官偵查起訴。",公然侮辱,,https://judgment.judicial.gov.tw/FJUD/data.aspx?ty=JD&id=PCDM%2c89%2c%e6%98%93%2c3307%2c20000929&ot=in
臺灣屏東地方法院 89 年度 易 字第 1031 號刑事判決,89.09.29,妨害名譽,,,,,,未明確提取,,無罪,,https://judgment.judicial.gov.tw/FJUD/data.aspx?ty=JD&id=PTDM%2c89%2c%e6%98%93%2c1031%2c20000929&ot=in
臺灣臺中地方法院 88 年度 中簡上 字第 129 號刑事判決,89.09.29,妨害名譽,,,,,,"鵬遠環境工程股份有限公司，茲向洪大華借款新
          臺幣壹仟萬元整，開立支票發票人鵬遠環境工程股份有限公司，帳號○一
          五─○三一─○○三六○─四，付款行泛亞銀行南屯分行，支票號碼ＰＡ
          0000000、ＰＡ0000000、ＰＡ0000000、ＰＡ00
          00000、ＰＡ0000000、ＰＡ0000000、ＰＡ0000
          000、ＰＡ0000000、ＰＡ0000000、ＰＡ000000
          0共拾張，每張面額新臺幣壹佰萬元整，授權甲○○處理一切借貸事宜，
          恐說無憑，特立此據。 | 鵬遠環境工程
          股份有限公司 | 丙○○ | ．．．與本公司下游包商有嚴重舞弊情節（如附件）．．．已移送司
    法機關偵辦中．．．自即日起著予開除","應依證據認定之，無證據不得推定其犯罪事實，刑事訴訟法第一百五
    十四條定有明文。而刑事訴訟法上所謂認定犯罪事實之證據，係指足以認定被告
    確有犯罪行為之積極證據而言，該項證據自須適合於被告犯罪事實之認定，始得
    採為斷罪資料；又認定犯罪事實所憑之證據，無論係直接證據或間接證據，其為
    訴訟上之證明，須於通常一般之人均不致有所懷疑，而得確信其為真實之程度者
    ，始得據為有罪之認定，倘其證明尚未達到此一程度，而有合理之懷疑存在，復
    無其他調查途徑可尋，法院即應為無罪之判決（最高法院二十九年上字第三一０
    五號、七十六年台上字第四九八六號判例意旨參照）。次...",無罪,,https://judgment.judicial.gov.tw/FJUD/data.aspx?ty=JD&id=TCDM%2c88%2c%e4%b8%ad%e7%b0%a1%e4%b8%8a%2c129%2c20000929&ot=in
臺灣高等法院 89 年度 上易 字第 3933 號刑事判決,89.09.28,妨害名譽,,,,,,"人民有言論、講學
    、著作及出版之自由 | 事實 | 評論 | 評論","應依證據認定之，無證據不得推定其犯罪事實。又不能證明被告犯罪
    者，應諭知無罪之判決，刑事訴訟法第一百五十四條、第三百零一條第一項分別
    定有明文。又事實之認定，應憑證據，如未能發現相當證據，或證據不足以證明
    ，自不能以推測或擬制之方法，為裁判基礎（最高法院四十年台上字第八六號判
    例參照）；
四、人為理性動物，對於周圍遭人、事、物，常有意見，且好表現意見於外，以聽取
    他人之觀感，或期有益於人類社會；人民言論、講學、著作、出版之表現自由如
    被壓制，除背於人之本性外，並有礙社會之進步，有鑑於此，各國憲法對人民言
    論之表現自由，莫不加以保護，我國憲...",誹謗,,https://judgment.judicial.gov.tw/FJUD/data.aspx?ty=JD&id=TPHM%2c89%2c%e4%b8%8a%e6%98%93%2c3933%2c20000928%2c1&ot=in
臺灣高雄地方法院 89 年度 自 字第 335 號刑事判決,89.09.27,妨害名譽,,,,,,"協正興鐵工廠 | 幹你娘
    ，你娘雞巴","一、丙○○（教育程度為小學畢業）係乙○○所經營「協正興鐵工廠」（設於高雄市
    ○鎮區○○○路一一之一號）之員工，負責車床之工作。於民國八十九年四月二
    十八日上午九時三十分許，因乙○○指正丙○○車床工作上之問題，丙○○竟心
    生不滿，基於公然侮辱犯意，自前址工廠門口至工廠辦公室之沿路上，於李瑞郎
    、吳鎂鍠等其他多數員工得共見共聞之情況下，以足以貶低人格尊嚴之「幹你娘
    ，你娘雞巴」（台語發音）等詞語大聲辱罵乙○○多次，致乙○○深覺尊嚴受辱
    。
二、案經乙○○向甲○提起自訴。",公然侮辱,,https://judgment.judicial.gov.tw/FJUD/data.aspx?ty=JD&id=KSDM%2c89%2c%e8%87%aa%2c335%2c20000927&ot=in
臺灣高雄地方法院 89 年度 附民 字第 426 號刑事判決,89.09.27,妨害名譽,,,,,,協正興鐵工廠 | 幹你娘，你娘雞巴 | 幹你娘，你娘雞巴 | 幹你娘，你娘雞巴,"甲、原告方面：
一、聲明：
（一）被告應給付原告新台幣（下同）三十萬元，及自起訴狀繕本送達之翌日起至清
      償日止，按年息百分之五計算之利息。
（二）願供擔保，請准宣告假執行。
二、陳述：
    被告係原告所經營「協正興鐵工廠」（設於高雄市○鎮區○○○路一一之一號）
    之員工，於民國八十九年四月二十八日上午九時三十分許，因遭原告指正其工作
    上問題，竟心生不滿，基於公然侮辱犯意，自前址工廠門口至工廠辦公室之沿路
    上，於李瑞郎、吳鎂鍠等其他多數員工得共見共聞之情況下，以足以貶低人格尊
    嚴之「幹你娘，你娘雞巴」（台語發音）等詞語大聲辱罵原告多次，致原告之名
 ...",公然侮辱,,https://judgment.judicial.gov.tw/FJUD/data.aspx?ty=JD&id=KSDM%2c89%2c%e9%99%84%e6%b0%91%2c426%2c20000927&ot=in
臺灣高等法院 89 年度 上易 字第 3074 號刑事判決,89.09.26,妨害名譽,,,,,,未明確提取,及,公然侮辱,,https://judgment.judicial.gov.tw/FJUD/data.aspx?ty=JD&id=TPHM%2c89%2c%e4%b8%8a%e6%98%93%2c3074%2c20000926&ot=in
臺灣高等法院 臺中分院 89 年度 上易 字第 2587 號刑事判決,89.09.25,妨害名譽,,,,,,未明確提取,及,加重誹謗,,https://judgment.judicial.gov.tw/FJUD/data.aspx?ty=JD&id=TCHM%2c89%2c%e4%b8%8a%e6%98%93%2c2587%2c20000925%2c1&ot=in
臺灣臺中地方法院 89 年度 易 字第 2332 號刑事判決,89.09.25,妨害名譽,,,,,,"丁○○侵占福山
    宮買賣土地款項三百萬元","一、戊○○係台中縣大甲鎮中山里里民，其為求里民能連署罷免該里里長丁○○，在
    未積極求證台中縣大甲鎮福山宮土地買賣價款新台幣（下同）三百萬元之確實去
    處之下，竟意圖散布於眾，並基於概括之犯意，自民國八十九年四月初起至同年
    五月初止，連續在台中縣大甲鎮福山宮等地，對台中縣大甲鎮鎮民顏榮燦、甲○
    ○、陳秀男、謝壬癸、丙○○、陳振原、乙○○等多數人指摘「丁○○侵占福山
    宮買賣土地款項三百萬元」等貶損丁○○之不實內容，足以毀損丁○○之名譽。
二、案經丁○○訴請台灣台中地方法院檢察署檢察官偵查起訴。",加重誹謗,,https://judgment.judicial.gov.tw/FJUD/data.aspx?ty=JD&id=TCDM%2c89%2c%e6%98%93%2c2332%2c20000925&ot=in
臺灣花蓮地方法院 89 年度 易 字第 640 號刑事判決,89.09.20,妨害名譽,,,,,,未明確提取,,本件公訴不受理。,,https://judgment.judicial.gov.tw/FJUD/data.aspx?ty=JD&id=HLDM%2c89%2c%e6%98%93%2c640%2c20000920&ot=in
臺灣宜蘭地方法院 89 年度 易 字第 320 號刑事判決,89.09.20,妨害名譽,,,,,,不會好死，會從下一代死上來，死一堆，會成為老孤單,"一、丙○○○因懷疑其鄰居乙○○、甲○○及戊○○三人檢舉其搭蓋違建，心生不滿
    ，竟於八十八年九月十八日許，公然在街坊鄰居得共聞共見之住處附近，以台語
    「不會好死，會從下一代死上來，死一堆，會成為老孤單」等足使人受辱之言詞
    辱罵乙○○等三人，致使其三人名譽受損。
二、案經乙○○、甲○○告訴臺灣宜蘭地方法院檢察署檢察官偵查起訴。",公然侮辱,,https://judgment.judicial.gov.tw/FJUD/data.aspx?ty=JD&id=ILDM%2c89%2c%e6%98%93%2c320%2c20000920&ot=in
臺灣高等法院 89 年度 上易 字第 2266 號刑事判決,89.09.19,妨害名譽,,,,,,"善意 | 課務組組長長期都由甲○○老師擔任，有的課排的好，有的課排得不好，有
      人說差別就看有沒有送禮 | （問：提示被告發言單見過否？）答：不只
      這些資料，也不是卷內的這張資料 | （問：有何差別？答：）大致都是寫
      這些事情，但我看到的那張內容較多 | （問：他有無照那單子發言？答：
      ）他確定有拿著單子講，發言的內容為發言單之內容，且用質詢之語氣詢問江
      老師 | （問：當時有一句話『課排好不好，就看有沒有送禮 | 乙○
      ○老師未交給我發言單，是我現場記錄的，未錄音，記完回去整理完再用電腦
      打、「當時林是有拿單子唸，是否照單子唸不知 | （記錄）不可能逐句，
      盡量完整 | 議題 | 議題 | 議題 | 請課務組長勿再以『電腦排課 | 課務組組
      長長期都由甲○○老師擔任，有的課排的好，有的課排得不好，有人說差別就
      看有沒有送禮 | 收禮 | （問：乙○○是否提及告訴人排課不公，有收禮之
      習性？答：）大致上是這樣 | （問：被告的發言是肯定的或否定的？有無
      讓告訴人回答？答：）被告說『聽說 | 他有用『聽說 | 伊是校務代表，又為共同科教師 | 此會係由伊要求召開，會議目的是處理共同科有關排課、監考等事項 | 被告提及有證人，但證人不願意出來 | 召開
      共同會議時約有三、四十人在場，應傳訊其他與會者查證 | 收禮","應依證據認定之，無證據不得推定其犯罪事實。又不能證明被告犯罪
    者，應諭知無罪之判決，刑事訴訟法第一百五十四條、第三百零一條第一項分別
    定有明文。次按事實之認定應憑證據，如未能發現相當證據，或證據不足以證明
    自不能以推測或擬制之方法，為裁判基礎（最高法院四十年臺上字第八六號判例
    參照）。又告訴人之告訴，本以使被告受刑事訴追為目的，故其陳述是否與事實
    相符，自應調查其他證據，以資審認，苟其所為攻擊之詞，尚有瑕疵，則在此瑕
    疵未予究明以前，即不能遽採為斷罪之基礎（最高法院六十九年臺上字第一五三
    一號判例參照）。另按認定犯罪事實，所憑之證據，雖不...",誹謗,,https://judgment.judicial.gov.tw/FJUD/data.aspx?ty=JD&id=TPHM%2c89%2c%e4%b8%8a%e6%98%93%2c2266%2c20000919%2c1&ot=in
臺灣臺北地方法院 89 年度 易 字第 50 號刑事判決,89.09.19,妨害名譽,,,,,,未明確提取,,無罪,,https://judgment.judicial.gov.tw/FJUD/data.aspx?ty=JD&id=TPDM%2c89%2c%e6%98%93%2c50%2c20000919%2c1&ot=in
臺灣臺北地方法院 89 年度 附民 字第 236 號刑事判決,89.09.18,因妨害名譽案附帶民訴,,,,,,未明確提取,"甲、原告部分：
壹、聲明：
（一）被告應連帶給付原告新台幣一百萬元，及自起訴狀繕本送達被告翌日起至清償
      日止，按年息百分之五計算之利息。
（二）願供擔保，請准宣告假執行。
貳、陳述：
    如附件所示。
乙、被告部分：
    被告未為任何聲明或陳述，亦未提出任何書狀。",原告之訴及假執行之聲請均駁回。,,https://judgment.judicial.gov.tw/FJUD/data.aspx?ty=JD&id=TPDM%2c89%2c%e9%99%84%e6%b0%91%2c236%2c20000918&ot=in
臺灣新竹地方法院 89 年度 竹簡 字第 517 號刑事判決,89.09.18,妨害名譽,,,,,,未明確提取,及,誹謗,,https://judgment.judicial.gov.tw/FJUD/data.aspx?ty=JD&id=SCDM%2c89%2c%e7%ab%b9%e7%b0%a1%2c517%2c20000918&ot=in
臺灣臺北地方法院 89 年度 易 字第 729 號刑事判決,89.09.18,妨害名譽,,,,,,未明確提取,"應依證據認定之，無證據不得推定其犯罪事實。又不能證明被告犯罪
    者，應諭知無罪之判決，刑事訴訟法第一百五十四條、第三百零一條第一項分別
    定有明文。而刑法第三百十條前段以對誹謗之事，能證明其為真實者不罰，係針
    對言論內容與事實相符者之保障，並藉以限定刑罰權之範圍，非謂指摘或傳述誹
    謗事項之行為人，必須自行證明其言論內容確屬真實，始能免於刑責。惟行為人
    雖不能證明言論內容為真實，但依其所提證據資料，認為行為人有相當",無罪,,https://judgment.judicial.gov.tw/FJUD/data.aspx?ty=JD&id=TPDM%2c89%2c%e6%98%93%2c729%2c20000918%2c1&ot=in
臺灣臺北地方法院 89 年度 易 字第 729 號刑事判決,89.09.18,妨害名譽,,,,,,未明確提取,"應依證據認定之，無證據不得推定其犯罪事實。又不能證明被告犯罪
    者，應諭知無罪之判決，刑事訴訟法第一百五十四條、第三百零一條第一項分別
    定有明文。而刑法第三百十條前段以對誹謗之事，能證明其為真實者不罰，係針
    對言論內容與事實相符者之保障，並藉以限定刑罰權之範圍，非謂指摘或傳述誹
    謗事項之行為人，必須自行證明其言論內容確屬真實，始能免於刑責。惟行為人
    雖不能證明言論內容為真實，但依其所提證據資料，認為行為人有相當",無罪,,https://judgment.judicial.gov.tw/FJUD/data.aspx?ty=JD&id=TPDM%2c89%2c%e6%98%93%2c729%2c20000918&ot=in
臺灣嘉義地方法院 89 年度 簡 字第 398 號刑事判決,89.09.16,妨害名譽,,,,,,未明確提取,及,公然侮辱,,https://judgment.judicial.gov.tw/FJUD/data.aspx?ty=JD&id=CYDM%2c89%2c%e7%b0%a1%2c398%2c20000916&ot=in
臺灣屏東地方法院 89 年度 易 字第 1054 號刑事判決,89.09.15,妨害名譽,,,,,,性生活糜爛 | 拿人錢財 | 與人同居 | 濫交男人,"一、乙○○前因竊盜案件，經本院於民國八十八年一月二十四日判處有期徒刑六月，
    緩刑三年確定，不知警惕，復與甲○○因感情不睦而離婚，嗣於八十九年三月間
    ，在本院公開審理八十八年度家訴字第六號給付扶養費事件時，乙○○在法院言
    詞辯論程序進行中，公然以甲○○「性生活糜爛」、「拿人錢財」、「與人同居
    」、「濫交男人」等語句，侮辱甲○○。
二、案經甲○○訴由台灣屏東地方法院檢察署檢察官偵查起訴。",公然侮辱,,https://judgment.judicial.gov.tw/FJUD/data.aspx?ty=JD&id=PTDM%2c89%2c%e6%98%93%2c1054%2c20000915&ot=in
臺灣高等法院 臺中分院 89 年度 附民 字第 326 號刑事判決,89.09.14,妨害名譽,,,,,,未明確提取,"一、原告訴之聲明及陳述略如刑事附帶民事訴訟起訴狀所載（如附件）。
二、被告未為任何聲明或陳述。",原告之訴及假執行之聲請均駁回。,,https://judgment.judicial.gov.tw/FJUD/data.aspx?ty=JD&id=TCHM%2c89%2c%e9%99%84%e6%b0%91%2c326%2c20000914&ot=in
臺灣高等法院 89 年度 上易 字第 2470 號刑事判決,89.09.14,妨害名譽等,,,,,,"．．．（呂萬春）祭祀公業每年冬至發放會錢．．．，民國八十七年冬
    至發會錢時，．．．發錢之事由乙○○代理。甲○○之會錢新臺幣一百八十七萬
    元及呂傳鏘的五十萬元被乙○○吞沒。民國八十七年十月二十三日土城市公所公
    告甲○○等四人為補列派下員。乙○○假『相告 | 相告 | 中華電信會計處科長
    乙○○利用職權侵占公款","一、甲○○已有傷害、妨害公務等前科紀錄，又因犯妨害自由罪，經本院於民國八十
    六年間，判處有期徒刑五月確定，現在監執行中（以上均不構成累犯）。其因不
    滿祭祀公業呂萬春就派下權之處理方式，未將其列為派下員，認為該祭祀公業管
    理人呂新發之子乙○○涉嫌侵占其應得領取之祭典金新臺幣（下同）一百八十七
    萬元，竟基於概括之犯意，意圖散布於眾，於八十八年四月三日及同年月八日，
    在臺北縣永和市○○街○○○巷○弄○號二樓其住處，先後撰寫三封信函，內容
    略以：「．．．（呂萬春）祭祀公業每年冬至發放會錢．．．，民國八十七年冬
    至發會錢時，．．．發錢之事由乙○○代...",誹謗,,https://judgment.judicial.gov.tw/FJUD/data.aspx?ty=JD&id=TPHM%2c89%2c%e4%b8%8a%e6%98%93%2c2470%2c20000914%2c1&ot=in
臺灣高等法院 89 年度 上易 字第 3728 號刑事判決,89.09.13,妨害名譽,,,,,,"惡意倒會 | 具狀 | 可信度 | 星報 | 星報 | 被判惡意倒會甲○○喊冤 | 內
      情牽扯複雜，暫不作回應，靜待司法審理","，謊稱自訴人避不見面，經由媒體大幅引述被告的
      談話，已造成客觀之第三人對自訴人有「惡意倒會」之印象，尤以自訴人身為
      演藝界知名人士，對於其社會地位、誠信評價及演藝事業之生涯、形象均有重
      大影響，自是嚴重詆毀自訴人名譽。核被告所為，已該當刑法誹謗罪責。
（二）被告辯稱其係與辦公室同事即案外人李美玲合為一會加入自訴人之互助會云云
      。惟李美玲於請求自訴人給付會款之另案民事訴訟中已再三否認，於上開民事
      案即八十九年年度簡上字第一六八號答辯（一）狀中陳稱自己係參加一會，而
      非半會，此有原審開庭錄音帶為證。
（三）被告並未在自訴人與李...",誹謗,,https://judgment.judicial.gov.tw/FJUD/data.aspx?ty=JD&id=TPHM%2c89%2c%e4%b8%8a%e6%98%93%2c3728%2c20000913%2c1&ot=in
福建金門地方法院 89 年度 簡上 字第 6 號刑事判決,89.09.13,妨害名譽,,,,,,未明確提取,及,上訴駁回。,,https://judgment.judicial.gov.tw/FJUD/data.aspx?ty=JD&id=KMDM%2c89%2c%e7%b0%a1%e4%b8%8a%2c6%2c20000913&ot=in
臺灣屏東地方法院 89 年度 易 字第 933 號刑事判決,89.09.13,妨害名譽等,,,,,,"垃圾 | 我已經盯
    上你了，你要小心一點","一、緣丙○○與案外人即其姪女乙○○為家產問題發生爭訟，於民國（下同）八十九
    年四月十二日上午十時三十分許，本院民事執行處依丙○○之聲請，前往屏東縣
    ○○鄉○○村○○路○號勘查乙○○之住屋，乙○○即請甲○○前來現場協助處
    理，丙○○見甲○○協助乙○○，心生不快，即公然指著垃圾筒，對甲○○以「
    垃圾」一語辱罵甲○○。同時，丙○○之子丁○○並對甲○○告以：「我已經盯
    上你了，你要小心一點」等言詞，以此加害生命、身體之事，恐嚇甲○○，使甲
    ○○心生畏懼，致生危害於甲○○之安全。
二、案經甲○○訴請屏東縣警察局枋寮分局報請及訴由臺灣屏東地方法院檢察署檢察
...",公然侮辱,,https://judgment.judicial.gov.tw/FJUD/data.aspx?ty=JD&id=PTDM%2c89%2c%e6%98%93%2c933%2c20000913&ot=in
福建金門地方法院 89 年度 易 字第 31 號刑事判決,89.09.13,妨害名譽,,,,,,"乙○○為期壟斷地區媒體，坊間盛傳他（指乙○
    ○）投資名城有線電視新台幣（下同）兩千萬元，而以他每個月月薪十四萬元，
    究竟錢從哪裡來？顯示財路不明，有欺騙民眾之嫌 | 問：（八十七年十二月五日
         金門晚報第一版是否你報導？消息來源？）答：是的，是甲○○於八十七
         年十二月四下午四、五點在金門地方法院檢察署他要控告乙○○而向媒體
         所說的，報導中所稱月薪十四餘萬是指立委的薪資，月薪只有十四萬元，
         那來二千萬元可投資。問：（記憶中甲○○確實有說乙○○坊間傳聞投資
         名城二千萬未申報，違反公務員財產申報法？）答：確實甲○○有說這些
         話，我是據實報導，且他是以質疑的口氣說的，以達選舉造勢 | 沒有印象或沒有聽到 | 我認為有線電視台總經理
         起碼要有幾千萬元投資，所以質疑陳清煌經濟能力，至於記者要如此推論
         ，我也沒辦法 | 當初我所說是懷疑名城有線電視把金門縣選舉委
         員會以公帑買的時段，提供特定候選人乙○○播放個人政見發表會的錄影
         帶，依推斷應係乙○○的胞弟陳清煌身居該公司總經理要職，倘無一定投
         資，應不可能擔任要職，且無從挪用公帑所購買時段，以為自己胞兄競選
         用，我是說依有線電視法規定資本額要二億，總經理倘無一定金額投資，
         應無可能任居要職，若要我提供證據，因財產都是保密，我無從調起，請
         檢察官去調取","一、甲○○係第四屆立法委員新黨全國不分區代表，而乙○○為福建省金門縣第四屆
    立法委員選舉之候選人之一，因選情激烈，詎甲○○於民國（下同）八十七年十
    二月四日即選舉投票前一日下午四時許，親往福建金門地方法院檢察署檢舉名城
    有線電視（屬名城事業股份有限公司）負責人及金門縣選舉委員會涉嫌背信，於
    檢察署受理完成後，甫步出檢察署大門口，而逢多名記者在場採訪之際，竟基於
    意圖散布於眾之犯意，當眾以「乙○○為期壟斷地區媒體，坊間盛傳他（指乙○
    ○）投資名城有線電視新台幣（下同）兩千萬元，而以他每個月月薪十四萬元，
    究竟錢從哪裡來？顯示財路不明，有欺騙...",誹謗,,https://judgment.judicial.gov.tw/FJUD/data.aspx?ty=JD&id=KMDM%2c89%2c%e6%98%93%2c31%2c20000913&ot=in
臺灣高等法院 89 年度 上易 字第 2644 號刑事判決,89.09.11,妨害名譽,,,,,,"常仁 | 八里建港填海造路，黑白來，廢土場變聚寶盒 | 八里建
    港，惡霸地主暴力勒索，包商人人自危 | 賺錢
    優先","一、丙○○係獨家報導週刊社之文字記者，於民國八十五年間以「常仁」之筆名，負
    責獨家報導週刊中有關黑道治鄉內幕追蹤系列報導之撰稿，其身為中華民國記者
    ，當明知撰寫報導內容時，應遵守中國新聞記者信條之規範，對於其所發表之新
    聞內容，均應事先詳查確實，不得未經查證即予報導，乃竟於台北縣八里鄉聽聞
    不詳人士表示八里鄉淡水河口國際商港興建工程中，有黑道人士及該鄉鄉長乙○
    參與廢土填海工程之瓜分，並曾發生持槍警告，及鄉長之弟甲○○在一次糾紛中
    遭黑道份子打得頭破血流等糾紛之不實消息時，未經向相關工程主管單位、警察
    機關、張恆及其他相關人士查證，竟意圖...",加重誹謗,,https://judgment.judicial.gov.tw/FJUD/data.aspx?ty=JD&id=TPHM%2c89%2c%e4%b8%8a%e6%98%93%2c2644%2c20000911&ot=in
臺灣臺北地方法院 89 年度 簡 字第 740 號刑事判決,89.09.02,妨害名譽,,,,,,未明確提取,及,公然侮辱,,https://judgment.judicial.gov.tw/FJUD/data.aspx?ty=JD&id=TPDM%2c89%2c%e7%b0%a1%2c740%2c20000902%2c1&ot=in
臺灣臺北地方法院 89 年度 簡 字第 740 號刑事判決,89.09.02,妨害名譽,,,,,,未明確提取,及,公然侮辱,,https://judgment.judicial.gov.tw/FJUD/data.aspx?ty=JD&id=TPDM%2c89%2c%e7%b0%a1%2c740%2c20000902&ot=in
臺灣臺北地方法院 88 年度 附民 字第 630 號刑事裁定,89.09.01,因妨害名譽案附帶民訴,,,,,,未明確提取,,,,https://judgment.judicial.gov.tw/FJUD/data.aspx?ty=JD&id=TPDM%2c88%2c%e9%99%84%e6%b0%91%2c630%2c20000901&ot=in
臺灣臺南地方法院 89 年度 南簡上 字第 157 號刑事判決,89.09.01,妨害名譽,,,,,,"號外！各位左鄰右舍，西門路三段五一號─
    綠的水果店─林太太（阿玉），是位專門討客兄的老女人，你們大家認識嗎？她
    討客兄可說是掛牌的呢！一天沒見到客兄就要死不活的，唯恐你們大家不知道，
    還覺得很光榮！光明正大！爛貨！討客兄婆！妳是每天７８９、７８９、７８９
    ！真是可憐悲哀呀！～仰慕者～（北港香爐眾人插）小心報應","一、乙○○意圖散布於眾，於民國八十九年五月一日凌晨四時許，在台南市○○路○
    段○○號處附近，接續張貼內容為「號外！各位左鄰右舍，西門路三段五一號─
    綠的水果店─林太太（阿玉），是位專門討客兄的老女人，你們大家認識嗎？她
    討客兄可說是掛牌的呢！一天沒見到客兄就要死不活的，唯恐你們大家不知道，
    還覺得很光榮！光明正大！爛貨！討客兄婆！妳是每天７８９、７８９、７８９
    ！真是可憐悲哀呀！～仰慕者～（北港香爐眾人插）小心報應」的文字約十紙，
    而指摘足以毀損甲○○○名譽之事。
二、案經甲○○○訴請台灣台南地方法院檢察署檢察官偵查起訴。",誹謗,,https://judgment.judicial.gov.tw/FJUD/data.aspx?ty=JD&id=TNDM%2c89%2c%e5%8d%97%e7%b0%a1%e4%b8%8a%2c157%2c20000901%2c1&ot=in
臺灣臺北地方法院 88 年度 易 字第 1949 號刑事判決,89.09.01,妨害名譽,,,,,,"胡金銓猝死榮總名醫刀下，甲○○被指過失致死 | 升任副院長的同時，前院長彭芳谷也把台北榮總藥事管理委員會交給甲○○
    負責，由他擔任主任委員。榮總藥事管理委員會負責對外藥品與器材的採購，每
    年經手經費十分龐大，外傳藥商想將藥品送進榮總，每一單項需要台幣三百萬元
    的『買路錢 | 民國八
    十三年間誤打空氣進病患冠狀動脈致使死亡事件，以及去年十一月間，把氣球導
    管弄斷在一名藍姓病患血管內事件，這幾個失敗個案都是甲○○參與的案例。","一、乙○○係獨家報導記者，於民國八十六年一月二十六日出刊之第四四二期雜誌第
    五十頁至第五十一頁，標題為「胡金銓猝死榮總名醫刀下，甲○○被指過失致死
    」一文中，明知其內所載之部分消息未經合理查證，竟意圖散布於眾，於其上登
    載「升任副院長的同時，前院長彭芳谷也把台北榮總藥事管理委員會交給甲○○
    負責，由他擔任主任委員。榮總藥事管理委員會負責對外藥品與器材的採購，每
    年經手經費十分龐大，外傳藥商想將藥品送進榮總，每一單項需要台幣三百萬元
    的『買路錢』，因此是人人爭食的大餅，不過甲○○只擔任了半年的主委，去年
    七月彭芳谷下台後，甲○○的主委一職也...",誹謗,,https://judgment.judicial.gov.tw/FJUD/data.aspx?ty=JD&id=TPDM%2c88%2c%e6%98%93%2c1949%2c20000901&ot=in
臺灣高等法院 89 年度 上易 字第 3699 號刑事裁定,89.08.31,妨害名譽,,,,,,未明確提取,,,,https://judgment.judicial.gov.tw/FJUD/data.aspx?ty=JD&id=TPHM%2c89%2c%e4%b8%8a%e6%98%93%2c3699%2c20000831&ot=in
臺灣高等法院 89 年度 上易 字第 3699 號刑事判決,89.08.31,妨害名譽,,,,,,"難道不怕遭到報應嗎？ | 你會遭報應、天譴、會不得好死 | 會報應到你子女身上 | 難道不怕遭到報應嗎？ | 郭慧芳當天很生氣的說：王
      湘蘭不得好死，會遭天譴，會報應到子女身上。當時王湘蘭與郭慧芳二人在辦
      公室內，我是在大廳聽到的。 | 公然","應依證據認定之，無證據不得推定其犯罪事實，又不能證明被告犯罪
    者，應諭知無罪之判決，刑事訴訟法第一百五十四條、第三百零一條第一項分別
    定有明文。次按刑法第三百零九條所謂之侮辱，係謂不指摘具體事實，以使人難
    堪為目的，而以言語、文字、圖畫或動作，表示不屑、輕蔑或攻擊之意思，足以
    對於個人在社會上所保持之人格及地位達貶損其評價之程度，是若僅係出於怨懟
    氣憤之詞，應欠缺侮辱之犯罪故意。末按刑法第三百十條第一項之誹謗罪，須行
    為人知其所指出摘發或傳播轉述之具體事項，足以貶損他人名譽者，而仍意圖將
    該具體事實傳播於不特定之人或多數人，使大眾知悉其內...",公然侮辱,,https://judgment.judicial.gov.tw/FJUD/data.aspx?ty=JD&id=TPHM%2c89%2c%e4%b8%8a%e6%98%93%2c3699%2c20000831%2c2&ot=in
臺灣高等法院 花蓮分院 89 年度 上易 字第 207 號刑事判決,89.08.31,妨害名譽,,,,,,貪官污吏 | 難保將來不胡搞 | ．．．．難保不胡搞 | 難保不胡搞,"。況本件文宣所繪之烏紗帽，並未以文字表明甲○○有何「貪官污吏」之
    詞，上開事實，業經被告在偵訊供述綦詳( 見五二號偵卷二十二頁倒數第二行至
    廿三頁背面 )。該文宣上「難保將來不胡搞」之字樣，係緊接上文而來，意指告
    訴人前亦係國民黨之黨員，嗣其違紀參選，己有違誠信，則將來自難保證其有遵
    守誠信之作為，其性質僅為質疑而已；另文宣上之漫畫亦僅為宣傳之一種手段，
    提醒選民要慎選縣長，並未指明告訴人於日後當選縣長係屬貪官污吏之徒。本件
    依卷附告訴人所提出之前開文宣觀之，其上固有記載告訴人指訴之前揭各項字眼
    與漫畫，其中所用之「．．．．難保不胡搞」等...",公然侮辱,,https://judgment.judicial.gov.tw/FJUD/data.aspx?ty=JD&id=HLHM%2c89%2c%e4%b8%8a%e6%98%93%2c207%2c20000831&ot=in
臺灣臺北地方法院 89 年度 簡 字第 469 號刑事判決,89.08.31,妨害名譽,,,,,,未明確提取,及,誹謗,,https://judgment.judicial.gov.tw/FJUD/data.aspx?ty=JD&id=TPDM%2c89%2c%e7%b0%a1%2c469%2c20000831&ot=in
臺灣臺北地方法院 89 年度 簡 字第 469 號刑事判決,89.08.31,妨害名譽,,,,,,未明確提取,及,誹謗,,https://judgment.judicial.gov.tw/FJUD/data.aspx?ty=JD&id=TPDM%2c89%2c%e7%b0%a1%2c469%2c20000831%2c1&ot=in
